v1_path,v1_loc,v1_kind,v1_tests,v2_path,v2_loc,parity,v2_test,evidence,notes,workstream
.v1/check.py,74,code,,check.py,114,PARTIAL,,"v1 responsibility is the GATE RUNNER, quoted from .v1/check.py: :19 TEST_SUITES = (""defs/tests"", *sorted(str(path) for path in Path(""phases"").glob(""*/tests""))) driving one isolated pytest subprocess per suite; :25 run(label, cmd) = subprocess.run wrapper that sys.exit()s the first failing step returncode; :32 run_scanners() importing `from defs.runtime.checks import run_all`; :41 main() with --fix/--scan. v2 holds the same responsibility at check.py: :19 run_cmd, :26 run_scanners (`from edgar_sec.foundation.checks import run_all`), :35 main() with a --fix/--fast/--scan/--test mode group. NO v2 TEST EXERCISES IT: `grep -rln ""subprocess|ruff|--scan|--fast|run_cmd|foundation.checks|run_all|TEST_SUITES|import check"" tests/ --include=*.py` -> 0 files. edgar_sec/foundation/checks.py:12 run_all() is untested too: tests/foundation/scanners/test_scanners.py:14 imports only `from edgar_sec.foundation.scanners import clean_exit, environment, layers, paths` + secrets and calls scan_*() on a synthetic tmp tree -- it pins the scanner step the gate drives, not the runner, and it is the correct cover for a .v1/defs/runtime/scanners/*.py row, not for this one.","VERDICT CHANGED FROM PORTED_DIVERGED. The divergence is real and documented (v1's per-suite pytest isolation loop becomes a single `pytest tests` because v2 has one test package tree; v2 adds --fast/--test; ruff target narrows from ""."" to target_paths = [""edgar_sec"", ""check.py"", ""run.py"", ""tests""] at check.py:65-67), but PORTED/PORTED_DIVERGED both require a named v2 test that exercises the responsibility, and none exists anywhere in the v2 tree. v2_test is deliberately EMPTY rather than pointing at test_scanners.py, which is topical adjacency, not coverage. PARTIAL (not NOT_STARTED) because the v2 module does carry the v1 responsibility; the named missing part is the test of the gate runner: no test asserts step ordering, the first-failure exit propagation, the --scan/--fix/--fast/--test mode branches, or the registry delegation. v1_tests is also EMPTY, which is a finding rather than a neutral: nothing in v1 tested the root gate either. .v1/defs/tests/test_checks.py is NOT this file's test -- its :13-14 `from defs.runtime import checks` / `from defs.runtime.checks import Scanner, ScannerFinding` plus 15 scanner imports target the registry module and the individual scanners (W7 scope), and a repo-wide grep for tests loading the root check.py returns only test_runtime_registry.py's `_load_root_launcher`, which loads run.py. The gate is untested in both trees.",W10
.v1/defs/__init__.py,21,code,,edgar_sec/__init__.py,3,DROPPED,,"v1 :3-11 `from defs.sec_http import (HttpMetrics, PermanentHttpError, RateLimiter, ResponseTooLargeError, RetryExhausted, RetryPolicy, SecHttpClient)` plus an explicit __all__ (:13-21) -- a barrel re-export. roadmap/refactor_v2/v2_refactor_roadmap.md:1035 ""**No barrel re-exports.** `__init__.py` files carry a docstring and `__version__`, nothing more; consumers import from the leaf module."" v2 edgar_sec/__init__.py is 3 lines: a docstring plus `__version__ = ""2.0.0""`, exactly the mandated shape.","DROPPED on a DOCUMENTED decision, not on absence: the same rule is normative in the repo contract (AGENTS.md section 1.2 item 2, ""No Barrel Re-exports in `__init__.py"") and the conforming successor is on disk. The re-exported surface was already dead in v1: `grep -rn ""from defs import"" .v1/ --include=*.py` returns only submodule imports (`from defs import sec_http` in seven phase-01 test modules, `from defs import tables as defs_tables` at defs/text/reflow/tools/analysis_inventory.py:12) -- no caller and no v1 test imports any of the 7 names, which is why v1_tests is empty. DROPPED rather than PARTIAL because all 7 symbols survive in v2 at their leaf modules (edgar_sec/infra/sec_http/{client,rate_limit,retry,metrics,errors}.py) and are individually tested there; what was removed on purpose is the package-level re-export surface, which is this file's whole responsibility. This is the distinction that separates this row and .v1/phases/__init__.py from the 15 scratch rows: here a document states the decision and the replacement exists.",W10
.v1/defs/entities/__init__.py,23,code,.v1/defs/tests/test_entities.py,edgar_sec/domain/taxonomy/__init__.py,1,DROPPED,,"AGENTS.md sec.1 rule 2: ""No Barrel Re-exports in `__init__.py` ... Consumers must import directly from the leaf module""; v2 taxonomy/__init__.py is a 1-line docstring with no re-exports; roadmap/refactor_v2/phase_2.md:229 records that v1's ""from defs.entities import LEGAL_FORMS, STATE_POSTAL_CODES"" absolute import ""disappears entirely in v2""",The barrel re-export itself is deliberately removed; the 8 symbols it re-exported live in domain/taxonomy/jurisdictions.py and legal_forms.py (see the lexicon.py row).,W7
.v1/defs/entities/lexicon.py,231,code,.v1/defs/tests/test_entities.py,edgar_sec/domain/taxonomy/jurisdictions.py,162,PORTED,tests/domain/taxonomy/test_taxonomy.py,"roadmap/refactor_v2/phase_2.md:219 mapping row ""| `defs/entities/lexicon.py` (`STATE_POSTAL_CODES:11`, `LEGAL_FORMS:129`) | `domain/taxonomy/legal_forms.py`, `jurisdictions.py` | 1 | M5 |""; v2 `def strip_jurisdiction` at jurisdictions.py:146, `def clean_entity_name` at :151, `JURISDICTION_RE` at :140","Split across two v2 modules by design: STATE_POSTAL_CODES/STATE_NAMES/JURISDICTION_RE/strip_jurisdiction/clean_entity_name -> jurisdictions.py; LEGAL_FORMS/NAME_STOPWORDS/entity_name_tokens -> legal_forms.py (entity_name_tokens at legal_forms.py:89). Both halves are exercised by the single named test (test_taxonomy.py:67, :91, :136, :140).",W7
.v1/defs/filing_identity.py,219,code,.v1/defs/tests/test_filing_identity.py;.v1/phases/025_webpage_storage/tests/test_fetcher.py,edgar_sec/engine/submissions/helpers.py,148,PARTIAL,tests/engine/submissions/test_normalizer.py,"Two v1 functions are genuinely ported and genuinely tested: v1 :47 normalize_accession -> v2 `accession_normalized` (edgar_sec/engine/submissions/helpers.py:77), exercised by test_normalizer.py:62 `test_accession_normalized_is_lenient` (asserts the hyphenated form collapses to 18 digits and that None/""not-an-accession""/""123"" all yield None -- the same None-not-guess contract as v1 :55-72); v1 :122 archive_url_for -> v2 `build_archive_url` (helpers.py:92), exercised by test_normalizer.py:69 `test_build_archive_url_uses_unpadded_cik_and_reasons` (unpadded integer CIK segment, plus the reason codes for a None document and a non-.htm document). The identity hashes are no longer Python: `sha256(source_cik || ':' || accession || ':' || document_path) AS occurrence_id` and `sha256(accession || ':' || document_path) AS document_locator_key` at edgar_sec/infra/storage/duckdb_catalog.py:153-155, and is_amendment is a SQL column at duckdb_catalog.py:119.","MISSING IN V2: parse_archive_url + the ArchiveUrlParts dataclass (v1 :88-119) -- no URL->components parser exists anywhere in edgar_sec/: edgar_sec/domain/sec_urls.py exposes only normalize_cik:26, submissions_url:31, historical_submissions_url:41 and archives_url:46, all one-way builders; accession_hyphenated (v1 :75-85, the 18-digit -> display direction; v2's AccessionNumber stores the hyphenated form and only un-hyphenates via `.normalized`); full_submission_url_for (v1 :140-149) -- still needed, since .v1/phases/025_webpage_storage/tests/test_fetcher.py:9 imports it alongside parse_archive_url for the Phase 2.5 fetcher; filing_year / fiscal_year as Python functions (v1 :182-197 -- filing_year is a column now, selected at engine/selection/features.py:600); is_amendment_form; the explicit ValueError validation contract; and the ACCESSION_LENGTH / SEC_ARCHIVE_BASE constants. ID RECIPE CHANGED RELATIVE TO THIS MODULE, BUT NOT A v2 REGRESSION (preserved finding): v1 :42-44 `_stable_hash` = sha256(canonical_json([""filing-identity-v1"", kind, *parts])) at :165 and :179, so no v1 occurrence_id or document_locator_key value is byte-comparable to its v2 counterpart. FINDING PRESERVED FROM PASS 1: v1 carried a SECOND, competing identity implementation at .v1/phases/025_webpage_storage/core/schemas.py:342-350 -- `doc_id` = sha256(f""{accession}:{document_path}"") and `occurrence_id` = sha256(f""{source_cik}:{accession}:{document_path}""). v2's SQL is byte-identical to THAT form, not to this module's. The v1->v2 key change is therefore the resolution of a v1 internal inconsistency rather than a new break, and Phase 2.5 must reuse v2's key rather than mint a third digest. (Roadmap section 5.1 item 5 notes DocumentLocator/FilingOccurrence also leaked to phases/025_webpage_storage/core/records.py:64,152, and section 1.4 still marks domain/records.py Pending (Phase 2.5), so that failed unification is unresolved.)",W10
.v1/defs/http/__init__.py,19,code,.v1/defs/tests/test_http_transport.py,,,NOT_STARTED,,grep -rEn 'BoundedTransport|ConcurrencyPolicy|max_concurrency|DEFAULT_MAX_CONCURRENCY|Semaphore' edgar_sec/ tests/ -> 0 hits (re-verified 2026-09-28),"v1 barrel re-exporting the generic bounded-transport pair. v2 has no infra/http package at all. roadmap/refactor_v2/v2_refactor_roadmap.md:150 names http only as a target location ('External protocols and persistence to infra/ (http, broker, storage)').",W6
.v1/defs/http/policy.py,28,code,.v1/defs/tests/test_http_transport.py,,,NOT_STARTED,,v1 policy.py:14 'DEFAULT_MAX_CONCURRENCY = 16' and __post_init__ raising ValueError('max_concurrency must be >= 1'); grep -rEn 'BoundedTransport|ConcurrencyPolicy|max_concurrency|DEFAULT_MAX_CONCURRENCY|Semaphore' edgar_sec/ tests/ -> 0 hits (re-verified 2026-09-28),"ConcurrencyPolicy, the provider-neutral in-flight cap, has no v2 equivalent. v2 SecHttpClient exposes no concurrency knob; it mounts HTTPAdapter(pool_connections=16, pool_maxsize=16) at edgar_sec/infra/sec_http/client.py:85-91. Two v1 constants are lost: DEFAULT_MAX_CONCURRENCY = 16 here and DEFAULT_SEC_MAX_CONCURRENCY = 8 at .v1/defs/sec_http/client.py:24, both pinned by .v1/defs/tests/test_sec_http_client.py:55,63,114.",W6
.v1/defs/http/transport.py,59,code,.v1/defs/tests/test_http_transport.py,,,NOT_STARTED,,grep -rEn 'BoundedTransport|ConcurrencyPolicy|max_concurrency|DEFAULT_MAX_CONCURRENCY|Semaphore' edgar_sec/ tests/ -> 0 hits (re-verified 2026-09-28),"Semaphore-bounded, provider-neutral transport with the slot acquired only around the network send has no v2 counterpart; v2 SecHttpClient calls requests.Session directly (edgar_sec/infra/sec_http/client.py:167-168) and relies on the urllib3 pool size instead.",W6
.v1/defs/regex/__init__.py,30,code,.v1/defs/tests/test_regex_builder.py,,,NOT_STARTED,,"v1 `__all__` re-exports `build_alternation`, `build_prefix_trie`, `to_verbose_pattern`, `add_restrictions`; grep -rIl 'build_alternation' edgar_sec/ tests/ --include=*.py => 0 files.","Pure backward-compat barrel facade. v2 AGENTS.md section 1 forbids barrel re-exports in __init__.py, so this facade pattern would itself diverge even when the underlying module arrives. roadmap/refactor_v2/v2_refactor_roadmap.md:436 'text/ regex/ sql/  # **PENDING** Phase 2.5+ (ASCII/HTML engine relocation)'",W3
.v1/defs/regex/builder.py,234,code,.v1/defs/tests/test_regex_builder.py,,,NOT_STARTED,,"v1 symbol `build_alternation`; grep -rIl 'build_alternation' edgar_sec/ tests/ --include=*.py => 0 files. Max-Munch `(word_count DESC, char_length DESC)` ordering",v1 splits variable-length lookbehind terms into per-term fixed-width assertions to dodge Python `re.error: look-behind requires fixed-width pattern`; no v2 regex-construction package exists. roadmap/refactor_v2/v2_refactor_roadmap.md:436 'text/ regex/ sql/  # **PENDING** Phase 2.5+ (ASCII/HTML engine relocation)',W3
.v1/defs/regex/formatting.py,88,code,.v1/defs/tests/test_regex_builder.py,,,NOT_STARTED,,v1 symbol `to_verbose_pattern`; grep -rIl 'to_verbose_pattern' edgar_sec/ tests/ --include=*.py => 0 files. re.VERBOSE multi-line pattern formatting,No v2 home; exercised in v1 only by defs/tests/test_regex_builder.py. roadmap/refactor_v2/v2_refactor_roadmap.md:436 'text/ regex/ sql/  # **PENDING** Phase 2.5+ (ASCII/HTML engine relocation)',W3
.v1/defs/regex/trie.py,103,code,.v1/defs/tests/test_regex_builder.py,,,NOT_STARTED,,"v1 symbol `TrieNode`; grep -rIl 'TrieNode' edgar_sec/ tests/ --include=*.py => 0 files. prefix-trie common-prefix factorization (compact_alternation, trie_to_regex)",Counter to the prefix-shadowing / backtracking pitfall documented in .v1/defs/regex/README.md:15; v2 has no trie or alternation-compaction code. roadmap/refactor_v2/v2_refactor_roadmap.md:436 'text/ regex/ sql/  # **PENDING** Phase 2.5+ (ASCII/HTML engine relocation)',W3
.v1/defs/runtime/__init__.py,141,code,.v1/defs/tests/test_checks.py;.v1/defs/tests/test_settings.py;.v1/defs/tests/test_runtime_resources.py;.v1/phases/02_filing_extraction/tests/test_runner.py,edgar_sec/foundation/runtime/__init__.py,1,DROPPED,,"AGENTS.md sec.1 rule 2: ""`__init__.py` files must not re-export symbols from child submodules ... Allowed in `__init__.py`: package docstrings, `__version__`, or true dynamic registries""; v2 foundation/runtime/__init__.py is exactly one docstring line","The 66-name facade is deliberately gone; every v2 consumer imports the leaf module directly. Not a functional gap, but Phase 2.5 code that writes `from edgar_sec.foundation.runtime import X` will fail the gate.",W7
.v1/defs/runtime/artifacts.py,833,code,.v1/defs/tests/test_artifact_handoff.py;.v1/defs/tests/test_finalized_dataset.py,edgar_sec/pipelines/metadata_sync/merger.py,248,PARTIAL,tests/pipelines/metadata_sync/test_merger.py,"v2 `def publish_snapshot` at merger.py:225, docstring ""Write the snapshot manifest and advance the current pointer atomically""; exercised at tests/pipelines/metadata_sync/test_merger.py:107 (test_publish_snapshot_writes_manifest_and_pointer)","MISSING: artifact_id(), make_manifest(), validate_manifest(), load_manifest(), publish_manifest(), manifest_relative_path(), find_manifests(), resolve_manifest(), resolve_source(), resolve_dependencies(), prepare_bundle_for_phase(), the whole zip/7z create_bundle()/import_bundle() transport, and the snapshot registry (make_snapshot_manifest, validate_snapshot_manifest, resolve_snapshot_manifest, list_snapshots, next_snapshot_id, get_current_snapshot_pointer). Only the write-and-point-forward half of the v1 surface exists. Largest single unported surface in this scope.",W7
.v1/defs/runtime/bundle.py,160,code,.v1/defs/tests/test_runtime_registry.py,,,NOT_STARTED,,No v2 artifact-bundle transport exists: `grep -rn 'zipfile|create_bundle|import_bundle' edgar_sec/ tests/` returns zero hits,"The v1 `artifact-bundle` launcher entry (registry.py:80-85) and its prepare/create/verify/import subcommands have no v2 counterpart. Cross-machine artifact handoff is new Phase 2.5 work, not a repackaging.",W7
.v1/defs/runtime/checks.py,295,code,.v1/defs/tests/test_checks.py,edgar_sec/foundation/checks.py,29,PARTIAL,,"v2 `def registered() -> tuple[Scanner, ...]: return ALL_SCANNERS` (checks.py:8-9); ALL_SCANNERS tuple at edgar_sec/foundation/scanners/__init__.py:14-22","MISSING: the dynamic `register(scanner)` idempotent-registry API (v2 uses a static ALL_SCANNERS tuple) and the scanner-error containment in run_all (v1 wrapped scanner.run() in try/except so a broken scanner fails the gate; v2 lets exceptions propagate). Scanner/ScannerFinding moved to edgar_sec/foundation/scanners/base.py. No v2 test imports edgar_sec.foundation.checks at all - test_scanners.py imports the scanner modules directly, so the gate runner itself is untested.",W7
.v1/defs/runtime/cli.py,57,code,,,,NOT_STARTED,,No v2 equivalent: `grep -rn 'add_common_options|print_json|load_config_or_template' edgar_sec/ tests/` returns zero hits; the only `coalesce` hits in edgar_sec/ are SQL `coalesce(nullif(...))` in infra/storage/duckdb_catalog.py:102 and pipelines/filing_catalog/planner.py:107,"v1's shared argparse/config-bootstrap/JSON-output plumbing has no v2 home; each pipeline registers its own arguments (pipelines/filing_catalog/cli.py:148-231). v1_tests is empty and that is a real finding: no defs/tests/test_cli.py exists, the module is covered only by the phase CLIs that import it (phases/01_metadata_extraction/cli.py:22-27, operator.py:18, run.py:13).",W7
.v1/defs/runtime/config_io.py,83,code,.v1/defs/tests/test_config_io.py,,,NOT_STARTED,,No versioned-JSON-config module in v2: `grep -rn 'config.json|read_json_config|write_json_config' edgar_sec/ tests/` returns zero hits,"Nearest neighbour is edgar_sec/infra/storage/atomic.py:53 atomic_write_json (fsync + os.replace), which writes no {version, config} envelope and has no validating read-back; v1's read_json_config/write_json_config pair and the `.artifacts/metadata/config.json` persistence contract are absent. tests/infra/storage/test_atomic.py does not cover a config envelope.",W7
.v1/defs/runtime/env.py,185,code,.v1/defs/tests/test_env.py;.v1/defs/tests/test_checks.py;.v1/defs/tests/test_settings.py;.v1/phases/01_metadata_extraction/tests/test_config.py,edgar_sec/foundation/runtime/env.py,108,PARTIAL,tests/foundation/runtime/test_env.py,"v2 `def load_dotenv` at env.py:16 and `def get_env` at :42 (identical dotenv parse: export-prefix strip, matching-quote strip, empty-on-OSError); exercised at test_env.py:32 (test_load_dotenv_parses_values_and_quotes)","MISSING: `render_dotenv_value()` (the .env quoting helper) has no v2 equivalent - v2 render_dotenv() emits values unquoted. The embedded `scan_modified_environment_access()` policy scanner moved out to edgar_sec/foundation/scanners/environment.py (covered by the scanners/ row set). v2 gained get_env_int/get_env_float/get_env_bool, which v1 lacked. Keyword renamed: v1 `path=` -> v2 `dotenv_path=`.",W7
.v1/defs/runtime/interactive.py,164,code,.v1/defs/tests/test_runtime_interactive.py,edgar_sec/foundation/runtime/interactive.py,111,PARTIAL,,"roadmap/refactor_v2/phase_1.md:86 records the v2 module as ""interactive.py # [DONE] prompt_choice, prompt_text, run_interactive_menu""; phase_2.md:658 maps the operator entrypoint policy to `operator_entrypoint()`","Deliberately different shape, and untested. MISSING: the v1 partition-oriented contract - InteractivePhase, run_interactive, ExtraAction, and the menu options that drive preview/run-partition/merge-partition/merge-final. v2 is a generic MenuAction/prompt_text/run_interactive_menu helper. NO v2 test exercises interactive.py: `grep -rln 'operator_entrypoint|prompt_text|prompt_choice|run_interactive_menu|MenuAction' tests/` returns only tests/foundation/scanners/test_scanners.py, and that is a test *name* (test_clean_exit_allows_cli_and_operator_entrypoints), not an import. A gate-relevant untested Layer 0 module.",W7
.v1/defs/runtime/memory.py,67,code,.v1/defs/tests/test_runtime_memory.py,edgar_sec/foundation/runtime/memory.py,67,PORTED,tests/foundation/runtime/test_memory.py,"Identical bodies: `def reclaim()` (v1 memory.py:41, v2 memory.py:39), `_malloc_trim()` ctypes.CDLL(""libc.so.6"") guard, `def sha256_text()` with _SHA256_CHUNK_CHARS = 1 << 20; test_memory.py:22 (test_sha256_text_streams_across_chunk_boundary) pins the 1MB-chunk digest",Complete port. v2 swapped v1's text-slice loop for a memoryview over the encoded bytes; digest output is identical and test_memory.py:14 pins it against hashlib.,W7
.v1/defs/runtime/partitions.py,39,code,.v1/phases/01_metadata_extraction/tests/test_run_interactive.py,edgar_sec/foundation/runtime/partitions.py,49,PARTIAL,tests/foundation/runtime/test_partitions.py,Both v1 symbols exist: `def parse_id_selection` (v2 partitions.py:6) and `def divide_ids_among_workers` (:32); test_partitions.py:11 and :26 exercise them,"Parsing and division are ported, but the v1 semantics changed in three ways. (1) MISSING: parse_id_selection no longer validates against a `known_ids` set - the v1 signature (spec, known_ids, label) and the 'unknown {label}s' rejection are gone. (2) v1 normalised reversed ranges via min/max (v1 test_run_interactive.py:44 asserts parse_id_selection('8-6') == [6,7,8]); v2 raises ValueError on start>end. (3) v1 divided into contiguous blocks; v2 assigns round-robin. Return type is tuple, not list.",W7
.v1/defs/runtime/paths.py,698,code,.v1/defs/tests/test_paths.py;.v1/defs/tests/test_checks.py;.v1/phases/02_filing_extraction/tests/test_runner.py;.v1/defs/tests/build_table_corpus.py,edgar_sec/foundation/runtime/paths.py,141,PARTIAL,tests/foundation/runtime/test_paths.py,"roadmap/refactor_v2/v2_refactor_roadmap.md:152 - ""Retire the 700-line monolithic `defs/runtime/paths.py` god-class in favor of typed, per-pipeline layout objects (`pipelines/document_storage/paths.py`, `pipelines/metadata_sync/paths.py`)""; v2 keeps only the project resolver (ProjectPaths dataclass paths.py:43, resolve_paths() :91) and delegates layout to edgar_sec/pipelines/metadata_sync/paths.py:27 (MetadataPaths) and edgar_sec/pipelines/filing_catalog/paths.py; test_paths.py:12-77 covers the resolver plus the ProjectRootError guard","The god-class split is intentional and documented, but four v1 surfaces have no v2 home at all. MISSING: (1) the read-side mirror - ArtifactRole, ArtifactClassification, classify_artifact_path() (`grep -rn 'classify_artifact|ArtifactRole' edgar_sec/ tests/` returns zero hits); this is what v1's viewer/discover.py depended on. (2) BrokerPaths (no v2 broker exists). (3) FixturePaths, fixtures_root, test_run_root, acceptance_root - corroborated by W9's independent board finding. (4) the merge-report path builders (merge_report_path_in, partition_merge_root_in, partition_merge_report_path_in, MERGE_DIR_NAME, MERGE_REPORT_NAME) and resolve_paths(phase=/run_id=) narrowing to PhasePaths/RunPaths. scan_artifact_path_literals also left this file for scanners/paths.py.",W7
.v1/defs/runtime/progress.py,78,code,.v1/defs/tests/test_progress.py,edgar_sec/foundation/runtime/progress.py,100,PARTIAL,,"Both v1 adapters exist in v2: `def make_tqdm_callback` at progress.py:29 (same ok/cached/hist state, same req/rps/retry/throttle postfix) and `def make_merge_progress_callback` at :81","Two gaps. (1) NO v2 test exercises progress.py - `grep -rln 'make_tqdm_callback|make_merge_progress_callback|emit_progress' tests/` returns nothing, yet roadmap/refactor_v2/phase_1.md:85 and :333 mark it [DONE]. (2) Behavioural loss: v1's merge callback set a rows/partition/stage postfix on partition_validated and merge_stage; v2 replaces that with a single {'verified_rows': rows} on readback_done only. v2 added emit_progress(), which v1 lacked.",W7
.v1/defs/runtime/registry.py,123,code,.v1/defs/tests/test_runtime_registry.py;.v1/defs/tests/test_artifact_handoff.py;.v1/phases/01_metadata_extraction/tests/test_config.py,run.py,91,PARTIAL,tests/pipelines/filing_catalog/test_cli.py,"v2 root launcher run.py:17 `ENTRIES: tuple[PipelineEntry, ...]` with @dataclass PipelineEntry (:9); exercised at tests/pipelines/filing_catalog/test_cli.py:184 (test_cli_main_is_reachable_through_the_launcher_registry) asserting ""filing-catalog"" in ids and entry.module == ""edgar_sec.pipelines.filing_catalog.operator""","MISSING: the dependency graph. v1 PhaseDependency, the `dependencies` field on LauncherEntry, find_entry(), and get_phase_dependencies() have no v2 equivalent, and run.py dispatches by `for entry in ENTRIES: if entry.id == cmd` rather than a lookup helper. ENTRIES shrank from 7 entries to 2 (v1 also registered table-probe, viewer, webpage-storage, artifact-bundle, settings). The v1 contract test that every registered module imports and exposes main() is also not reproduced in v2.",W7
.v1/defs/runtime/resources.py,229,code,.v1/defs/tests/test_runtime_resources.py;.v1/phases/01_metadata_extraction/tests/test_config.py,edgar_sec/foundation/runtime/resources.py,279,PORTED,tests/foundation/runtime/test_resources.py,"v2 `def derive_resources` at resources.py:217, `def auto_worker_count` :158, `def available_memory_bytes` :100 with the same cgroup-v2 -> cgroup-v1 -> psutil -> /proc/meminfo precedence and identical _CGROUP_* path constants; test_resources.py:57 (test_derive_resources_produces_usable_profile), :33, :40, :44","Complete and better-covered port; v2 derive_resources gained requested_threads/requested_memory_limit/memory_fraction parameters and creates the spill dir. DISCREPANCY to flag: resources.py:214 `SystemResources = RuntimeResourceProfile` is a backward-compatibility alias, which AGENTS.md sec.1 rule 1 bans ('Never create alias modules, forwarding functions, or legacy shims'). No legacy-shims scanner exists in v2 to catch it (see the compat.py row).",W7
.v1/defs/runtime/scanners/clean_exit.py,76,code,.v1/defs/tests/test_checks.py,edgar_sec/foundation/scanners/clean_exit.py,83,PORTED,tests/foundation/scanners/test_scanners.py,"v2 `def scan_clean_exit` at clean_exit.py:40, registered as SCANNER name=""clean-exit"" (:79); test_scanners.py:35-92 gives five dedicated tests (library function, no entrypoint guard, main-guard allowed, cli/operator allowed, tests ignored)","Complete policy port. Two deliberate scope changes: v2 scans the whole working tree instead of only staged/unstaged/untracked diffs, and v2's _is_exit_line no longer matches `os._exit(`. v1's allowlist also covered init_venv.py and defs/runtime/settings_cli.py, neither of which exists in v2.",W7
.v1/defs/runtime/scanners/compat.py,88,code,.v1/defs/tests/test_checks.py,,,NOT_STARTED,,"v2 ALL_SCANNERS (edgar_sec/foundation/scanners/__init__.py:14-22) is (ENV, PATHS, SECRETS, CLEAN_EXIT, LENGTH, LAYERS, RESOURCES) - no legacy-shims entry; AGENTS.md sec.1 rule 1 states the rule but nothing enforces it","The `legacy-shims` policy is a rule in AGENTS.md with no automated gate in v2. The SystemResources alias in resources.py:214 is exactly the class of construct this scanner banned in v1, and it shipped undetected.",W7
.v1/defs/runtime/scanners/dates.py,101,code,.v1/defs/tests/test_checks.py,,,NOT_STARTED,,No v2 equivalent: the `date-patterns` scanner is absent from ALL_SCANNERS and `grep -rn 'MONTH_PATTERN|month_name|month_map' edgar_sec/` returns zero hits,"v1's date/month vocabulary guard depended on defs.text.syntax.dates.MONTH_PATTERN, a module with no v2 counterpart, so both the scanner and its dependency are out of scope for v2.",W7
.v1/defs/runtime/scanners/engine.py,154,code,.v1/defs/tests/test_checks.py;.v1/defs/tests/test_env.py;.v1/defs/tests/test_paths.py,edgar_sec/foundation/scanners/files.py,22,PARTIAL,,"v2 `def discover_python_files()` at files.py:8 returns repo-relative paths under edgar_sec/ and tests/ plus check.py and run.py; every v2 scanner calls it (e.g. clean_exit.py:43, secrets.py:26, resources.py:48)","The git-aware half is gone. MISSING: git_output(), added_patch_lines() (unified-diff hunk parsing), scan_patch_and_untracked() (staged + unstaged + untracked with a -G candidate filter and a worktree-liveness cache), and is_test_file() - the last is now inlined as a startswith('/tests/') check inside each scanner. Every v2 scanner therefore re-reads the whole tree on every run instead of only the diff, which is a silent behaviour change in the gate's cost model. files.py is not in ALL_SCANNERS and has no test.",W7
.v1/defs/runtime/scanners/form_isolation.py,87,code,.v1/defs/tests/test_checks.py,,,NOT_STARTED,,No v2 equivalent: no form-isolation scanner in ALL_SCANNERS; `grep -rn '10-K' edgar_sec/foundation/scanners/` returns zero hits,"v1's form-neutrality guard (hardcoded 10-K/10-Q/8-K/20-F/6-K/EX-* literals in generic code) was not ported. Its v1 allowlist (defs/sec_forms/, defs/sec_documents/) has no v2 analogue either, so the guard has no surviving target.",W7
.v1/defs/runtime/scanners/json_io.py,87,code,.v1/defs/tests/test_checks.py,,,NOT_STARTED,,No v2 equivalent: no json-io scanner in ALL_SCANNERS; `grep -rn 'atomic_write_json' edgar_sec/foundation/scanners/` returns zero hits,"v1's non-atomic-JSON-write and redundant-helper guard was not ported, even though edgar_sec/infra/storage/atomic.py now provides the primitive the scanner's hint pointed at (atomic_write_json, atomic.py:53).",W7
.v1/defs/runtime/scanners/length.py,86,code,.v1/defs/tests/test_checks.py,edgar_sec/foundation/scanners/length.py,43,PARTIAL,,"v2 `def scan_file_length` at length.py:13 registered as SCANNER name=""file-length"" (:39); threshold constant _MAX_LINES = 800 (length.py:10) replaces v1 DEFAULT_MAX_LINES = 650 (v1 length.py:11)","Policy exists and is registered, but (1) NO v2 test exercises it - `grep -rln 'scan_file_length' tests/` returns nothing, and test_scanners.py covers only clean_exit, environment, paths, layers and secrets; (2) both scope and threshold changed: v1 counted only staged/unstaged/untracked files above 650 lines, v2 counts every file under edgar_sec/ and tests/ above 800. The v1 allowlist (defs/runtime/artifacts.py, defs/runtime/paths.py, phases/02 materialze.py, ...) is gone, so the cap now applies to files v1 explicitly exempted.",W7
.v1/defs/runtime/scanners/paths.py,86,code,.v1/defs/tests/test_checks.py,,,NOT_STARTED,,"Name-collision trap, verified by reading both: this v1 module implements the `path-construction` scanner (scan_path_construction, v1 paths.py:82, flags ad-hoc path chains and deep path literals). v2 edgar_sec/foundation/scanners/paths.py implements a *different* policy - `artifact-paths` / scan_artifact_paths (paths.py:17), which was ported from v1 defs/runtime/paths.py:668 scan_artifact_path_literals, not from this file.",The `path-construction` guard was not ported. Phase 2.5 pipeline code will get no protection against literal path concatenation.,W7
.v1/defs/runtime/scanners/regex_alternations.py,99,code,.v1/defs/tests/test_checks.py,,,NOT_STARTED,,"No v2 equivalent: no regex-alternations scanner in ALL_SCANNERS, and the v1 dependency `defs.regex.build_alternation`/`build_compound` has no v2 module (`grep -rn 'build_alternation' edgar_sec/` returns zero hits; v2 jurisdiction alternation is a hand-rolled '|'.join at domain/taxonomy/jurisdictions.py:136)",Scanner and the hierarchical-regex builder it policed are both absent from v2.,W7
.v1/defs/runtime/scanners/resources.py,77,code,.v1/defs/tests/test_checks.py;.v1/phases/02_filing_extraction/tests/test_runner.py,edgar_sec/foundation/scanners/resources.py,88,PARTIAL,,"v2 `_CANDIDATE_RE` at resources.py:16 is byte-identical to v1 `_RESOURCE_LITERAL_RE` (v1 resources.py:13): (?:(?:threads|max_workers)\s*(?::\s*int)?\s*=\s*[1-9]\d*|memory_limit\s*(?::\s*str)?\s*=\s*[""'][0-9]+[GMK]B?[""']); registered as SCANNER name=""resource-allocation"" (:82) and named in AGENTS.md sec.2 rule 4","The policy is ported verbatim and is wired into the gate, but NO v2 test exercises it: `grep -rln 'scan_resource_allocations' tests/` returns nothing, and test_scanners.py imports only clean_exit, environment, paths, layers and secrets. A silently loosened resource-allocation regex would pass CI - the exact failure mode test_scanners.py was written to prevent for the other five.",W7
.v1/defs/runtime/scanners/secrets.py,89,code,.v1/defs/tests/test_checks.py,edgar_sec/foundation/scanners/secrets.py,57,PORTED,tests/foundation/scanners/test_scanners.py,"v2 `def scan_secrets_leakage` at secrets.py:23 registered as SCANNER name=""secrets-leakage"" (:53); test_scanners.py:172, :180, :192 give three tests (committed API key, ghp_ token, and short/dynamic values ignored)","Policy ported and tested, with reduced coverage: v1 matched sk-[A-Za-z0-9]{20,}, ghp_{20,}, glpat-[A-Za-z0-9_-]{20,} and key=value forms for api_key/secret_key/auth_token/password, plus a _SAFE_PLACEHOLDERS allowlist ('placeholder','test-secret','dummy','fake','example','your-api-key','changeme'). v2 has only three patterns (generic key/value, ghp_ exactly 36 chars, sec-contact email) and no placeholder allowlist, so fixture values like 'example'-prefixed keys that v1 suppressed will now fail the gate.",W7
.v1/defs/runtime/settings/__init__.py,347,code,.v1/defs/tests/test_settings.py;.v1/defs/tests/test_paths.py;.v1/defs/tests/test_runtime_resources.py;.v1/defs/tests/test_checks.py,edgar_sec/foundation/runtime/settings/__init__.py,315,PARTIAL,tests/foundation/runtime/test_settings.py,"Shared core ported and exercised: `def environment_name` (v2 :45), `def collect_specs` (:72), `def resolve_settings` (:157) with the same CLI > env > config > default/factory precedence, `def flatten_settings` (:260), `def render_dotenv` (:272); test_settings.py:14, :20, :33, :38, :46, :52, :58, :64","MISSING: `get_setting()` - v1 settings/__init__.py:254 resolved one logical path by expanding to its whole top-level group so dependent defaults see what they rely on; `grep -rn 'get_setting' edgar_sec/ tests/` returns zero hits, and the v1 test that imported it (test_settings.py:16) has no v2 counterpart. Also diverged: spec collection moved from importlib over SHARED_SPEC_MODULES to four provider callables; resolve_runtime_settings() now returns a RuntimeSettings dataclass (:224) instead of a dict; the MISSING-with-no-value error lost v1's actionable 'supply it via environment, config, CLI, or a fallback' text (:226).",W7
.v1/defs/runtime/settings/paths.py,57,code,.v1/defs/tests/test_settings.py;.v1/defs/tests/test_paths.py;.v1/phases/01_metadata_extraction/tests/test_config.py,edgar_sec/foundation/runtime/settings/paths.py,64,PORTED_DIVERGED,tests/foundation/runtime/test_settings.py,"AGENTS.md sec.3 rule 1 ""Modular Settings Registry ... New phases register their own domain/phase spec dictionaries"", read with sec.1 rule 2 ""eliminates circular import cycles, and makes symbol ownership explicit"". v1 exported a module-level SETTING_SPECS dict that did `from . import SettingSpec` at import time; v2 replaces it with `def get_paths_specs()` (settings/paths.py:27) doing the same import *inside* the function body (:28) so the settings package imports without a cycle. Spec content is identical: artifacts.root, cache.root (dependent _cache_root factory), cache.json_ttl_s with the same 90*24*60*60 default and the same non-negative-int validator","Same three logical settings, same defaults, same validators; only the export shape changed to break the settings-package import cycle. Exercised at test_settings.py:17 (environment_name('artifacts.root') == 'ARTIFACTS_ROOT') and :20 (resolve_settings() returns typed values for the whole group).",W7
.v1/defs/runtime/settings/runtime.py,145,code,.v1/defs/tests/test_settings.py;.v1/defs/tests/test_runtime_resources.py;.v1/phases/01_metadata_extraction/tests/test_config.py,edgar_sec/foundation/runtime/settings/runtime.py,143,PORTED_DIVERGED,tests/foundation/runtime/test_settings.py,"AGENTS.md sec.3 rule 1 modular-registry rule, read with sec.1 rule 2 on circular imports. v1 module-level SETTING_SPECS + `from . import SettingSpec`; v2 `def get_runtime_specs()` (settings/runtime.py:54) with the deferred import (:55). All nine specs carried over one-for-one - worker_memory_mib, worker_memory_safety, workers, chunk_size, partition_count, threads, memory_fraction, memory_limit, temp_directory - with identical factories (_default_workers, _default_memory_limit, _default_temp_directory) and identical validators; the local _validate_fraction/_validate_positive_int were promoted to edgar_sec/foundation/runtime/settings/validators.py",Divergence is export shape only; the two local validator helpers were hoisted to a shared validators.py (a second modularisation v1 did not have). Exercised at test_settings.py:23 (int(settings['runtime.chunk_size']) > 0) and :27 (runtime.default_chunk_size > 0).,W7
.v1/defs/runtime/settings/sec.py,64,code,.v1/defs/tests/test_settings.py;.v1/defs/tests/test_sec_http_client.py;.v1/defs/tests/test_sec_http_headers.py,edgar_sec/foundation/runtime/settings/sec.py,99,PORTED_DIVERGED,tests/foundation/runtime/test_settings.py,"AGENTS.md sec.3 rule 1 modular-registry rule. All five v1 specs carried over verbatim (user_agent with secret=True, rate_limit_rps, timeout_s, max_retries, max_failure_attempts) with identical machine_local/cli flags. Two intentional deltas: v2 owns the SEC transport defaults locally (settings/sec.py:16-20 DEFAULT_USER_AGENT / DEFAULT_RATE_LIMIT_RPS / DEFAULT_TIMEOUT_S / DEFAULT_MAX_RETRIES / DEFAULT_MAX_FAILURE_ATTEMPTS) instead of importing them from the HTTP client as v1 did (v1 settings/sec.py:10-12 `from defs.sec_http.client import DEFAULT_USER_AGENT`), which is required now that Layer 0 may not import Layer 2; and v2 adds the @dataclass SecSettings typed view (:23) with a header_user_agent property (:33)","The locality change is a consequence of the enforced layer graph (AGENTS.md sec.1), not a dropped contract. Exercised at test_settings.py:26-30 (test_resolve_runtime_settings_groups_registries), which asserts runtime.sec.rate_limit_rps > 0 and runtime.sec.header_user_agent. Note DEFAULT_RATE_LIMIT_RPS is 8.0 in v2 (sec.py:17) - v1 took its value from the client and .v1/defs/README.md:149 documents an aggregate 4 RPS SEC policy, so the default appears to have drifted; worth confirming against infra/sec_http/rate_limit.py (W6's scope).",W7
.v1/defs/runtime/settings_cli.py,121,code,.v1/defs/tests/test_settings.py,edgar_sec/foundation/runtime/settings/__init__.py,315,PARTIAL,tests/foundation/runtime/test_settings.py,"The rendering half is ported: `def render_dotenv` at settings/__init__.py:272, still grouping by top-level path, still commenting callable (machine-derived) defaults and still suppressing secrets as `<secret-value>`; test_settings.py:52 (test_render_dotenv_documents_every_setting) asserts the output contains SEC_ and RUNTIME_","MISSING: generate_dotenv() - the atomic mkstemp + fsync + os.replace writer that refuses to clobber without --force; the `settings generate-dotenv` argparse subcommand and its main(); the --path/--force flags; and _summary()'s omitted-secret / machine-derived counts. `grep -rn 'generate_dotenv|generate-dotenv' edgar_sec/ tests/ run.py check.py` returns zero hits. v2 also dropped v1's ASCII backslashreplace quoting of rendered values, so a non-ASCII resolved default can now produce an unencodable .env line.",W7
.v1/defs/sec_documents/__init__.py,28,code,.v1/defs/tests/test_sec_documents_preprocessor.py;.v1/defs/tests/test_sec_forms_normalization.py;.v1/defs/tests/test_sgml.py,,,NOT_STARTED,,grep -rEn 'sec_documents|DocumentPreprocessor|unpack_sgml' edgar_sec/ tests/ -> 0 hits (re-verified 2026-09-28),v1 public-export surface for the sec_documents package. v2 has no sec_documents package; roadmap/refactor_v2/v2_refactor_roadmap.md:444 and :452 mark both replacement homes PENDING.,W6
.v1/defs/sec_documents/models.py,51,code,.v1/defs/tests/test_sec_documents_preprocessor.py;.v1/defs/tests/test_sec_forms_normalization.py,,,NOT_STARTED,,roadmap/refactor_v2/v2_refactor_roadmap.md:444 'documents/  # **PENDING** DocumentRepresentation + 1D block stream (S0)'; grep -rEn 'DocumentRepresentation|PreprocessedDocument' edgar_sec/ tests/ -> 0 hits,DocumentRepresentation enum (HTML/ASCII_PRE/ASCII_PLAIN/XML/BINARY with is_html/is_ascii/is_xml) and the frozen PreprocessedDocument dataclass are both absent from v2; only the roadmap's pending domain/documents/ is designated to hold them.,W6
.v1/defs/sec_documents/preprocessor.py,176,code,.v1/defs/tests/test_sec_documents_preprocessor.py;.v1/defs/tests/test_sec_forms_normalization.py,,,NOT_STARTED,,grep -rEn 'sec_documents|DocumentPreprocessor|unpack_sgml' edgar_sec/ tests/ -> 0 hits (re-verified 2026-09-28),"decode_bytes (utf-8/cp1252/latin-1 cascade, preprocessor.py:99), strip_sgml_document_wrapper (:59), strip_envelope_text (:74) and the representation classification (ASCII_PRE vs ASCII_PLAIN vs HTML with clean_html_for_parsing sanitization, :154) have no v2 equivalent. Owned by Phase 2.5 per roadmap/refactor_v2/v2_refactor_roadmap.md:87.",W6
.v1/defs/sec_documents/sgml.py,378,code,.v1/defs/tests/test_sgml.py,,,NOT_STARTED,,roadmap/refactor_v2/v2_refactor_roadmap.md:452 'sgml/ sqlite_cas.py  # **PENDING** SGML unpacker; SQLite CAS chunks (Phase 2.5)',"unpack_sgml_submission (:55), find_sub_document (:119), extract_sub_document (:147), resolve_target_sub_document (:187, 4-tier resolution), extract_target_sub_document (:296, byte-level selective extractor), strip_pem_envelope (:244) and has_sgml_documents (:289) are all absent. Largest NOT_STARTED gap in W6 scope; the v1 suite covering it is .v1/defs/tests/test_sgml.py.",W6
.v1/defs/sec_forms/__init__.py,89,code,.v1/defs/tests/test_cover_profiles.py;.v1/defs/tests/test_sec_forms.py,,,NOT_STARTED,,"v1 __init__.py:56 __all__ re-exports 33 names (analyze_page_markers, strip_page_markers, form_family, COVER_LABELS, CoverPageModel, FORM_10K_ITEMS); grep -rn ""analyze_page_markers|COVER_LABELS|CoverPageModel"" edgar_sec/ tests/ -> 0 hits (only edgar_sec/engine/selection/features.py:92 form_family suffix collapse)","v1 root barrel. v2 has no sec_forms package at either layer; roadmap/refactor_v2/v2_refactor_roadmap.md sec.3 lists engine/forms/ as PENDING (Phase 2.5), so this is expected NOT_STARTED, not an oversight.",W2
.v1/defs/sec_forms/concepts.py,51,code,.v1/defs/tests/test_sec_forms.py,,,NOT_STARTED,,"v1 concepts.py:16 @dataclass(frozen=True, slots=True) class ConceptPattern with match_score() BoW overlap; grep -rn ""ConceptPattern"" edgar_sec/ tests/ -> 0 hits",,W2
.v1/defs/sec_forms/context/__init__.py,59,code,.v1/defs/tests/test_context_contracts.py,,,NOT_STARTED,,"v1 context/__init__.py:40 __all__ re-exports 19 names incl. scan_html, build_cover_scope, extract_toc_references, lift_toc_span_to_references; grep -rn ""scan_html|build_cover_scope|extract_toc_references"" edgar_sec/ tests/ -> 0 hits",,W2
.v1/defs/sec_forms/context/adapters/__init__.py,26,code,.v1/defs/tests/test_context_contracts.py,,,NOT_STARTED,,"v1 context/adapters/__init__.py:21 __all__ = [""TocEntry"",""build_cover_scope"",""extract_toc_references"",""lift_toc_span_to_references""]; grep -rn ""lift_toc_span_to_references|TocEntry"" edgar_sec/ tests/ -> 0 hits",,W2
.v1/defs/sec_forms/context/adapters/cover_scope.py,56,code,.v1/defs/tests/test_context_contracts.py,,,NOT_STARTED,,"v1 cover_scope.py:19 def build_cover_scope(profile: CoverProfile|None, boundary: CoverBoundary|None) -> CoverScope, adapting the cover subsystem for the table layer; grep -rn ""CoverScope|CoverBoundary|CoverProfile"" edgar_sec/ tests/ -> 0 hits",,W2
.v1/defs/sec_forms/context/adapters/toc_adapter.py,271,code,.v1/defs/tests/test_context_contracts.py,,,NOT_STARTED,,"v1 toc_adapter.py:187 def extract_toc_references(soup, *, document_id="""", min_rows: int = 2) walking <table> rows for <a href=""#...""> anchors, and :234 lift_toc_span_to_references(); grep -rn ""TocReference|extract_toc_references|toc_adapter"" edgar_sec/ tests/ -> 0 hits",,W2
.v1/defs/sec_forms/context/models.py,184,code,.v1/defs/tests/test_context_contracts.py;.v1/defs/tests/test_table_taxonomy_contracts.py,,,NOT_STARTED,,"v1 context/models.py:43 class ContextSource(str, Enum) (BODY_HEADING/TOC_ANCHOR/TOC_TEXT_MATCH/FORM_FALLBACK/UNKNOWN), :115 SectionContext, :170 TableContext; grep -rn ""SectionContext|TableContext|ContextEvidence|ContextSource"" edgar_sec/ tests/ -> 0 hits",Depends on v1 defs.tables.templates.scope.TableScope and defs.taxonomy.tables.specs (W4 scope); v2 has neither.,W2
.v1/defs/sec_forms/context/structure.py,345,code,.v1/defs/tests/test_context_contracts.py,,,NOT_STARTED,,"v1 structure.py:267 def scan_html(soup, *, document_id="""", source_sha256="""", form_family=None) -> HtmlStructureIndex built in one soup.descendants walk; :58 HeadingNode, :70 BlockNode, :105 block_for_table(); grep -rn ""HtmlStructureIndex|HeadingNode|BlockNode|scan_html"" edgar_sec/ tests/ -> 0 hits",Requires an HTML tree; v2 has no SGML/HTML document parser (CONTEXT.md sec.5).,W2
.v1/defs/sec_forms/cover/__init__.py,158,code,.v1/defs/tests/test_cover_boundary.py;.v1/defs/tests/test_body_start.py;.v1/defs/tests/test_cover_checkmark_inference.py;.v1/defs/tests/test_cover_profiles.py;.v1/defs/tests/test_cover_tables.py;.v1/defs/tests/test_cover_toc.py;.v1/defs/tests/test_closing.py;.v1/defs/tests/test_context_contracts.py;.v1/defs/tests/test_text_healing.py;.v1/defs/tests/test_toc_engine.py,,,NOT_STARTED,,"v1 cover/__init__.py:80 __all__ re-exports 65 names (find_cover_boundary, find_body_start, CoverProfile, infer_cover_checkmarks, ...); grep -rn ""find_cover_boundary|find_body_start|heal_cover_text"" edgar_sec/ tests/ -> 0 hits",No cover package exists in v2; CONTEXT.md sec.5 confirms the v2 tree has no document/cover layer.,W1
.v1/defs/sec_forms/cover/body_context.py,127,code,.v1/defs/tests/test_body_start.py;.v1/defs/tests/test_toc_engine.py,,,NOT_STARTED,,"v1 body_context.py:26 compile_body_lexical / :89 unit_context over defs.text.bow CompiledEvidencePack; grep -rn ""CompiledEvidencePack|EvidenceContext"" edgar_sec/ tests/ -> 0 hits",v1 test coupling is transitive only (reached through find_body_start); no v1 test imports cover.body_context directly.,W1
.v1/defs/sec_forms/cover/body_search.py,235,code,.v1/defs/tests/test_cover_boundary.py,,,NOT_STARTED,,"v1 body_search.py:34 _SCORE_CONFIDENCE = {0: 0.0, 1: 0.5, 2: 0.7, 3: 0.85} and :102 _find_body_root_backward; grep -rn 'BodyRoot|confirm_backward_body' edgar_sec/ tests/ -> 0 hits",,W1
.v1/defs/sec_forms/cover/body_start.py,481,code,.v1/defs/tests/test_body_start.py;.v1/defs/tests/test_toc_engine.py,,,NOT_STARTED,,"v1 body_start.py:170 def find_body_start, :46 _MIN_BODY_SCORE = 2, :25 BodyAnchorType tiers structural/semantic/substantive/unknown; grep -rn 'find_body_start|BodyStart' edgar_sec/ tests/ -> 0 hits",Second-largest unported file in W1 (481 lines).,W1
.v1/defs/sec_forms/cover/boundary/__init__.py,99,code,.v1/defs/tests/test_cover_boundary.py;.v1/defs/tests/test_context_contracts.py;.v1/defs/tests/test_toc_engine.py,,,NOT_STARTED,,v1 boundary/detection.py:38 def find_cover_boundary + cover/README.md:48; grep -rn 'find_cover_boundary|BoundarySignal|CoverBoundary' edgar_sec/ tests/ -> 0 hits,v1 package docstring:1 says it re-exports 'the full public API ... after the module was split into this package' - that split never happened in v2 because the boundary detector itself is absent.,W1
.v1/defs/sec_forms/cover/boundary/body_prose.py,99,code,.v1/defs/tests/test_cover_boundary.py,,,NOT_STARTED,,"v1 boundary/body_prose.py:11 _find_body_prose_line, :79 _return_with_heading (walks back up to 5 lines over body-semantic headings); grep -rn '_find_body_prose_line|_return_with_heading' edgar_sec/ tests/ -> 0 hits",v1 coupling is transitive only (reached through find_cover_boundary).,W1
.v1/defs/sec_forms/cover/boundary/detection.py,398,code,.v1/defs/tests/test_cover_boundary.py,,,NOT_STARTED,,v1 boundary/detection.py:38 def find_cover_boundary + cover/README.md:48; grep -rn 'find_cover_boundary|BoundarySignal|CoverBoundary' edgar_sec/ tests/ -> 0 hits,,W1
.v1/defs/sec_forms/cover/boundary/finalize.py,58,code,.v1/defs/tests/test_cover_boundary.py,,,NOT_STARTED,,v1 boundary/finalize.py:28 _finalize_boundary (runs _confirm_backward_body then builds CoverBoundary with approximate=True) and :17 _unknown; grep -rn '_finalize_boundary|confirm_backward' edgar_sec/ tests/ -> 0 hits,v1 coupling is transitive only.,W1
.v1/defs/sec_forms/cover/boundary/helpers.py,61,code,.v1/defs/tests/test_cover_boundary.py,,,NOT_STARTED,,"v1 boundary/helpers.py:34 _is_proxy_reference_disclosure, :56 _line_offset, :60 _line_at_offset, :9 _TOC_TRANSITION_ROW_GAP = 10; grep -rn '_is_proxy_reference_disclosure|TAGGED_TABLE_OPEN_RE' edgar_sec/ tests/ -> 0 hits",,W1
.v1/defs/sec_forms/cover/boundary/transition.py,139,code,.v1/defs/tests/test_cover_boundary.py,,,NOT_STARTED,,v1 boundary/transition.py:29 _next_cover_transition (last-child safety for incorporated-reference blocks) and :96 _first_body_semantic_line depth guard; grep -rn '_next_cover_transition|_first_body_semantic_line' edgar_sec/ tests/ -> 0 hits,,W1
.v1/defs/sec_forms/cover/checkmark/__init__.py,76,code,.v1/defs/tests/test_cover_checkmark_inference.py,,,NOT_STARTED,,"v1 checkmark/models.py:97 PenaltyScorer(binary_xor=1000, primary_exactly_one=1000, report_period=700, direct_state=5000) and inference.py:290 _score_candidates; grep -rn 'PenaltyScorer|HypothesisScore|CoverCheckmarkResult|solve_filer_constraints' edgar_sec/ tests/ -> 0 hits; the algorithm survives in NO v2 file under any name",,W1
.v1/defs/sec_forms/cover/checkmark/candidates.py,638,code,.v1/defs/tests/test_cover_checkmark_inference.py,,,NOT_STARTED,,"v1 candidates.py:460 extract_cover_candidates, :334 extract_table_candidates, :46 _LABELS (17 cover checkbox captions keyed to REPORT_/FILER_/STAT_ groups); grep -rn 'extract_cover_candidates|CheckboxCandidate' edgar_sec/ tests/ -> 0 hits",Largest unported file in W1 (638 lines). Geometry-aware candidate extraction has no v2 analogue: v2 has no table/geometry layer at all.,W1
.v1/defs/sec_forms/cover/checkmark/frames.py,48,code,.v1/defs/tests/test_cover_checkmark_inference.py,,,NOT_STARTED,,"v1 frames.py:12 build_masked_offset_translator with _SENTINEL_TEMPLATE = ""__SEC_TBL_{position}__""; grep -rn 'build_masked_offset_translator|TableSpan|mask_tagged_tables' edgar_sec/ tests/ -> 0 hits",v1 coupling is transitive only (reached through extract_cover_candidates); no v1 test names build_masked_offset_translator.,W1
.v1/defs/sec_forms/cover/checkmark/models.py,121,code,.v1/defs/tests/test_cover_checkmark_inference.py,,,NOT_STARTED,,"v1 checkmark/models.py:97 PenaltyScorer(binary_xor=1000, primary_exactly_one=1000, report_period=700, direct_state=5000) and inference.py:290 _score_candidates; grep -rn 'PenaltyScorer|HypothesisScore|CoverCheckmarkResult|solve_filer_constraints' edgar_sec/ tests/ -> 0 hits; the algorithm survives in NO v2 file under any name",,W1
.v1/defs/sec_forms/cover/checkmark/rewrite.py,429,code,.v1/defs/tests/test_cover_checkmark_inference.py,,,NOT_STARTED,,"v1 rewrite.py:212 apply_cover_checkmark_decisions -> (new_text, changed, unwrapped_table_indices) and :357 update_table_geometries; grep -rn 'apply_cover_checkmark_decisions|update_table_geometries|CheckmarkDecision' edgar_sec/ tests/ -> 0 hits",,W1
.v1/defs/sec_forms/cover/checkmark/schemas.py,116,code,.v1/defs/tests/test_cover_checkmark_inference.py,,,NOT_STARTED,,"v1 schemas.py:45 STATUTORY_CHECKBOX_CONSTRAINTS (7 named relations: wksi_shell_exclusion, wksi_12_month_compliance, shell_404b_exemption, recovery_requires_error_correction, ...); grep -rn 'ANNUAL_CHECKBOX_SCHEMA|QUARTERLY_CHECKBOX_SCHEMA|CoverCheckboxSchema' edgar_sec/ tests/ -> 0 hits",This declarative constraint table is the input to the 'protected' solver the v2 roadmap (v2_refactor_roadmap.md:158) says remains functionally intact. No v2 file holds it.,W1
.v1/defs/sec_forms/cover/checkmark/solver.py,187,code,.v1/defs/tests/test_cover_checkmark_inference.py,,,NOT_STARTED,,"v1 solver.py:38 solve_filer_constraints, :85 solve_report_period, :116 solve_cover_constraints, :151 infer_cover_checkmarks; grep -rn 'solve_cover_constraints|solve_report_period|infer_cover_checkmarks' edgar_sec/ tests/ -> 0 hits",The v2 roadmap's 'protected' checkmark solver (v2_refactor_roadmap.md:158) is absent from v2 under any filename; nothing in edgar_sec/ implements hypothesis enumeration or penalty scoring.,W1
.v1/defs/sec_forms/cover/checkmark/yes_no_pairs.py,134,code,.v1/defs/tests/test_cover_checkmark_inference.py;.v1/defs/tests/test_text_healing.py,,,NOT_STARTED,,"v1 yes_no_pairs.py:10 YES_NO_WORD_RE, :13 YES_NO_LINE_RE, :60 normalize_yes_no_pair_line (canonicalizes only when both opposite answers are explicitly marked), :111 normalize_yes_no_pairs; grep -rn 'normalize_yes_no_pair|CANONICAL_CHECKED' edgar_sec/ tests/ -> 0 hits",,W1
.v1/defs/sec_forms/cover/closing.py,117,code,.v1/defs/tests/test_closing.py,,,NOT_STARTED,,"v1 closing.py:57 find_closing_span, :29 _RE_SIGNATURE_HEADING = r""^SIGNATURES?\b[ \t]*.{0,120}$""; grep -rn 'find_closing_span|ClosingSpan|RE_CONFORMED_SIGNATURE' edgar_sec/ tests/ -> 0 hits",,W1
.v1/defs/sec_forms/cover/cover_start.py,134,code,.v1/defs/tests/test_cover_boundary.py;.v1/defs/tests/test_toc_engine.py,,,NOT_STARTED,,"v1 cover_start.py:99 find_cover_start, :13 _COVER_START_SEARCH_WINDOW = 60, :14 _COVER_START_CLUSTER_GAP = 5; grep -rn 'find_cover_start|CoverStart' edgar_sec/ tests/ -> 0 hits",,W1
.v1/defs/sec_forms/cover/extractors.py,177,code,.v1/defs/tests/test_sec_forms.py,edgar_sec/domain/taxonomy/legal_forms.py,104,PARTIAL,tests/domain/taxonomy/test_taxonomy.py,v1 extractors.py:32 clean_company_name_string -> defs.entities.clean_entity_name == v2 edgar_sec/domain/taxonomy/jurisdictions.py:151 clean_entity_name; v1 :37 get_core_name_tokens -> defs.entities.entity_name_tokens == v2 legal_forms.py:89 entity_name_tokens; exercised by test_taxonomy.py:136 test_entity_name_tokens / :91 test_clean_entity_name_collapses_whitespace,"MISSING: the module's stated responsibility (cover/README.md:55 clean_company_name_string/match_company_name/normalize_ein/extract_candidate_ein/extract_fiscal_period/extract_commission_file_number). Only the two entity-name helpers survive, and they are v1's imports, not its own logic. Not ported: normalize_ein, extract_candidate_ein (EIN_VALUE_RE/IRS_EIN_RE), extract_fiscal_period (_FISCAL_ANCHOR_RE + parse_date), extract_commission_file_number (_COMMISSION_FILE_RE), and the 5-tier match_company_name (Tier 1 exact -> Tier 2 core stem -> Tier 3 substring -> Tier 4 Jaccard >= 0.50). v2 has no text-extraction layer, so the cover-text extractors cannot exist yet.",W1
.v1/defs/sec_forms/cover/healing.py,106,code,.v1/defs/tests/test_text_healing.py;.v1/defs/tests/test_cover_profiles.py,,,NOT_STARTED,,"v1 healing.py:31 heal_cover_text with ReflowPolicy(unwrap_pre_body_prose=True, relax_prose_layout_gaps=True, ...); grep -rn 'heal_cover_text|reflow_ascii|ReflowPolicy' edgar_sec/ tests/ -> 0 hits","Depends on defs.text.reflow, which CONTEXT.md sec.5 records as deliberately absent in v2.",W1
.v1/defs/sec_forms/cover/inference.py,441,code,.v1/defs/tests/test_cover_checkmark_inference.py,,,NOT_STARTED,,v1 inference.py:290 _score_candidates enumerates glyph hypotheses via :277 _hypotheses (<=2 ambiguous glyphs -> checked/unchecked assignments) and :345 min-penalty selection with a unique-lowest-winner rule; grep -rn 'HypothesisScore|ConstraintViolation|PenaltyScorer' edgar_sec/ tests/ -> 0 hits,"This is the cover-page checkmark solver the v2 roadmap calls protected (roadmap/refactor_v2/v2_refactor_roadmap.md:158). The constraint-satisfaction algorithm is absent from v2 under any name, so it is NOT ported despite that claim.",W1
.v1/defs/sec_forms/cover/models.py,177,code,.v1/defs/tests/test_cover_tables.py;.v1/defs/tests/test_toc_engine.py;.v1/defs/tests/test_text_healing.py;.v1/defs/tests/test_cover_boundary.py;.v1/defs/tests/test_context_contracts.py;.v1/defs/tests/test_cover_profiles.py,,,NOT_STARTED,,"v1 models.py:13 BoundarySignal (7 members incl. COVER_IDENTITY_AND_LAYOUT, INCORPORATED_REFERENCE), :34 BoundaryMethod, :117 DocumentTopology 4-zone model; grep -rn 'BoundarySignal|BoundaryMethod|DocumentTopology|BodyStartEvidence' edgar_sec/ tests/ -> 0 hits",,W1
.v1/defs/sec_forms/cover/profiles.py,261,code,.v1/defs/tests/test_cover_profiles.py;.v1/defs/tests/test_context_contracts.py;.v1/defs/tests/test_cover_boundary.py;.v1/defs/tests/test_body_start.py,,,NOT_STARTED,,"v1 profiles.py:232 COVER_PROFILES = _build_profiles() with keys 10-K/20-F/10-Q/8-K/6-K/GENERIC, each carrying a CoverBoundaryPolicy signal tuple; grep -rn 'COVER_PROFILES|CoverProfile|get_profile' edgar_sec/ tests/ -> 0 hits","Closest v2 neighbour edgar_sec/engine/selection/features.py:92 form_family() collapses a form STRING to a family name for selection features; it carries no cover vocabulary, evidence pack, boundary policy, or healing rules, so it is not this module's responsibility.",W1
.v1/defs/sec_forms/cover/reflow.py,61,code,.v1/defs/tests/test_reflow.py,,,NOT_STARTED,,"v1 reflow.py:37 is_cover_layout_line (lru_cache, 7 cover patterns) and :22 is_checkbox_answer_line; grep -rn 'is_cover_layout_line|is_checkbox_answer_line' edgar_sec/ tests/ -> 0 hits",,W1
.v1/defs/sec_forms/cover/rules.py,113,code,.v1/defs/tests/test_cover_boundary.py,,,NOT_STARTED,,v1 rules.py:52 compile_cover_rules with identity-keyed _COMPILE_CACHE and six compiled alternations; grep -rn 'CompiledCoverRules|compile_cover_rules' edgar_sec/ tests/ -> 0 hits,,W1
.v1/defs/sec_forms/cover/structure.py,342,code,.v1/defs/tests/test_context_contracts.py;.v1/defs/tests/test_cover_boundary.py;.v1/defs/tests/test_toc_engine.py,,,NOT_STARTED,,v1 structure.py:82 RE_PART / :95 RE_ITEM_EXACT / :225 match_structural_line; grep -rn 'RE_ITEM_EXACT|match_structural_line|SectionKind' edgar_sec/ tests/ -> 0 hits,,W1
.v1/defs/sec_forms/cover/tables.py,161,code,.v1/defs/tests/test_cover_tables.py,,,NOT_STARTED,,"v1 tables.py:61 clean_cover_tables, :27 _RE_REPORT_PERIOD_TABLE (annual|transition|quarterly report ... section 13/15/1934); grep -rn 'clean_cover_tables|RE_TABLE_BLOCK' edgar_sec/ tests/ -> 0 hits",Table extraction is explicitly listed as absent in v2 by CONTEXT.md sec.5.,W1
.v1/defs/sec_forms/cover/toc/__init__.py,54,code,.v1/defs/tests/test_toc_engine.py;.v1/defs/tests/test_cover_toc.py;.v1/defs/tests/test_body_start.py;.v1/defs/tests/test_context_contracts.py,,,NOT_STARTED,,v1 toc/finder.py:192 def find_toc_span + toc/README row RE_TOC_HEADING; grep -rn 'find_toc_span|TocSpan|RE_TOC_HEADING' edgar_sec/ tests/ -> 0 hits,,W1
.v1/defs/sec_forms/cover/toc/analysis.py,203,code,.v1/defs/tests/test_toc_engine.py;.v1/defs/tests/test_cover_toc.py,,,NOT_STARTED,,"v1 toc/analysis.py:35 is_toc_row, :47 looks_like_toc_row, :67 looks_like_toc_tabular, :147 score_block_toc_density, :172 is_anachronistic_late_item; grep -rn 'is_toc_row|looks_like_toc_row|normalize_for_matching' edgar_sec/ tests/ -> 0 hits",,W1
.v1/defs/sec_forms/cover/toc/finder.py,454,code,.v1/defs/tests/test_toc_engine.py;.v1/defs/tests/test_cover_toc.py;.v1/defs/tests/test_cover_boundary.py,,,NOT_STARTED,,v1 toc/finder.py:192 def find_toc_span + toc/README row RE_TOC_HEADING; grep -rn 'find_toc_span|TocSpan|RE_TOC_HEADING' edgar_sec/ tests/ -> 0 hits,Third-largest unported file in W1 (454 lines).,W1
.v1/defs/sec_forms/cover/toc/models.py,31,code,.v1/defs/tests/test_context_contracts.py;.v1/defs/tests/test_toc_engine.py;.v1/defs/tests/test_body_start.py,,,NOT_STARTED,,"v1 toc/models.py:18 class TocSpan(start_line, end_line, start_offset, end_offset, method, confidence, evidence, approximate); grep -rn 'TocSpan|TocEvidence' edgar_sec/ tests/ -> 0 hits",,W1
.v1/defs/sec_forms/cover/toc/patterns.py,56,code,.v1/defs/tests/test_toc_engine.py;.v1/defs/tests/test_cover_toc.py,,,NOT_STARTED,,"v1 toc/patterns.py:12 RE_TOC_HEADING, :17 RE_TOC_ITEM, :21 RE_TOC_PART_TEXT, :22 RE_TOC_PART_ROW, :25 RE_TOC_ITEM_ROW, :30 WEAK_TOC_HEADINGS = ('index', 'reference', 'references'); grep -rn 'RE_TOC_HEADING|RE_TOC_ITEM|RE_TOC_PART_ROW' edgar_sec/ tests/ -> 0 hits",,W1
.v1/defs/sec_forms/cover/toc/residue.py,140,code,.v1/defs/tests/test_toc_engine.py,,,NOT_STARTED,,v1 toc/residue.py:50 consume_toc_residue (advances past trailing TOC residue until substantive body prose) and :18 _has_toc_continuation; grep -rn 'consume_toc_residue|_has_toc_continuation' edgar_sec/ tests/ -> 0 hits,v1 coupling is transitive only (reached through find_toc_span).,W1
.v1/defs/sec_forms/cover/topology.py,139,code,.v1/defs/tests/test_toc_engine.py,,,NOT_STARTED,,v1 topology.py:20 resolve_document_topology returning the 4-zone DocumentTopology (cover_start/cover_end/toc_start/toc_end/body_start); grep -rn 'resolve_document_topology|DocumentTopology' edgar_sec/ tests/ -> 0 hits,,W1
.v1/defs/sec_forms/families.py,125,code,.v1/defs/tests/test_cover_profiles.py,edgar_sec/engine/selection/features.py,697,PARTIAL,tests/engine/selection/test_features.py,"v1 families.py:56 _FORM_SUFFIXES = (""_A"",""_W"",""_POS"",""-POS"",""MEF"",""-W"",""/A"") and :78 form_family(); v2 features.py:58 FORM_FAMILY_SUFFIXES is the identical 7-tuple and features.py:92 form_family() has the same removesuffix loop; exercised by tests/engine/selection/test_features.py:55 test_form_family_collapses_amendment_suffixes and :63 test_form_family_strips_every_known_suffix","PORTED part = suffix collapse only. MISSING part: the whole alias registry families.py:12 FORM_FAMILY_ALIASES (30 aliases incl. 10-K405, 10-K405/A, 10-KSB, 10KSB40, 10-KT, 10KT405, 10-QSB, 10-QT, 8-K12B, 8-K12G3, 8-K15D5, 20FR12B, 20FR12G3) plus resolve_alias/normalize_form/aliases_for_family/family_lookup; grep FORM_FAMILY_ALIASES|aliases_for_family|normalize_form edgar_sec/ tests/ -> 0 hits. v1 test_cover_profiles.py:40-44 asserts resolve_alias(""10-QSB"")==""10-Q"" and resolve_alias(""8-K12B"")==""8-K"" - behaviour with no v2 home. domain/taxonomy/family_vocab.py is company-NAME vocabulary (ABBR_MAP/PLURAL_MAP/STATE_CODES), not form families; roadmap v2_refactor_roadmap.md sec.1.4 Correction says so explicitly.",W2
.v1/defs/sec_forms/forms/__init__.py,8,code,,,,NOT_STARTED,,v1 forms/__init__.py:8 __all__: list[str] = [] - a deliberate no-eager-import package marker; no v2 equivalent package exists (find edgar_sec -type d -not -path '*__pycache__*' lists no forms package),v1_kind is 'code' but the file is a package marker with no v1 test coverage; nothing to port.,W1
.v1/defs/sec_forms/forms/annual/__init__.py,50,code,.v1/defs/tests/test_bow_scorer.py;.v1/defs/tests/test_cover_profiles.py;.v1/defs/tests/test_text_healing.py;.v1/defs/tests/test_toc_engine.py;.v1/defs/tests/test_sec_forms_normalization.py,,,NOT_STARTED,,v1 annual/__init__.py:14 re-exports ITEMS/PARTS and :6 ANNUAL_ADDITIONAL_PHRASE_RULES plus the PUBLIC_FLOAT_*/SHARES_* regexes; grep -rn 'INCORPORATED_REFERENCE_TERMS|PUBLIC_FLOAT_ANCHOR_RE|SHARES_VALUE_RE' edgar_sec/ tests/ -> 0 hits,,W1
.v1/defs/sec_forms/forms/annual/evaluator.py,145,code,.v1/defs/tests/test_sec_forms_normalization.py,,,NOT_STARTED,,"v1 annual/evaluator.py:42 class AnnualEvaluator with _RE_EX13 anchor plus a +/-300-char window and 12 delegation verbs (_DELEGATION_VERBS), returning DecisionAction.REFETCH_SUB_DOC for Exhibit 13 stubs; grep -rn 'EX-13|REFETCH_SUB_DOC|AnnualEvaluator' edgar_sec/ tests/ -> 0 hits",,W1
.v1/defs/sec_forms/forms/annual/evidence.py,340,code,.v1/defs/tests/test_bow_scorer.py;.v1/defs/tests/test_cover_profiles.py,,,NOT_STARTED,,v1 forms/annual/evidence.py:184 EvidenceTier/LexicalEvidencePack tier tables; grep -rn 'LexicalEvidencePack|EvidenceTier|compile_evidence_pack|score_unit' edgar_sec/ tests/ -> 0 hits (v2 has no defs.text.bow equivalent),v1 coupling is partly transitive (reached through build_annual_profile); test_bow_scorer.py imports ANNUAL_BODY_LEXICAL_PACK directly.,W1
.v1/defs/sec_forms/forms/annual/sequences.py,106,code,.v1/defs/tests/test_cover_profiles.py;.v1/defs/tests/test_text_healing.py,,,NOT_STARTED,,v1 annual/sequences.py:91 ANNUAL_ADDITIONAL_PHRASE_RULES = SHARES_RULES + PUBLIC_FLOAT_RULES + DOCUMENTS_INCORPORATED_RULES + AUDITOR_RULES + EXTENDED_TRANSITION_RULES; grep -rn 'ANNUAL_ADDITIONAL_PHRASE_RULES|PhraseSequenceRule|heal_split_lines' edgar_sec/ tests/ -> 0 hits,,W1
.v1/defs/sec_forms/forms/annual/taxonomy.py,489,code,.v1/defs/tests/test_toc_engine.py;.v1/defs/tests/test_cover_profiles.py,,,NOT_STARTED,,v1 forms/annual/taxonomy.py:13 ItemDefinition tuples for PART I-IV / ITEM 1-16 (annual) and Section 1-9 dotted items (8-K); grep -rn 'ItemDefinition|FORM_10K_ITEMS|FORM_8K_ITEMS|risk factors' edgar_sec/ tests/ -> 0 hits,"Second-largest unported file in W1 (489 lines). The nearest v2 symbol, edgar_sec/engine/selection/features.py:92 form_family(), collapses a form STRING to a family name for selection features and is not a Part/Item taxonomy; v2_refactor_roadmap.md:245 explicitly places form-family classification in the selection layer.",W1
.v1/defs/sec_forms/forms/annual/vocabulary.py,128,code,.v1/defs/tests/test_cover_profiles.py;.v1/defs/tests/test_text_healing.py,,,NOT_STARTED,,"v1 annual/vocabulary.py:51 PUBLIC_FLOAT_PHRASES (15 captions), :69 SHARES_PHRASES (12 captions), :9 INCORPORATED_REFERENCE_TERMS, :44 DELINQUENT_FILERS_TERMS; compiled regexes PUBLIC_FLOAT_ANCHOR_RE/PUBLIC_FLOAT_VALUE_RE/PUBLIC_FLOAT_EXACT_RE/SHARES_ANCHOR_RE/SHARES_VALUE_RE; grep -rn 'PUBLIC_FLOAT_PHRASES|SHARES_PHRASES|DELINQUENT_FILERS_TERMS' edgar_sec/ tests/ -> 0 hits",v1 coupling is transitive only (reached through ANNUAL_ADDITIONAL_PHRASE_RULES and AnnualReportEvidence).,W1
.v1/defs/sec_forms/forms/common.py,109,code,.v1/defs/tests/test_bow_scorer.py,,,NOT_STARTED,,"v1 common.py:40 derive_lexical_pack builds EvidenceTier(name='body_phrase', priority=30, value=3, match_kind='ngram', min_distinct_hits=1) tiers; v1 :11 CoverEvidencePack and :22 BodyEvidencePack; grep -rn 'LexicalEvidencePack|EvidenceTier|derive_lexical_pack' edgar_sec/ tests/ -> 0 hits",Both evidence-pack dataclasses and the tier compiler are missing; v2 has no lexical scoring engine for body-anchor detection.,W1
.v1/defs/sec_forms/forms/current_report/__init__.py,25,code,,,,NOT_STARTED,,v1 current_report/__init__.py:15 __all__ re-exports FORM_8K_DERIVED/FORM_8K_ITEMS/CurrentReportEvidence; grep -rn 'FORM_8K_DERIVED|CurrentReportEvidence' edgar_sec/ tests/ -> 0 hits,v1 coupling is transitive only; no v1 test names any current_report symbol.,W1
.v1/defs/sec_forms/forms/current_report/evaluator.py,38,code,.v1/defs/tests/test_sec_forms_normalization.py,,,NOT_STARTED,,v1 forms/current_report/evaluator.py:15 DecisionAction/RefetchDecision/FormEvaluator; grep -rn 'DecisionAction|RefetchDecision|FormEvaluator|get_evaluator' edgar_sec/ tests/ -> 0 hits; the v1 implementation is an unconditional DecisionAction.PROCEED placeholder,,W1
.v1/defs/sec_forms/forms/current_report/evidence.py,99,code,,,,NOT_STARTED,,"v1 forms/current_report/evidence.py:52 EvidenceTier/LexicalEvidencePack tier tables; grep -rn 'LexicalEvidencePack|EvidenceTier|compile_evidence_pack|score_unit' edgar_sec/ tests/ -> 0 hits (v2 has no defs.text.bow equivalent); v1 CURRENT_REPORT_BODY_PHRASES = ('material definitive agreement', 'credit agreement', ...)",v1 coupling is transitive only (reached through build_current_report_profile); no v1 test names these symbols.,W1
.v1/defs/sec_forms/forms/current_report/taxonomy.py,40,code,,,,NOT_STARTED,,"v1 current_report/taxonomy.py:8 FORM_8K_ITEMS (8 dotted items 1.01, 1.02, 2.01, 2.02, 5.02, 7.01, 8.01, 9.01) and :33 FORM_8K_DERIVED; grep -rn 'FORM_8K_ITEMS|FORM_8K_DERIVED' edgar_sec/ tests/ -> 0 hits",v1 has no test referencing FORM_8K_ITEMS or FORM_8K_DERIVED; covered transitively only through build_current_report_profile.,W1
.v1/defs/sec_forms/forms/evaluator.py,97,code,.v1/defs/tests/test_sec_forms_normalization.py,,,NOT_STARTED,,v1 forms/evaluator.py:12 DecisionAction/RefetchDecision/FormEvaluator; grep -rn 'DecisionAction|RefetchDecision|FormEvaluator|get_evaluator' edgar_sec/ tests/ -> 0 hits,"v2 roadmap calls richer DecisionAction values a net-new Feature C (v2_refactor_roadmap.md:169-170), i.e. the whole evaluator layer is still unbuilt rather than deliberately dropped.",W1
.v1/defs/sec_forms/forms/profiles.py,162,code,.v1/defs/tests/test_cover_profiles.py;.v1/defs/tests/test_context_contracts.py;.v1/defs/tests/test_cover_boundary.py,,,NOT_STARTED,,"v1 forms/profiles.py:33 build_annual_profile, :75 build_quarterly_profile, :105 build_current_report_profile, :140 build_no_cover_profile; grep -rn 'build_annual_profile|build_quarterly_profile|build_no_cover_profile' edgar_sec/ tests/ -> 0 hits",v1 coupling is transitive only - reached through defs.sec_forms.cover.profiles.get_profile(); no v1 test imports forms.profiles directly.,W1
.v1/defs/sec_forms/forms/quarterly/__init__.py,8,code,.v1/defs/tests/test_toc_engine.py,,,NOT_STARTED,,"v1 quarterly/__init__.py:7 __all__ = ['ITEMS', 'PARTS', 'QuarterlyReportEvidence']; grep -rn 'FORM_10Q_DERIVED|QuarterlyReportEvidence' edgar_sec/ tests/ -> 0 hits",,W1
.v1/defs/sec_forms/forms/quarterly/evaluator.py,67,code,.v1/defs/tests/test_sec_forms_normalization.py,,,NOT_STARTED,,v1 forms/quarterly/evaluator.py:15 DecisionAction/RefetchDecision/FormEvaluator; grep -rn 'DecisionAction|RefetchDecision|FormEvaluator|get_evaluator' edgar_sec/ tests/ -> 0 hits; v1 tiers on filing_year >= 2012 (post-2011 XBRL bypass) and a 750KB HTML / 300KB TXT size ceiling,,W1
.v1/defs/sec_forms/forms/quarterly/evidence.py,64,code,,,,NOT_STARTED,,"v1 forms/quarterly/evidence.py:22 EvidenceTier/LexicalEvidencePack tier tables; grep -rn 'LexicalEvidencePack|EvidenceTier|compile_evidence_pack|score_unit' edgar_sec/ tests/ -> 0 hits (v2 has no defs.text.bow equivalent); v1 QUARTERLY_BODY_STRONG_TERMS = ('quarter', 'quarterly', 'sequential', 'comparable')",v1 coupling is transitive only (reached through build_quarterly_profile); no v1 test names QuarterlyReportEvidence or QUARTERLY_BODY_LEXICAL_PACK.,W1
.v1/defs/sec_forms/forms/quarterly/taxonomy.py,97,code,.v1/defs/tests/test_toc_engine.py,,,NOT_STARTED,,v1 forms/quarterly/taxonomy.py:10 ItemDefinition tuples for PART I-IV / ITEM 1-16 (annual) and Section 1-9 dotted items (8-K); grep -rn 'ItemDefinition|FORM_10K_ITEMS|FORM_8K_ITEMS|risk factors' edgar_sec/ tests/ -> 0 hits,,W1
.v1/defs/sec_forms/forms/registry.py,73,code,,,,NOT_STARTED,,"v1 registry.py:35 get_taxonomy, :42 get_taxonomy_matcher (Aho-Corasick LexicalMatcher over norm_toc_keywords/norm_early_names/norm_late_names), :53 _get_or_build_aggregate_matcher; grep -rn 'get_taxonomy|compile_lexical_matcher|LexicalMatcher' edgar_sec/ tests/ -> 0 hits","v1 has no test file referencing get_taxonomy or get_taxonomy_matcher - a pre-existing v1 coverage gap, recorded here because the column is otherwise empty for a non-trivial module.",W1
.v1/defs/sec_forms/models.py,89,code,,,,NOT_STARTED,,"v1 models.py:50 @dataclass CoverPageModel (20 cover fields incl. securities_12b, co_registrants, checkboxes, auditor_pcaob_id), :9 Security12b, :19 RegistrantEntry, :33 CheckboxDisclosures; grep -rn ""CoverPageModel|Security12b|RegistrantEntry|CheckboxDisclosures"" edgar_sec/ tests/ -> 0 hits","FINDING: v1_tests empty. No file under .v1/defs/tests/ or .v1/phases/ imports defs.sec_forms.models; the four cover dataclasses are only reached transitively through defs.sec_forms.cover.extractors, so the layer-0 DTO contract was never directly asserted in v1 either.",W2
.v1/defs/sec_forms/normalization/__init__.py,15,code,.v1/defs/tests/test_sec_forms_normalization.py,,,NOT_STARTED,,"v1 normalization/__init__.py:8 __all__ exports DocumentNormalizer, FormNormalizationPipeline, NormalizationResult, get_pipeline, normalize_document, register_pipeline; grep -rn ""DocumentNormalizer|normalize_document|register_pipeline"" edgar_sec/ tests/ -> 0 hits",,W2
.v1/defs/sec_forms/normalization/base.py,28,code,.v1/defs/tests/test_sec_forms_normalization.py,,,NOT_STARTED,,"v1 base.py:12 @runtime_checkable class FormNormalizationPipeline(Protocol) with normalize(preprocessed, metadata, *, page_artifact_policy, tag_untagged_tables); grep -rn ""FormNormalizationPipeline"" edgar_sec/ tests/ -> 0 hits",The FormPlugin SPI that would replace this Protocol is still PENDING in roadmap v2_refactor_roadmap.md sec.3 (engine/forms/).,W2
.v1/defs/sec_forms/normalization/engine.py,62,code,.v1/defs/tests/test_sec_forms_normalization.py;.v1/phases/025_webpage_storage/tests/test_filing_processor.py,,,NOT_STARTED,,"v1 engine.py:13 class DocumentNormalizer.normalize_result(..., page_artifact_policy: PageArtifactPolicy = PageArtifactPolicy.STRIP) and :45 normalize_document(); consumed by .v1/phases/025_webpage_storage/core/processor.py:13; grep -rn ""DocumentNormalizer|normalize_document"" edgar_sec/ tests/ -> 0 hits",This is v1 phase 025 Stage-2 normalization; v2 pipelines/document_storage/ does not exist (roadmap sec.3 PENDING).,W2
.v1/defs/sec_forms/normalization/models.py,40,code,.v1/defs/tests/test_sec_forms_normalization.py,,,NOT_STARTED,,"v1 models.py:12 @dataclass NormalizationResult(text, cover_boundary, body_start, toc_span, closing_span, reflow, page_analysis, page_artifacts, table_geometries, checkmark_inference, stage_trace); grep -rn ""NormalizationResult|page_artifacts|stage_trace"" edgar_sec/ tests/ -> 0 hits",No v2 document-normalization result DTO; closest structural ancestor is roadmap Blueprint A domain/documents/DocumentBlock (PENDING).,W2
.v1/defs/sec_forms/normalization/pipelines/annual.py,15,code,.v1/defs/tests/test_sec_forms_normalization.py,,,NOT_STARTED,,"v1 annual.py:8 class AnnualPipeline(ProfileDrivenPipeline) with family=""10-K"", enable_toc=True, enable_body_start=True; grep -rn ""AnnualPipeline"" edgar_sec/ tests/ -> 0 hits",,W2
.v1/defs/sec_forms/normalization/pipelines/common.py,441,code,.v1/defs/tests/test_sec_forms_normalization.py,,,NOT_STARTED,,"v1 common.py:53 class ProfileDrivenPipeline.normalize() chains apply_html_policy -> find_cover_boundary_for_profile -> normalize_yes_no_pairs -> infer_cover_checkmarks -> apply_cover_checkmark_decisions -> clean_cover_tables -> heal_cover_text -> reflow_ascii -> build_line_mapper line remap; grep -rn ""ProfileDrivenPipeline|reflow_ascii|build_line_mapper|heal_cover_text"" edgar_sec/ tests/ -> 0 hits",Largest single-file orchestration in this scope. Every stage it sequences is unported; roadmap sec.1.2 lists the character-level normalization engine as a PENDING Phase 2.5 relocation to engine/normalization.py.,W2
.v1/defs/sec_forms/normalization/pipelines/current_report.py,15,code,.v1/defs/tests/test_sec_forms_normalization.py,,,NOT_STARTED,,"v1 current_report.py:8 class CurrentReportPipeline(ProfileDrivenPipeline) with family=""8-K"", enable_toc=False, enable_body_start=False; grep -rn ""CurrentReportPipeline"" edgar_sec/ tests/ -> 0 hits",,W2
.v1/defs/sec_forms/normalization/pipelines/fallback.py,15,code,.v1/defs/tests/test_sec_forms_normalization.py,,,NOT_STARTED,,"v1 fallback.py:8 class FallbackPipeline(ProfileDrivenPipeline) with family=""GENERIC"", the default returned by registry.get_pipeline() for unmapped forms; grep -rn ""FallbackPipeline"" edgar_sec/ tests/ -> 0 hits",Reached in v1 only through normalization.registry.get_pipeline(); no v1 test imports this module directly.,W2
.v1/defs/sec_forms/normalization/pipelines/quarterly.py,15,code,.v1/defs/tests/test_sec_forms_normalization.py,,,NOT_STARTED,,"v1 quarterly.py:8 class QuarterlyPipeline(ProfileDrivenPipeline) with family=""10-Q"", enable_toc=False, enable_body_start=True; grep -rn ""QuarterlyPipeline"" edgar_sec/ tests/ -> 0 hits",,W2
.v1/defs/sec_forms/normalization/registry.py,47,code,.v1/defs/tests/test_sec_forms_normalization.py,,,NOT_STARTED,,"v1 registry.py:12 _PIPELINE_REGISTRY = {""10-K"": AnnualPipeline(""10-K""), ""20-F"": ..., ""10-Q"": ..., ""8-K"": ...} and :29 get_pipeline(form) resolving via resolve_alias(); grep -rn ""get_pipeline|register_pipeline"" edgar_sec/ tests/ -> 0 hits",Form-family -> pipeline dispatch table has no v2 analogue; the only form-family dispatch that exists is the selection feature dimension form_family.,W2
.v1/defs/sec_forms/page_markers/__init__.py,83,code,.v1/defs/tests/test_page_markers.py;.v1/defs/tests/test_anchored_duplicate_markers.py;.v1/defs/tests/test_fast_html_page_markers.py;.v1/defs/tests/test_sec_forms_normalization.py;.v1/defs/tests/test_cover_boundary.py,,,NOT_STARTED,,"v1 page_markers/__init__.py:49 __all__ exports 32 names incl. analyze_page_markers, strip_page_markers, apply_page_markers, apply_html_policy, apply_text_policy, build_page_artifact_metadata, PageArtifactPolicy; grep -rn ""analyze_page_markers|strip_page_markers|apply_html_policy|PageArtifactPolicy"" edgar_sec/ tests/ -> 0 hits","Whole package absent from v2. Roadmap sec.3 marks infra/sgml/ and engine/ normalization/reflow/relocation as PENDING Phase 2.5, so page-marker analysis is expected NOT_STARTED territory per CONTEXT.md sec.3.",W2
.v1/defs/sec_forms/page_markers/artifacts.py,179,code,.v1/defs/tests/test_page_markers.py;.v1/defs/tests/test_anchored_duplicate_markers.py;.v1/defs/tests/test_fast_html_page_markers.py,,,NOT_STARTED,,"v1 artifacts.py:21 _ARTIFACT_TOKEN_RE = re.compile(r""^\[\[SEC:(PAGE_BREAK|REPEATING_HEADER|REPEATING_FOOTER) id=(\d+)\]\]$""), :84 template_id_for() = sha1(text)[:16], :146 build_page_artifact_metadata(); grep -rn ""SEC:PAGE_BREAK|page_artifact|template_id"" edgar_sec/ tests/ -> 0 hits","Rendered-provenance sidecar format; required by the AGENTS.md v1 storage rule on declared page-artifact policy, so it is a Phase 2.5 prerequisite rather than dead code.",W2
.v1/defs/sec_forms/page_markers/ascii/__init__.py,31,code,.v1/defs/tests/test_page_markers.py;.v1/defs/tests/test_anchored_duplicate_markers.py;.v1/defs/tests/test_fast_html_page_markers.py,,,NOT_STARTED,,"v1 ascii/__init__.py:21 __all__ re-exports analyze_page_markers, find_page_markers, strip_page_markers, apply_page_markers, analyze_repeating_headers, classify_candidate, roman_to_int, RE_PAGE_SUFFIX; grep -rn ""classify_candidate|roman_to_int|analyze_repeating_headers"" edgar_sec/ tests/ -> 0 hits",,W2
.v1/defs/sec_forms/page_markers/ascii/candidates.py,515,code,.v1/defs/tests/test_page_markers.py;.v1/defs/tests/test_anchored_duplicate_markers.py;.v1/defs/tests/test_fast_html_page_markers.py,,,NOT_STARTED,,"v1 candidates.py:41 _ASCII_PROBE_WINDOW = 2500, :44 line_offsets/line_for_offset, classify_candidate(), firm_markers(), promote_groups(), toc_lines() drawing on constants._RE_* label patterns; grep -rn ""promote_groups|firm_markers|toc_lines|_ASCII_PROBE_WINDOW"" edgar_sec/ tests/ -> 0 hits",Largest single file in this scope (515 lines).,W2
.v1/defs/sec_forms/page_markers/ascii/headers.py,454,code,.v1/defs/tests/test_page_markers.py,,,NOT_STARTED,,"v1 headers.py:47 def analyze_repeating_headers(text, markers, *, toc_lines=None, allow_table_furniture=False, boundary_lines=None, header_anchors=None, footer_anchors=None) -> tuple[tuple[TemplateEvidence, ...], list[PageMarker], list[PageMarkerDecision]]; :31 _deduplicate_anchors merges anchors <=2 lines apart; grep -rn ""analyze_repeating_headers|TemplateEvidence"" edgar_sec/ tests/ -> 0 hits",v1 tests/test_page_markers.py drives it through the public analyze_page_markers(); no v1 test imports this module directly.,W2
.v1/defs/sec_forms/page_markers/ascii/layout.py,92,code,.v1/defs/tests/test_page_markers.py,,,NOT_STARTED,,"v1 layout.py:26 def line_shape(line) -> {""all_caps"",""leading_column"",""right_edge"",""center_column"",""internal_gap"",""prose_ending""} and :43 candidate_template() masking numerics/roman numerals; also cluster_is_table_like/has_numeric_data_shape; grep -rn ""candidate_template|line_shape|cluster_is_table_like|has_numeric_data_shape"" edgar_sec/ tests/ -> 0 hits",Geometry guards depend on defs.tables.tokens (W4 scope); v2 has no table-geometry layer.,W2
.v1/defs/sec_forms/page_markers/ascii/orchestrator.py,363,code,.v1/defs/tests/test_page_markers.py;.v1/defs/tests/test_anchored_duplicate_markers.py;.v1/defs/tests/test_cover_boundary.py,,,NOT_STARTED,,"v1 orchestrator.py:32 _valid_firm_namespaces and the analyze_page_markers/find_page_markers/is_page_marker_line/RE_PAGE_SUFFIX surface that .v1/defs/tests/test_cover_boundary.py:21 exercises as cover_mod.find_page_markers; grep -rn ""is_page_marker_line|find_page_markers"" edgar_sec/ tests/ -> 0 hits",,W2
.v1/defs/sec_forms/page_markers/ascii/policy.py,330,code,.v1/defs/tests/test_page_markers.py;.v1/defs/tests/test_anchored_duplicate_markers.py;.v1/defs/tests/test_fast_html_page_markers.py,,,NOT_STARTED,,"v1 policy.py:28 _TAGGED_TABLE = re.compile(r""<TABLE\b.*?</TABLE\s*>"") with :31 _find_compact_table_ranges (only tables <=12 lines are atomic furniture) and strip_page_markers()/apply_page_markers() implementing the strip/annotate/preserve policy; grep -rn ""strip_page_markers|apply_page_markers"" edgar_sec/ tests/ -> 0 hits",,W2
.v1/defs/sec_forms/page_markers/ascii/windows.py,270,code,.v1/defs/tests/test_page_markers.py,,,NOT_STARTED,,"v1 windows.py:31-37 MAX_FURNITURE_LINES=8, MAX_FURNITURE_CHARS=1200, LOCAL_DENSITY=0.65, MAX_ANCHOR_GAP=2, PERSISTENT_MIN_ANCHORS=8, PERSISTENT_MIN_PRESENCE=0.05, PERSISTENT_MIN_CLUSTERS=3; :40 clean_template(), collect_window(), clusters(), merge_observations(); grep -rn ""MAX_FURNITURE_LINES|MAX_FURNITURE_CHARS|LOCAL_DENSITY|clean_template"" edgar_sec/ tests/ -> 0 hits",v1 tests/test_page_markers.py covers the bounded-window cohort behaviour through analyze_page_markers(); no direct import.,W2
.v1/defs/sec_forms/page_markers/constants.py,339,code,.v1/defs/tests/test_page_markers.py;.v1/defs/tests/test_fast_html_page_markers.py,,,NOT_STARTED,,"v1 constants.py:65 _PAGE_MARKER_PATTERNS = ((PageMarkerKind.PAGE_NUMBER_OF_TOTAL, _RE_PAGE_NUMBER_OF_TOTAL), (PageMarkerKind.SGML, _RE_SGML_LINE), ...), :74 RE_PAGE_SUFFIX, plus PROSE_GUARD_STOP_WORDS (42-word empirical set); grep -rn ""PageMarkerKind|RE_PAGE_SUFFIX|PROSE_GUARD_STOP_WORDS"" edgar_sec/ tests/ -> 0 hits","Depends on defs.regex.build_alternation and defs.text.structure.patterns (W3 scope), both unported.",W2
.v1/defs/sec_forms/page_markers/fast_html/__init__.py,15,code,.v1/defs/tests/test_fast_html_page_markers.py,,,NOT_STARTED,,"v1 fast_html/__init__.py:11 __all__ = [""analyze_fast_html_page_markers"",""apply_fast_html_page_policy"",""convert_html_to_break_text""]; grep -rn ""fast_html|convert_html_to_break_text"" edgar_sec/ tests/ -> 0 hits",,W2
.v1/defs/sec_forms/page_markers/fast_html/converter.py,182,code,.v1/defs/tests/test_fast_html_page_markers.py,,,NOT_STARTED,,"v1 converter.py:50 _PAGE_SENTINEL = ""__SEC_PAGE_SPLIT_SENTINEL__"", :61 _insert_page_sentinels() skipping find_table_spans() spans, :99 convert_html_to_break_text(), :134 apply_fast_html_page_policy(); grep -rn ""normalize_html_document|SEC_PAGE_SPLIT_SENTINEL|find_table_spans"" edgar_sec/ tests/ -> 0 hits","Depends on defs.text.html.normalize_html_document and defs.tables.protection (W3/W4 scope), neither built in v2.",W2
.v1/defs/sec_forms/page_markers/models.py,245,code,.v1/defs/tests/test_page_markers.py;.v1/defs/tests/test_anchored_duplicate_markers.py;.v1/defs/tests/test_fast_html_page_markers.py;.v1/defs/tests/test_sec_forms_normalization.py,,,NOT_STARTED,,"v1 models.py:9 class PageMarkerKind (21 stable shape names), :34 PageMarkerAction(StrEnum) REMOVE/NORMALIZE/PRESERVE, :50 PageArtifactPolicy(StrEnum) STRIP/ANNOTATE/PRESERVE, :209 PageMarkerAnalysis with 15 fields; grep -rn ""PageMarkerAnalysis|PageArtifactPolicy|PageMarkerAction|PageBreakArtifact"" edgar_sec/ tests/ -> 0 hits",,W2
.v1/defs/sec_forms/page_markers/orchestrator.py,107,code,.v1/defs/tests/test_fast_html_page_markers.py;.v1/defs/tests/test_page_markers.py,,,NOT_STARTED,,"v1 orchestrator.py:22 analyze_page_markers(document, context=None, *, representation=""ascii"", allow_letter_number=True) returning an empty analysis with terminal_state=NO_VISIBLE_LABELS for HTML, :54 apply_html_policy, :81 apply_text_policy; grep -rn ""apply_text_policy|apply_html_policy|PageMarkerTerminalState"" edgar_sec/ tests/ -> 0 hits",,W2
.v1/defs/sec_forms/page_markers/prose.py,43,code,.v1/defs/tests/test_page_markers.py,,,NOT_STARTED,,"v1 prose.py:29 _MATCHER = compile_lexical_matcher({""page_marker_prose"": sorted(_PROSE_WORDS)}) and :37 looks_like_prose(text, *, minimum_hits: int = 3); grep -rn ""looks_like_prose|prose_stop_words|compile_lexical_matcher"" edgar_sec/ tests/ -> 0 hits",Depends on defs.text.bow.automaton (W3 scope). No v1 test imports this module directly; it is reached via page_markers.ascii.windows.,W2
.v1/defs/sec_forms/page_markers/sequence.py,289,code,.v1/defs/tests/test_page_markers.py,,,NOT_STARTED,,"v1 sequence.py:13 MAX_INTERPOLATED_GAP = 64, :16 monotone_fraction(values, max_delta=3), :43 validate_group(..., min_members=3, min_monotone=0.8, min_gap_median=0.0), plus heal_run() and unify_alternating_runs(); grep -rn ""monotone_fraction|validate_group|heal_run|unify_alternating_runs"" edgar_sec/ tests/ -> 0 hits",,W2
.v1/defs/sec_forms/sequences.py,181,code,.v1/defs/tests/test_cover_profiles.py;.v1/defs/tests/test_text_healing.py,,,NOT_STARTED,,"v1 sequences.py:162 COMMON_PHRASE_RULES = [*BANNER_RULES, *FORM_TITLE_RULES, *PERIOD_FILE_REGISTRANT_RULES, *CONTACT_CAPTION_RULES, *REGISTRATION_RULES] built from defs.text.PhraseSequenceRule, aliased at :171 as SEC_COVER_PHRASE_RULES; grep -rn ""PhraseSequenceRule|COMMON_PHRASE_RULES|SEC_COVER_PHRASE_RULES|BANNER_RULES"" edgar_sec/ tests/ -> 0 hits","Depends on defs.text.PhraseSequenceRule and the phrase-healing engine (W3 scope), both unported.",W2
.v1/defs/sec_forms/vocabulary.py,469,code,.v1/defs/tests/test_sec_forms.py;.v1/defs/tests/test_cover_profiles.py;.v1/defs/tests/test_text_healing.py,,,NOT_STARTED,,"v1 vocabulary.py:16 COVER_LABELS (8 cover-caption groups), :103 SEC_HEADER_TERMS, :133 FILER_CATEGORY_PATTERNS, :184 CHECKBOX_KEYWORDS, :211 CHECKBOX_GRID_RE, :409 is_state_value(); grep -rn ""COVER_LABELS|CHECKBOX_GRID_RE|is_state_value|FILER_CATEGORY_PATTERNS|SEC_HEADER_TERMS"" edgar_sec/ tests/ -> 0 hits","Largest single file outside page_markers/. Partial name overlap only: edgar_sec/domain/taxonomy/jurisdictions.py:16 STATE_POSTAL_CODES / :75 STATE_NAMES (lowercased) cover the US-state half of is_state_value, but as jurisdiction vocabulary for company-name normalization, not as cover-field validation, and no v2 test exercises them for that purpose (tests/domain/taxonomy/test_taxonomy.py covers jurisdiction tables only).",W2
.v1/defs/sec_http/__init__.py,63,code,.v1/defs/tests/test_sec_http_client.py;.v1/defs/tests/test_sec_http_headers.py;.v1/defs/tests/test_sec_http_broker.py;.v1/phases/025_webpage_storage/tests/test_fetcher.py,edgar_sec/infra/sec_http/__init__.py,1,DROPPED,,AGENTS.md:48-52 'No Barrel Re-exports in __init__.py ... Allowed in __init__.py: package docstrings'; roadmap/refactor_v2/phase_1.md:97 '__init__.py  # [DONE] Package docstring (no barrel re-exports)'; v1 __all__ lists 26 symbols (.v1/defs/sec_http/__init__.py:35-63) and v2 edgar_sec/infra/sec_http/__init__.py re-exports 0,"Corrected from PORTED_DIVERGED on the re-run. The v1 file's entire content is the re-export surface, and that surface was removed by rule with no shim (AGENTS.md:45-47). 20 of the 26 symbols exist in v2 leaf modules; 6 do not (SqlCacheReader, make_cache_reader, DEFAULT_SEC_MAX_CONCURRENCY, SecTransportProfile, make_sec_http_client, resolve_sec_transport_profile) and DEFAULT_JSON_TTL_S was renamed DEFAULT_CACHE_JSON_TTL_S (settings/paths.py:19). Re-audited by rule, not by probe: a 1-line docstring has no behaviour to mutate, so no v2_test can honestly be named and naming tests/infra/sec_http/test_client.py would repeat the topical-adjacency defect.",W6
.v1/defs/sec_http/broker.py,409,code,.v1/defs/tests/test_sec_http_broker.py,,,NOT_STARTED,,roadmap/refactor_v2/v2_refactor_roadmap.md:451 'broker/  # **PENDING** Unix-socket SecBroker daemon (Phase 2.5)'; grep -rEn 'SecBroker|SecBrokerClient|HEALTHCHECK_URL|PROTOCOL_VERSION' edgar_sec/ tests/ -> 0 hits (re-verified 2026-09-28),"SecBroker/SecBrokerClient, the length-prefixed JSON framing (_send_frame/_recv_frame/_recv_exactly, PROTOCOL_VERSION = 1, HEALTHCHECK_URL), the warm-cache peek fast path and the 512 MiB reclaim accounting are all absent. Largest single NOT_STARTED file in W6 scope; its v1 contract suite is .v1/defs/tests/test_sec_http_broker.py.",W6
.v1/defs/sec_http/broker_cli.py,340,code,.v1/defs/tests/test_sec_http_broker.py,,,NOT_STARTED,,"grep -rn 'Broker|broker|ensure_broker' edgar_sec/ -> only edgar_sec/foundation/runtime/memory.py:5 (docstring sentence); no BrokerPaths in edgar_sec/foundation/runtime/paths.py (cache_root only, lines 49 and 113)","start/stop/status/serve subcommands, ensure_broker auto-start, broker_cache_dir registry resolution, the PID/registry/socket layout and the 'python -m defs.sec_http.broker' entrypoint are all absent. Same Phase 2.5 deferral as broker.py; the v2 CLI surfaces that do exist are per-pipeline (pipelines/metadata_sync/cli.py, pipelines/filing_catalog/cli.py).",W6
.v1/defs/sec_http/cache.py,421,code,.v1/defs/tests/test_sec_http_cache_reader.py;.v1/defs/tests/test_sec_http_broker.py;.v1/defs/tests/test_sec_http_client.py;.v1/defs/tests/test_sec_http_headers.py;.v1/phases/025_webpage_storage/tests/test_fetcher.py,edgar_sec/infra/sec_http/cache.py,252,PARTIAL,tests/infra/sec_http/test_cache.py,"v2 SqlCache._create_tables declares url_responses (url_sha256, url, payload, payload_sha256, byte_size, content_kind, fetched_at, expires_at) and url_failures (..., permanent, updated_at) at cache.py:88-116. Mutation 2026-09-28: get() -> 'return None' fires test_cache_miss_then_put_get; put() -> no-op fires the same; record_failure() -> no-op fires test_failure_ledger_records_and_clears. grep -rEn 'SqlCacheReader|make_cache_reader|mode=ro' edgar_sec/ tests/ -> 0 hits (re-verified 2026-09-28)","Missing part: the read-only SqlCacheReader (SQLite URI mode=ro, thread-local connections, fail-open on missing/unreadable/drifted database, v1 cache.py:328-391) plus make_cache_reader (v1 cache.py:404). Two smaller deltas: v2 record_failure returns None where v1 returned the refreshed ledger entry (v1 cache.py:311), and v2 uses raw SQL strings instead of the defs/sql compiled-SQL executor. DEFAULT_JSON_TTL_S was moved to edgar_sec/foundation/runtime/settings/paths.py:19 as DEFAULT_CACHE_JSON_TTL_S, value unchanged at 90 days.",W6
.v1/defs/sec_http/client.py,536,code,.v1/defs/tests/test_sec_http_client.py;.v1/defs/tests/test_sec_http_headers.py,edgar_sec/infra/sec_http/client.py,382,PARTIAL,tests/infra/sec_http/test_client.py,"Mutation 2026-09-28, each of the four named tests fires: dropping User-Agent from default_headers -> test_default_headers_carry_user_agent; peek_cache() -> 'return None' -> test_cache_probe_and_hit_metric; get_json_ex() dropping sha256_bytes -> test_get_json_ex_returns_provenance; peek_cache() dropping record_cache_hit -> test_cache_probe_and_hit_metric. grep -rEn 'SecTransportProfile|resolve_sec_transport_profile|make_sec_http_client' edgar_sec/ tests/ -> 0 hits (re-verified 2026-09-28)","Three named missing parts. (1) The SecTransportProfile / resolve_sec_transport_profile / make_sec_http_client public factory contract (v1 client.py:45,91,106) is gone with no documented replacement; it is silently superseded by SecHttpClient.from_settings + edgar_sec/foundation/runtime/settings/sec.py. (2) DEFAULT_SEC_MAX_CONCURRENCY = 8 (v1 client.py:24) is gone entirely: v2 has no max_concurrency parameter and no BoundedTransport, contradicting v1 assertions at .v1/defs/tests/test_sec_http_client.py:55,63,114. (3) Untested v2 paths, all mutation-confirmed at 627 passed: _preflight_skip -> 'return None', the force_refresh cache bypass, and removing the rate_limiter.acquire() pacing sleep. Also v1 DEFAULT_MAX_RETRIES = 4 became 3 (edgar_sec/foundation/runtime/settings/sec.py:19).",W6
.v1/defs/sec_http/errors.py,36,code,.v1/defs/tests/test_sec_http_client.py;.v1/defs/tests/test_sec_http_headers.py,edgar_sec/infra/sec_http/errors.py,36,PORTED,tests/pipelines/metadata_sync/test_worker.py,"v2 is a faithful port: same three classes at errors.py:6/16/28, same url/reason/status_code attributes, same message strings at :13 and :24 (PermanentHttpError, RetryExhausted, ResponseTooLargeError(PermanentHttpError)). Mutation 2026-09-28, neutering the __init__ bodies of PermanentHttpError and RetryExhausted to 'Exception.__init__(self)' while keeping names, bases and __all__ fires 6 tests: tests/pipelines/metadata_sync/test_worker.py::test_fetch_cik_records_permanent_404, ::test_fetch_cik_records_historical_failure, ::test_normalize_one_cik_marks_permanent_failure_terminal, ::test_normalize_one_cik_partial_when_history_fails, ::test_run_chunk_emits_one_row_per_requested_cik_even_on_failure and tests/infra/sec_http/test_client.py::test_get_json_ex_rejects_non_object_root","Corrected from v2_test=tests/infra/sec_http/test_client.py, which covers only one incidental case; the 5-test file above is the real cover. They are not topical adjacency: edgar_sec/pipelines/metadata_sync/sec_client.py:78-83 and :98-103 catch these exceptions by type and read exc.reason, so the tests fail unless the classes exist, are catchable, and carry url/reason/status_code. Residue NOT covered, mutation-confirmed: rebasing RetryExhausted on ValueError and ResponseTooLargeError off PermanentHttpError leaves the suite at 627 passed, so the subclass edge and ResponseTooLargeError itself are unexercised anywhere; rewriting both message formats to a literal leaves only test_get_json_ex_rejects_non_object_root failing, so the format strings are unpinned. No tests/infra/sec_http/test_errors.py exists although cache, client, rate_limit and retry each have a mirror - the AGENTS.md S6 asymmetry, recorded as a finding and not as grounds to downgrade.",W6
.v1/defs/sec_http/metrics.py,77,code,.v1/defs/tests/test_sec_http_broker.py;.v1/defs/tests/test_sec_http_client.py;.v1/defs/tests/test_sec_http_headers.py,edgar_sec/infra/sec_http/metrics.py,74,PARTIAL,tests/infra/sec_http/test_client.py,"v2 HttpMetrics declares the same ten counters plus _lock and the same six record_*/snapshot methods (metrics.py:13-71). Mutation 2026-09-28: neutering all seven counter bodies fires exactly one test, tests/infra/sec_http/test_client.py::test_cache_probe_and_hit_metric; but record_failure + record_retry -> no-op and snapshot() -> 'return {}' each leave the full suite at 627 passed. No tests/infra/sec_http/test_metrics.py.","Missing part, now mutation-proven rather than inferred: no v2 test exercises record_attempt, record_status, record_failure, record_retry or snapshot(). The single covered counter is cache_hits. v1 coverage was also thin (.v1/defs/tests/test_sec_http_broker.py imports HttpMetrics and constructs it but asserts no counter), so this gap is inherited rather than introduced. Only textual delta from v1 is the status_counts annotation (dict[str, int] vs dict) and the loss of the record_failure docstring.",W6
.v1/defs/sec_http/rate_limit.py,106,code,.v1/defs/tests/test_sec_http_client.py;.v1/defs/tests/test_sec_http_headers.py,edgar_sec/infra/sec_http/rate_limit.py,103,PARTIAL,tests/infra/sec_http/test_rate_limit.py,"v2 rate_limit.py:11-15 carries the identical constants MAX_INTERVAL_S=60.0, THROTTLE_MULTIPLIER=1.5, RECOVERY_QUIET_S=30.0, RECOVERY_DECAY=0.10, RETRY_AFTER_CAP_S=120.0 and the acquire/signal_throttle/signal_network_error/snapshot bodies are line-for-line v1. Mutation 2026-09-28: signal_throttle -> no-op and snapshot -> 'return {}' each fire test_rate_limiter_pacing, and removing the min_interval_s <= 0 guard fires test_rate_limiter_rejects_non_positive_interval.","Downgraded from PORTED on the re-run. Missing part, mutation-proven: the file's central responsibility, acquire() reserving the next slot under the lock and returning the sleep delay, is unpinned. Replacing the body after the recovery block with 'return 0.0', and separately changing 'self._next_slot = wake + self._interval' to '= now', each leave the FULL suite at 627 passed; the existing assertion acquire() == 0.0 is satisfied by both the real code and the mutant. The Retry-After branch of signal_throttle (retry_after_s is not None) is likewise uncovered: deleting it leaves 627 passed. Road map discrepancy: phase_1.md:103 correctly calls this an 'Adaptive token bucket rate limiter (8.0 RPS)', while v2_refactor_roadmap.md:75,88,102,160,945,990 claim a '4 RPS token bucket' - neither v1 (8.0) nor v2 (edgar_sec/foundation/runtime/settings/sec.py:17) defaults to 4 RPS. Only structural change from v1: DEFAULT_RATE_LIMIT_RPS moved out of the module into the settings registry, value unchanged.",W6
.v1/defs/sec_http/retry.py,53,code,.v1/defs/tests/test_sec_http_client.py;.v1/defs/tests/test_sec_http_headers.py,edgar_sec/infra/sec_http/retry.py,56,PORTED,tests/infra/sec_http/test_retry.py,"v2 retry.py:28-47 keeps the identical classify() branches (200 ok / 429 throttle / 408,425 retry / 5xx retry / else permanent) and the same delay() formula with RETRY_AFTER_CAP_S. Mutation 2026-09-28: classify() -> constant 'ok' fires test_retry_policy_classification; delay() -> constant 1.0 fires test_retry_backoff_grows_exponentially and test_retry_delay_honors_retry_after. No other test in the suite catches either.","BACKOFF_BASE_S = 0.5 and BACKOFF_CAP_S = 30.0 unchanged. DEFAULT_MAX_RETRIES and DEFAULT_TIMEOUT_S moved to edgar_sec/foundation/runtime/settings/sec.py:18-19 and are re-exported at retry.py:8-11, so the public surface is unchanged, but max_retries is 3 where v1 retry.py:11 declared 4 - a default-value delta that changes retry depth with no documented note. One uncovered branch, mutation-confirmed: deleting the 'status_code in (408, 425)' arm leaves the full suite at 627 passed.",W6
.v1/defs/sql/__init__.py,46,code,.v1/defs/tests/test_sql_ast_stress.py;.v1/defs/tests/test_sql_contract.py;.v1/defs/tests/test_sql_executor.py;.v1/phases/025_webpage_storage/tests/conftest.py;.v1/phases/025_webpage_storage/tests/test_chunk_worker.py;.v1/phases/025_webpage_storage/tests/test_fetcher.py;.v1/phases/025_webpage_storage/tests/test_fixture_builder.py;.v1/phases/025_webpage_storage/tests/test_filing_processor.py;.v1/phases/025_webpage_storage/tests/test_partition_merger.py;.v1/phases/025_webpage_storage/tests/test_pipeline.py;.v1/phases/025_webpage_storage/tests/test_schemas.py;.v1/phases/025_webpage_storage/tests/test_temporal_snapshot.py,,,NOT_STARTED,,no edgar_sec/**/sql package exists (ls edgar_sec/ -> domain engine foundation infra pipelines; find edgar_sec tests -type d -name 'sql*' -> 0 dirs); grep for QueryCompiler/CompiledQuery/SqlDialect/SqlExecutor/AstDepthError across edgar_sec/ -> 0 hits,"Public SQL AST/compiler contract: re-exports QueryCompiler, DialectPolicy, the 6-class error family, DbApiBackend/SqlExecutor, the expression/predicate/relation/schema/statement node sets. No v2 counterpart. v2 issues SQL only as inline f-strings: edgar_sec/infra/storage/duckdb_catalog.py:78, edgar_sec/infra/storage/duckdb.py:88, edgar_sec/engine/selection/inventory.py:94. roadmap/refactor_v2/v2_refactor_roadmap.md:436 'text/ regex/ sql/ # **PENDING** Phase 2.5+' and :401 put sql/ under foundation/ as future work. DEFICIENCY: v1's compiler validated aliases, CTE self-reference, AST depth and cycles before rendering; v2 has no AST and no equivalent gate, so 2.5 reintroduces the injection-safe query surface from scratch. FINDING: 13 v1 test files import this facade (3 defs tests + 9 phase-025 tests + conftest); v2 has zero SQL-contract tests.",W5
.v1/defs/sql/checks.py,77,code,.v1/defs/tests/test_checks.py,,,NOT_STARTED,,edgar_sec/foundation/scanners/__init__.py:14-22 ALL_SCANNERS registers exactly ENV/PATHS/SECRETS/CLEAN_EXIT/LENGTH/LAYERS/RESOURCES; grep for a storage or sql boundary scanner in edgar_sec/ -> 0 hits,"Policy scanner scan_sql_boundary (_RAW_SQL_RE bans literal SELECT/INSERT/CREATE/DROP/DELETE/UPDATE and .execute('SELECT...') outside _ALLOWED_PREFIXES, checks.py:9-25). Not registered in v2. edgar_sec/foundation/scanners/__init__.py:14-22 ALL_SCANNERS registers exactly ENV/PATHS/SECRETS/CLEAN_EXIT/LENGTH/LAYERS/RESOURCES; grep for a storage or sql boundary scanner in edgar_sec/ -> 0 hits NOT_STARTED rather than DROPPED: the package it guards is scheduled for Phase 2.5+, so the scanner should return with it. Gap is live now -- v2 emits raw SQL at edgar_sec/pipelines/filing_catalog/discovery.py:211 and edgar_sec/engine/selection/inventory.py:94 with nothing policing it.",W5
.v1/defs/sql/compiler/__init__.py,82,code,.v1/defs/tests/test_sql_ast_stress.py;.v1/defs/tests/test_sql_contract.py;.v1/defs/tests/test_sql_executor.py,,,NOT_STARTED,,no edgar_sec/**/sql package exists (ls edgar_sec/ -> domain engine foundation infra pipelines; find edgar_sec tests -type d -name 'sql*' -> 0 dirs); grep for QueryCompiler/CompiledQuery/SqlDialect/SqlExecutor/AstDepthError across edgar_sec/ -> 0 hits,"QueryCompiler(compile, compile_ddl_batch, wrap_in_transaction, allow_unsafe gate) composing the six mixins. No v2 equivalent. v2 issues SQL only as inline f-strings: edgar_sec/infra/storage/duckdb_catalog.py:78, edgar_sec/infra/storage/duckdb.py:88, edgar_sec/engine/selection/inventory.py:94. roadmap/refactor_v2/v2_refactor_roadmap.md:436 'text/ regex/ sql/ # **PENDING** Phase 2.5+' and :401 put sql/ under foundation/ as future work. DEFICIENCY: v1's compiler validated aliases, CTE self-reference, AST depth and cycles before rendering; v2 has no AST and no equivalent gate, so 2.5 reintroduces the injection-safe query surface from scratch.",W5
.v1/defs/sql/compiler/common.py,85,code,.v1/defs/tests/test_sql_ast_stress.py;.v1/defs/tests/test_sql_contract.py;.v1/defs/tests/test_sql_executor.py,,,NOT_STARTED,,no edgar_sec/**/sql package exists (ls edgar_sec/ -> domain engine foundation infra pipelines; find edgar_sec tests -type d -name 'sql*' -> 0 dirs); grep for QueryCompiler/CompiledQuery/SqlDialect/SqlExecutor/AstDepthError across edgar_sec/ -> 0 hits,"Shared compiler helpers (KNOWN_FUNCTIONS, _contains_table_reference, _entered) -- table-reference detection used by the self-reference guard. No v2 equivalent. v2 issues SQL only as inline f-strings: edgar_sec/infra/storage/duckdb_catalog.py:78, edgar_sec/infra/storage/duckdb.py:88, edgar_sec/engine/selection/inventory.py:94. roadmap/refactor_v2/v2_refactor_roadmap.md:436 'text/ regex/ sql/ # **PENDING** Phase 2.5+' and :401 put sql/ under foundation/ as future work. DEFICIENCY: v1's compiler validated aliases, CTE self-reference, AST depth and cycles before rendering; v2 has no AST and no equivalent gate, so 2.5 reintroduces the injection-safe query surface from scratch. FINDING: no v1 test imports these helpers by name; the 3 tests reach them only transitively through QueryCompiler.compile().",W5
.v1/defs/sql/compiler/ddl.py,143,code,.v1/defs/tests/test_sql_ast_stress.py;.v1/defs/tests/test_sql_contract.py;.v1/defs/tests/test_sql_executor.py,,,NOT_STARTED,,no edgar_sec/**/sql package exists (ls edgar_sec/ -> domain engine foundation infra pipelines; find edgar_sec tests -type d -name 'sql*' -> 0 dirs); grep for QueryCompiler/CompiledQuery/SqlDialect/SqlExecutor/AstDepthError across edgar_sec/ -> 0 hits,"DdlCompilerMixin (_create_table, _column, _column_type, _alter) rendering CREATE/ALTER TABLE with dialect-physical type mapping. v2 has no DDL path at all: grep for 'CREATE TABLE' / 'ALTER TABLE' in edgar_sec/ -> 0 hits (v2 reads Parquet, it never materialises a relational table). v2 issues SQL only as inline f-strings: edgar_sec/infra/storage/duckdb_catalog.py:78, edgar_sec/infra/storage/duckdb.py:88, edgar_sec/engine/selection/inventory.py:94. roadmap/refactor_v2/v2_refactor_roadmap.md:436 'text/ regex/ sql/ # **PENDING** Phase 2.5+' and :401 put sql/ under foundation/ as future work. DEFICIENCY: v1's compiler validated aliases, CTE self-reference, AST depth and cycles before rendering; v2 has no AST and no equivalent gate, so 2.5 reintroduces the injection-safe query surface from scratch.",W5
.v1/defs/sql/compiler/expressions.py,334,code,.v1/defs/tests/test_sql_ast_stress.py;.v1/defs/tests/test_sql_contract.py;.v1/defs/tests/test_sql_executor.py,,,NOT_STARTED,,no edgar_sec/**/sql package exists (ls edgar_sec/ -> domain engine foundation infra pipelines; find edgar_sec tests -type d -name 'sql*' -> 0 dirs); grep for QueryCompiler/CompiledQuery/SqlDialect/SqlExecutor/AstDepthError across edgar_sec/ -> 0 hits,"Largest single SQL file: function catalogue, aggregate lowering, LIKE-pattern synthesis, JsonExtract, window frames. v2's nearest artefact is the one fixed CTE chain at edgar_sec/infra/storage/duckdb_catalog.py:78-183, which is a query for one dataset, not a general expression renderer. v2 issues SQL only as inline f-strings: edgar_sec/infra/storage/duckdb_catalog.py:78, edgar_sec/infra/storage/duckdb.py:88, edgar_sec/engine/selection/inventory.py:94. roadmap/refactor_v2/v2_refactor_roadmap.md:436 'text/ regex/ sql/ # **PENDING** Phase 2.5+' and :401 put sql/ under foundation/ as future work. DEFICIENCY: v1's compiler validated aliases, CTE self-reference, AST depth and cycles before rendering; v2 has no AST and no equivalent gate, so 2.5 reintroduces the injection-safe query surface from scratch.",W5
.v1/defs/sql/compiler/predicates.py,124,code,.v1/defs/tests/test_sql_ast_stress.py;.v1/defs/tests/test_sql_contract.py;.v1/defs/tests/test_sql_executor.py,,,NOT_STARTED,,no edgar_sec/**/sql package exists (ls edgar_sec/ -> domain engine foundation infra pipelines; find edgar_sec tests -type d -name 'sql*' -> 0 dirs); grep for QueryCompiler/CompiledQuery/SqlDialect/SqlExecutor/AstDepthError across edgar_sec/ -> 0 hits,"PredicateCompilerMixin (_condition) covering Compare/Membership/RangeTest/NullTest/Exists/StringMatch/JsonArrayContains/BooleanGroup/Not. v2's only predicate builders are two hand-written f-string helpers, suffix_sql/amendment_sql at edgar_sec/infra/storage/duckdb_catalog.py:267,288. v2 issues SQL only as inline f-strings: edgar_sec/infra/storage/duckdb_catalog.py:78, edgar_sec/infra/storage/duckdb.py:88, edgar_sec/engine/selection/inventory.py:94. roadmap/refactor_v2/v2_refactor_roadmap.md:436 'text/ regex/ sql/ # **PENDING** Phase 2.5+' and :401 put sql/ under foundation/ as future work. DEFICIENCY: v1's compiler validated aliases, CTE self-reference, AST depth and cycles before rendering; v2 has no AST and no equivalent gate, so 2.5 reintroduces the injection-safe query surface from scratch.",W5
.v1/defs/sql/compiler/relations.py,182,code,.v1/defs/tests/test_sql_ast_stress.py;.v1/defs/tests/test_sql_contract.py;.v1/defs/tests/test_sql_executor.py,,,NOT_STARTED,,no edgar_sec/**/sql package exists (ls edgar_sec/ -> domain engine foundation infra pipelines; find edgar_sec tests -type d -name 'sql*' -> 0 dirs); grep for QueryCompiler/CompiledQuery/SqlDialect/SqlExecutor/AstDepthError across edgar_sec/ -> 0 hits,"RelationCompilerMixin (SELECT/CTE/RecursiveCte/Join/SetOperation/ORDER BY) plus alias-uniqueness and CTE self-reference validation. v2 writes one fixed CTE chain and validates no aliases. v2 issues SQL only as inline f-strings: edgar_sec/infra/storage/duckdb_catalog.py:78, edgar_sec/infra/storage/duckdb.py:88, edgar_sec/engine/selection/inventory.py:94. roadmap/refactor_v2/v2_refactor_roadmap.md:436 'text/ regex/ sql/ # **PENDING** Phase 2.5+' and :401 put sql/ under foundation/ as future work. DEFICIENCY: v1's compiler validated aliases, CTE self-reference, AST depth and cycles before rendering; v2 has no AST and no equivalent gate, so 2.5 reintroduces the injection-safe query surface from scratch.",W5
.v1/defs/sql/compiler/statements.py,281,code,.v1/defs/tests/test_sql_ast_stress.py;.v1/defs/tests/test_sql_contract.py;.v1/defs/tests/test_sql_executor.py,,,NOT_STARTED,,no edgar_sec/**/sql package exists (ls edgar_sec/ -> domain engine foundation infra pipelines; find edgar_sec tests -type d -name 'sql*' -> 0 dirs); grep for QueryCompiler/CompiledQuery/SqlDialect/SqlExecutor/AstDepthError across edgar_sec/ -> 0 hits,"StatementCompilerMixin (INSERT/UPDATE/DELETE/transactions/EXPLAIN/PRAGMA/Truncate/Grant/Attach/Detach). v2 issues SELECT and COPY only; the four DML executemany calls at edgar_sec/pipelines/filing_catalog/planner.py:343,353, edgar_sec/engine/selection/source.py:218 and features.py:319 are raw strings with no compiled-statement gate. v2 issues SQL only as inline f-strings: edgar_sec/infra/storage/duckdb_catalog.py:78, edgar_sec/infra/storage/duckdb.py:88, edgar_sec/engine/selection/inventory.py:94. roadmap/refactor_v2/v2_refactor_roadmap.md:436 'text/ regex/ sql/ # **PENDING** Phase 2.5+' and :401 put sql/ under foundation/ as future work. DEFICIENCY: v1's compiler validated aliases, CTE self-reference, AST depth and cycles before rendering; v2 has no AST and no equivalent gate, so 2.5 reintroduces the injection-safe query surface from scratch.",W5
.v1/defs/sql/context.py,76,code,.v1/defs/tests/test_sql_ast_stress.py;.v1/defs/tests/test_sql_contract.py;.v1/defs/tests/test_sql_executor.py,,,NOT_STARTED,,no edgar_sec/**/sql package exists (ls edgar_sec/ -> domain engine foundation infra pipelines; find edgar_sec tests -type d -name 'sql*' -> 0 dirs); grep for QueryCompiler/CompiledQuery/SqlDialect/SqlExecutor/AstDepthError across edgar_sec/ -> 0 hits,"RenderContext: parameter binder, alias scope stack, AstCycleError/AstDepthError guards, DDL no-param context. No v2 equivalent. v2 issues SQL only as inline f-strings: edgar_sec/infra/storage/duckdb_catalog.py:78, edgar_sec/infra/storage/duckdb.py:88, edgar_sec/engine/selection/inventory.py:94. roadmap/refactor_v2/v2_refactor_roadmap.md:436 'text/ regex/ sql/ # **PENDING** Phase 2.5+' and :401 put sql/ under foundation/ as future work. DEFICIENCY: v1's compiler validated aliases, CTE self-reference, AST depth and cycles before rendering; v2 has no AST and no equivalent gate, so 2.5 reintroduces the injection-safe query surface from scratch. FINDING: no v1 test imports this module, and AstDepthError/AstCycleError/max_ast_depth appear 0 times in the 3 tests, so v1's recursion guards were never directly asserted either.",W5
.v1/defs/sql/dialects.py,98,code,.v1/defs/tests/test_sql_ast_stress.py;.v1/defs/tests/test_sql_contract.py;.v1/defs/tests/test_sql_executor.py,edgar_sec/infra/storage/duckdb_catalog.py,315,PARTIAL,tests/infra/storage/test_duckdb_catalog.py,"v1 sql_literal:89 quote-doubling -> v2 sql_literal edgar_sec/infra/storage/duckdb_catalog.py:44, asserted by tests/infra/storage/test_duckdb_catalog.py:19 test_sql_literal_escapes_embedded_quotes and :24 test_sql_literal_cannot_be_escaped_out_of; v1 quote_ident:10 -> v2 _qualified_identifier edgar_sec/infra/storage/duckdb_catalog.py:55, asserted by :33 test_build_profile_query_rejects_unsafe_identifier and :103 test_suffix_sql_rejects_an_unsafe_column","MISSING: DialectPolicy / policy_for (dialects.py:16,36) -- the whole SQLite/Postgres/DuckDB capability matrix (supports_ilike, insert_ignore_style, replace_style, median_support, mode_support, bool/uuid/timestamp/json/real/blob physical types, explain_analyze_prefix). v2 hardcodes DuckDB, so the SQLITE and POSTGRES branches are dead by construction. Also missing: v1 sql_literal's None->NULL, bool->TRUE/FALSE and int/float->repr branches -- v2 stringifies everything (duckdb_catalog.py:52). And v2's actual quote-doubling helper, _identifier at edgar_sec/infra/storage/duckdb.py:26, is UNVALIDATED and untested, which is the inverse of v1's contract.",W5
.v1/defs/sql/errors.py,39,code,.v1/defs/tests/test_sql_contract.py;.v1/defs/tests/test_sql_ast_stress.py;.v1/defs/tests/test_sql_contract.py;.v1/defs/tests/test_sql_executor.py,,,NOT_STARTED,,no edgar_sec/**/sql package exists (ls edgar_sec/ -> domain engine foundation infra pipelines; find edgar_sec tests -type d -name 'sql*' -> 0 dirs); grep for QueryCompiler/CompiledQuery/SqlDialect/SqlExecutor/AstDepthError across edgar_sec/ -> 0 hits,"SqlError/ValidationError/ScopeError/CapabilityError/AstCycleError/AstDepthError (dialects- and AST-typed). No v2 equivalent. v2's only typed errors are MergeError (edgar_sec/pipelines/metadata_sync/merger.py:37), PlanConflictError (edgar_sec/pipelines/filing_catalog/publication.py:37) and UnknownDimensionError (edgar_sec/engine/selection/inventory.py:57) -- none derive from a shared base, and raw ValueError is raised at duckdb_catalog.py:67,222,297.",W5
.v1/defs/sql/executor.py,433,code,.v1/defs/tests/test_sql_executor.py;.v1/defs/tests/test_sql_ast_stress.py,,,NOT_STARTED,,no edgar_sec/**/sql package exists (ls edgar_sec/ -> domain engine foundation infra pipelines; find edgar_sec tests -type d -name 'sql*' -> 0 dirs); grep for QueryCompiler/CompiledQuery/SqlDialect/SqlExecutor/AstDepthError across edgar_sec/ -> 0 hits,"Largest NOT_STARTED file in scope. DbApiBackend/SqlExecutor/make_sql_executor: the CompiledQuery gate (_validate_statement rejects anything that is not a CompiledQuery), batched fetchmany cursors, commit/rollback, attach_sqlite with zero-prefix view aliasing, register_dataset_view, detect_db_header, is_analytical_dataset. None exist in v2. edgar_sec/infra/storage/duckdb.py:30 connect() is a bare connection factory with no statement gate, and callers execute f-strings directly. CONFIRMED: v2 has no SQLite query engine -- the sole sqlite3 use is the HTTP response cache (edgar_sec/infra/sec_http/cache.py:10,80), a different responsibility. v1's sqlite-backed executor is therefore net-new work for 2.5.",W5
.v1/defs/sql/expressions.py,158,code,.v1/defs/tests/test_sql_ast_stress.py;.v1/defs/tests/test_sql_contract.py;.v1/defs/tests/test_sql_executor.py,,,NOT_STARTED,,no edgar_sec/**/sql package exists (ls edgar_sec/ -> domain engine foundation infra pipelines; find edgar_sec tests -type d -name 'sql*' -> 0 dirs); grep for QueryCompiler/CompiledQuery/SqlDialect/SqlExecutor/AstDepthError across edgar_sec/ -> 0 hits,"Expression AST nodes (Star/Column/Literal/Parameter/UnsafeExpression/Arithmetic/FunctionCall/ScalarSubquery/Case/Aggregate/Windowed/JsonExtract/Alias). No v2 equivalent -- v2 renders values straight into f-strings. v2 issues SQL only as inline f-strings: edgar_sec/infra/storage/duckdb_catalog.py:78, edgar_sec/infra/storage/duckdb.py:88, edgar_sec/engine/selection/inventory.py:94. roadmap/refactor_v2/v2_refactor_roadmap.md:436 'text/ regex/ sql/ # **PENDING** Phase 2.5+' and :401 put sql/ under foundation/ as future work. DEFICIENCY: v1's compiler validated aliases, CTE self-reference, AST depth and cycles before rendering; v2 has no AST and no equivalent gate, so 2.5 reintroduces the injection-safe query surface from scratch.",W5
.v1/defs/sql/models.py,213,code,.v1/defs/tests/test_sql_ast_stress.py;.v1/defs/tests/test_sql_contract.py;.v1/defs/tests/test_sql_executor.py,,,NOT_STARTED,,no edgar_sec/**/sql package exists (ls edgar_sec/ -> domain engine foundation infra pipelines; find edgar_sec tests -type d -name 'sql*' -> 0 dirs); grep for QueryCompiler/CompiledQuery/SqlDialect/SqlExecutor/AstDepthError across edgar_sec/ -> 0 hits,"SqlDialect, 15 operator/aggregate enums, Identifier/QualifiedName/JsonPath, CompiledQuery, and the AstNode/Expr/Condition/QueryExpr/FromItem/Statement marker bases. No v2 equivalent. v2 issues SQL only as inline f-strings: edgar_sec/infra/storage/duckdb_catalog.py:78, edgar_sec/infra/storage/duckdb.py:88, edgar_sec/engine/selection/inventory.py:94. roadmap/refactor_v2/v2_refactor_roadmap.md:436 'text/ regex/ sql/ # **PENDING** Phase 2.5+' and :401 put sql/ under foundation/ as future work. DEFICIENCY: v1's compiler validated aliases, CTE self-reference, AST depth and cycles before rendering; v2 has no AST and no equivalent gate, so 2.5 reintroduces the injection-safe query surface from scratch.",W5
.v1/defs/sql/predicates.py,94,code,.v1/defs/tests/test_sql_ast_stress.py;.v1/defs/tests/test_sql_contract.py;.v1/defs/tests/test_sql_executor.py,,,NOT_STARTED,,no edgar_sec/**/sql package exists (ls edgar_sec/ -> domain engine foundation infra pipelines; find edgar_sec tests -type d -name 'sql*' -> 0 dirs); grep for QueryCompiler/CompiledQuery/SqlDialect/SqlExecutor/AstDepthError across edgar_sec/ -> 0 hits,"Predicate AST variants (Compare/ValueList/SubquerySource/Membership/RangeTest/NullTest/Exists/StringMatch/JsonArrayContains/BooleanGroup/Not). No v2 equivalent; do not confuse with the separately-rowed .v1/defs/storage/predicates.py, whose record-level predicate algebra is also absent. v2 issues SQL only as inline f-strings: edgar_sec/infra/storage/duckdb_catalog.py:78, edgar_sec/infra/storage/duckdb.py:88, edgar_sec/engine/selection/inventory.py:94. roadmap/refactor_v2/v2_refactor_roadmap.md:436 'text/ regex/ sql/ # **PENDING** Phase 2.5+' and :401 put sql/ under foundation/ as future work. DEFICIENCY: v1's compiler validated aliases, CTE self-reference, AST depth and cycles before rendering; v2 has no AST and no equivalent gate, so 2.5 reintroduces the injection-safe query surface from scratch.",W5
.v1/defs/sql/relations.py,132,code,.v1/defs/tests/test_sql_contract.py;.v1/defs/tests/test_sql_ast_stress.py;.v1/defs/tests/test_sql_contract.py;.v1/defs/tests/test_sql_executor.py,,,NOT_STARTED,,no edgar_sec/**/sql package exists (ls edgar_sec/ -> domain engine foundation infra pipelines; find edgar_sec tests -type d -name 'sql*' -> 0 dirs); grep for QueryCompiler/CompiledQuery/SqlDialect/SqlExecutor/AstDepthError across edgar_sec/ -> 0 hits,"Relation AST (Table/DerivedTable/OrderBy/Join/CrossJoin/Cte/RecursiveCte/WithClause/Select/SetOperation). No v2 equivalent. v2 issues SQL only as inline f-strings: edgar_sec/infra/storage/duckdb_catalog.py:78, edgar_sec/infra/storage/duckdb.py:88, edgar_sec/engine/selection/inventory.py:94. roadmap/refactor_v2/v2_refactor_roadmap.md:436 'text/ regex/ sql/ # **PENDING** Phase 2.5+' and :401 put sql/ under foundation/ as future work. DEFICIENCY: v1's compiler validated aliases, CTE self-reference, AST depth and cycles before rendering; v2 has no AST and no equivalent gate, so 2.5 reintroduces the injection-safe query surface from scratch.",W5
.v1/defs/sql/schema.py,169,code,.v1/defs/tests/test_sql_ast_stress.py;.v1/defs/tests/test_sql_contract.py;.v1/defs/tests/test_sql_executor.py;.v1/phases/025_webpage_storage/tests/test_fetcher.py,,,NOT_STARTED,,no edgar_sec/**/sql package exists (ls edgar_sec/ -> domain engine foundation infra pipelines; find edgar_sec tests -type d -name 'sql*' -> 0 dirs); grep for QueryCompiler/CompiledQuery/SqlDialect/SqlExecutor/AstDepthError across edgar_sec/ -> 0 hits,"DDL AST (ColumnType, 9 column constraints, 4 table constraints, ColumnDef, CreateTable, CreateIndex, CreateView, infer_sql_type). No v2 equivalent. Partial residue only: v2 declares PyArrow schemas at edgar_sec/domain/submissions/schemas.py:88 and edgar_sec/domain/filing_catalog/schemas.py:15, but nothing compiles them to DDL. v1's phase-025 test_fetcher.py (CREATE TABLE via QueryCompiler) has no v2 counterpart. v2 issues SQL only as inline f-strings: edgar_sec/infra/storage/duckdb_catalog.py:78, edgar_sec/infra/storage/duckdb.py:88, edgar_sec/engine/selection/inventory.py:94. roadmap/refactor_v2/v2_refactor_roadmap.md:436 'text/ regex/ sql/ # **PENDING** Phase 2.5+' and :401 put sql/ under foundation/ as future work. DEFICIENCY: v1's compiler validated aliases, CTE self-reference, AST depth and cycles before rendering; v2 has no AST and no equivalent gate, so 2.5 reintroduces the injection-safe query surface from scratch.",W5
.v1/defs/sql/statements.py,322,code,.v1/defs/tests/test_sql_ast_stress.py;.v1/defs/tests/test_sql_contract.py;.v1/defs/tests/test_sql_executor.py;.v1/phases/025_webpage_storage/tests/test_chunk_worker.py;.v1/phases/025_webpage_storage/tests/test_filing_processor.py;.v1/phases/025_webpage_storage/tests/test_partition_merger.py;.v1/phases/025_webpage_storage/tests/test_temporal_snapshot.py,,,NOT_STARTED,,no edgar_sec/**/sql package exists (ls edgar_sec/ -> domain engine foundation infra pipelines; find edgar_sec tests -type d -name 'sql*' -> 0 dirs); grep for QueryCompiler/CompiledQuery/SqlDialect/SqlExecutor/AstDepthError across edgar_sec/ -> 0 hits,"Statement AST (Insert/insert_values/Update/Delete/Drop*/AlterTable/Explain/Begin/Commit/Rollback/Savepoint/Attach/Detach/Pragma/Truncate/Grant/CreateTrigger/DropTrigger/UnsafeStatement). v2 is append-only Parquet with a coordinator merge (AGENTS.md section 4); it issues no DDL and no transactional DML. v2 issues SQL only as inline f-strings: edgar_sec/infra/storage/duckdb_catalog.py:78, edgar_sec/infra/storage/duckdb.py:88, edgar_sec/engine/selection/inventory.py:94. roadmap/refactor_v2/v2_refactor_roadmap.md:436 'text/ regex/ sql/ # **PENDING** Phase 2.5+' and :401 put sql/ under foundation/ as future work. DEFICIENCY: v1's compiler validated aliases, CTE self-reference, AST depth and cycles before rendering; v2 has no AST and no equivalent gate, so 2.5 reintroduces the injection-safe query surface from scratch.",W5
.v1/defs/storage/__init__.py,148,code,.v1/defs/tests/test_storage_contract.py;.v1/defs/tests/test_storage_merge.py;.v1/defs/tests/test_storage_artifacts.py;.v1/defs/tests/test_storage_staging.py;.v1/defs/tests/test_finalized_dataset.py;.v1/defs/tests/test_viewer_discover.py,,,DROPPED,,"AGENTS.md:48 '**No Barrel Re-exports in `__init__.py`**: `__init__.py` files must not re-export symbols from child submodules'; the v2 counterpart is edgar_sec/infra/storage/__init__.py, 1 line, a docstring with no __all__; corroborated by roadmap/refactor_v2/v2_refactor_roadmap.md:1035 (that line is absent from git HEAD -- see the staged-roadmap caveat below)","The barrel FACADE was removed on purpose; the SYMBOLS it re-exported were not -- each is tracked on its own leaf row (atomic.py, parquet.py, duckdb.py, duckdb_catalog.py, and the NOT_STARTED/DROPPED rows for the rest). No v2 test exercises a barrel, and none should.  CAVEAT: roadmap/refactor_v2/v2_refactor_roadmap.md is STAGED-MODIFIED vs git HEAD (+213/-93); on-disk line numbers above do not match HEAD. Cited from AGENTS.md where a stable equivalent exists. Corrected from the first pass, which claimed PARTIAL and named tests/infra/storage/test_duckdb.py: that test exercises the leaf modules, not this file.",W5
.v1/defs/storage/artifacts.py,207,code,.v1/defs/tests/test_storage_artifacts.py;.v1/defs/tests/test_finalized_dataset.py;.v1/phases/01_metadata_extraction/tests/test_merge.py;.v1/phases/02_filing_extraction/tests/test_materialize.py,edgar_sec/infra/storage/atomic.py,69,PARTIAL,tests/infra/storage/test_atomic.py,"atomic_write_bytes:25 / atomic_write_text:47 / atomic_write_json:54 at edgar_sec/infra/storage/atomic.py, all three exercised by tests/infra/storage/test_atomic.py:14 test_atomic_text_and_bytes_writes, :25 test_atomic_json_write_is_canonical (asserts the canonical key-ordered output) and :31 test_atomic_json_create_dirs; canonical_json -> edgar_sec/foundation/serialization.py:10 (tests/foundation/test_serialization.py:10); file_sha256 -> edgar_sec/foundation/hashing.py:9 (tests/foundation/test_hashing.py:27,39)","MISSING: load_json:95 (tolerant reader returning a default on missing/malformed) and read_records:132 (the spec-validating finalized-artifact reader for parquet|jsonl that re-raises as MalformedArtifact) -- v2 has no JSONL branch at all and validates whole-file schema equality (edgar_sec/pipelines/metadata_sync/checkpoints.py:46) instead of per-record validation. Also missing: parquet_column_names:125 -> read_parquet_schema (edgar_sec/infra/storage/parquet.py:46) returns a pa.Schema, and the v1 test finalized.py:177 still expects a list of names. The port is SPLIT across three layers, each with its own test (test_atomic.py, test_serialization.py, test_hashing.py); test_atomic.py is the one named here because it covers the atomic-write core. force_reclaim_memory:184 -> reclaim() (edgar_sec/foundation/runtime/memory.py:39) but its v2 test (test_memory.py:10 test_reclaim_does_not_crash) asserts nothing about arenas. DIVERGENCE: v1 canonical_json uses ensure_ascii=False (artifacts.py:17), v2 uses ensure_ascii=True (serialization.py). FINDING: v1 had no direct test for atomic_write_* , load_json or parquet_column_names either (0 hits across .v1/defs/tests/ and all phase tests).",W5
.v1/defs/storage/checks.py,119,code,.v1/defs/tests/test_checks.py,,,DROPPED,,"AGENTS.md section 5 'Registered Policy Scanners' enumerates exactly seven: environment-access, artifact-paths, secrets-leakage, clean-exit, file-length, layer-boundary, resource-allocation -- none is a storage boundary; edgar_sec/foundation/scanners/__init__.py:14-22 registers exactly those seven. Roadmap corroboration 'v1 had 14 scanners; v2 ships 7' exists at roadmap/refactor_v2/v2_refactor_roadmap.md:104, which is in the STAGED-MODIFIED copy only and absent from git HEAD","DISCREPANCY, still observable: the boundary this scanner policed is only partly covered by layer-boundary + resource-allocation. v1's _PYARROW_ALLOWED_PREFIXES (checks.py:21) confined pyarrow to defs/storage/, but v2 imports it at Layer 4 in edgar_sec/pipelines/metadata_sync/merger.py:77,128 and checkpoints.py:14, in Layer 3 at edgar_sec/engine/submissions/builder.py:7, and in Layer 1 at edgar_sec/domain/submissions/schemas.py:5 and edgar_sec/domain/filing_catalog/schemas.py:15. v1 also banned pandas/polars from production code; v2 has no such scanner and no stated replacement.  CAVEAT: roadmap/refactor_v2/v2_refactor_roadmap.md is STAGED-MODIFIED vs git HEAD (+213/-93); on-disk line numbers above do not match HEAD. Cited from AGENTS.md where a stable equivalent exists.",W5
.v1/defs/storage/converter.py,64,code,,,,NOT_STARTED,,no DatasetConverter and no 'class Dataset' anywhere in edgar_sec/ (grep -rn 'DatasetConverter' edgar_sec/ -> 0 hits),"DatasetConverter.copy -- batched logical-record copy between two initialised datasets with a plain-Python transform callable and a {records, bytes_written, batches, durable} receipt. v2's equivalents (concat_to_parquet edgar_sec/infra/storage/duckdb.py:63, copy_query_to_parquet edgar_sec/infra/storage/duckdb_catalog.py:236) move whole Parquet files, not records. FINDING: the empty v1_tests column is a real v1 hole, not a neutral -- DatasetConverter appears 0 times in .v1/defs/tests/test_storage_contract.py.",W5
.v1/defs/storage/dataset.py,110,code,.v1/defs/tests/test_storage_contract.py,,,NOT_STARTED,,"no 'class Dataset' in edgar_sec/; the nearest v2 shapes are the free functions edgar_sec/pipelines/metadata_sync/checkpoints.py:56 inspect_chunk and edgar_sec/pipelines/metadata_sync/merger.py:88 validate_chunks, neither of which is a backend-composed dataset object","Backend-independent Dataset facade (init/load/set/write_batch/delete/completed_keys/commit/close composed over a FileBackend, with _validate_query against the declared spec). No v2 equivalent. completed_keys -- the resume index that answered 'which of these keys already exist' -- has no v2 counterpart: v2 re-derives resume state by re-validating every chunk on disk on each run (checkpoints.py:113 discover_completed_chunks).",W5
.v1/defs/storage/duckdb_merge.py,303,code,.v1/defs/tests/test_storage_merge.py,edgar_sec/infra/storage/duckdb.py,184,PARTIAL,tests/infra/storage/test_duckdb.py,"connect:38 -> connect edgar_sec/infra/storage/duckdb.py:30; concat_to_parquet:246 -> concat_to_parquet duckdb.py:63, asserted by tests/infra/storage/test_duckdb.py:30 test_concat_to_parquet_sorts_and_merges (asserts the row count AND the sorted key order); duplicate_values:111 -> find_duplicate_nested_values duckdb.py:151, asserted by :74 test_duplicate_nested_values_detects_fan_out; the duplicate/null key checks -> find_duplicate_keys duckdb.py:110 / find_null_keys duckdb.py:131, asserted by :51 test_duplicate_and_null_key_detection and :62 test_duplicate_and_null_keys_are_reported; count_rows:210 -> count_parquet_rows (edgar_sec/infra/storage/parquet.py:51)","MISSING: ordered_keys:193, parquet_column_bounds:276, jsonl_columns:92 and the format-dispatching _reader:96 -- v2 is Parquet-only and the word JSONL survives in edgar_sec/ only inside one stale docstring (duckdb.py:72). CONFIRMED: v2 has no read_ndjson call anywhere and no SQLite query engine, so v1's jsonl/SQLite merge branches are net-new 2.5 work. Also missing: count_nested_values:227 as a total count (v2 counts only duplicates; pipelines/metadata_sync/merger.py:76 _filing_record_count is pipeline-local, not storage) and the MergeValidationSpec / MergeValidation dataclasses with validate_files:135. The validate_files responsibility did move, but to Layer 4 and specialised: merger.py:88 validate_chunks hardcodes cik/input_fingerprint/status instead of reading a spec (genuinely exercised by tests/pipelines/metadata_sync/test_merger.py:124,152,225,272). UNTESTED: connect() is called by all 4 tests in test_duckdb.py but no test asserts its resource bounds, so the AGENTS.md section 2 rule-3 contract is unverified. DIVERGENCE: v1 connect() defaulted preserve_insertion_order=True (duckdb_merge.py:43); v2 defaults False (duckdb.py:36) as AGENTS.md section 2 rule 3 requires.",W5
.v1/defs/storage/errors.py,30,code,.v1/defs/tests/test_storage_artifacts.py;.v1/defs/tests/test_storage_contract.py;.v1/defs/tests/test_finalized_dataset.py;.v1/phases/02_filing_extraction/tests/test_materialize.py,,,NOT_STARTED,,"grep -rn 'StorageError|MalformedArtifact|SchemaMismatchError|UnsupportedCapability' edgar_sec/ tests/ -> 0 hits; the whole 30-line file -- StorageError and its three subclasses, whose stated contract is errors.py:4-6 'All storage errors derive from StorageError so callers can catch the family without knowing which backend raised it' -- has no v2 counterpart","DOWNGRADED from PARTIAL in the first pass, which pointed at edgar_sec/pipelines/metadata_sync/merger.py:37 MergeError. That was topical adjacency: MergeError is a Layer-4 pipeline rejection, not a storage error, and the three v2 error types (merger.py:37, publication.py:37, inventory.py:57) are unrelated and live in three packages, so no caller can catch a storage family. The failure mode is now worse than absence: v2 storage failures escape as raw duckdb.Error or ValueError (duckdb_catalog.py:67,222,297), and edgar_sec/pipelines/metadata_sync/checkpoints.py:52,71,109 swallows schema and read errors by returning None instead of raising. 2.5 must define this family before adding a second storage engine.",W5
.v1/defs/storage/executor.py,127,code,.v1/defs/tests/test_storage_contract.py,,,NOT_STARTED,,no StorageExecutor/FileStorageExecutor/SetRecords/DeleteMatching in edgar_sec/; grep -rn 'class FileStorageExecutor' edgar_sec/ -> 0 hits,"The single logical storage contract shared by v1's file and SQL families (executor.py:7-16 'One contract for every storage family ... delegates compiled statements to defs.sql.executor.SqlExecutor') is gone, and BOTH halves are absent: there is no file-backend executor and no SQL executor. v2 pipelines call concrete functions (write_parquet_table, concat_to_parquet) with no indirection point at which a transaction or commit boundary could be enforced.",W5
.v1/defs/storage/factory.py,18,code,,,,NOT_STARTED,,no make_chunk_backend in edgar_sec/; edgar_sec/infra/storage/ exposes four leaf modules and no factory,"The storage_format dispatch (factory.py:9-15, parquet vs jsonl) is obsolete because v2 has exactly one chunk format, so the factory has no reason to exist. NOT_STARTED rather than DROPPED: no document states that the factory was purged (unlike the JSONL backends, which roadmap:153 purges explicitly). FINDING: empty v1_tests is a real v1 hole -- make_chunk_backend appears 0 times in .v1/defs/tests/test_storage_contract.py, so v1's own format-dispatch entry point was untested.",W5
.v1/defs/storage/finalized.py,455,code,.v1/defs/tests/test_finalized_dataset.py;.v1/phases/01_metadata_extraction/tests/test_augmentation.py;.v1/phases/02_filing_extraction/tests/test_materialize.py;.v1/phases/02_filing_extraction/tests/test_selection_features.py,edgar_sec/infra/storage/duckdb_catalog.py,315,PARTIAL,tests/pipelines/filing_catalog/test_catalog_job.py,"v1 FinalizedDataset.copy_query:330 (atomic query->Parquet publication returning a row count) -> v2 copy_query_to_parquet edgar_sec/infra/storage/duckdb_catalog.py:236, genuinely exercised end to end by tests/pipelines/filing_catalog/test_catalog_job.py:148 test_published_target_rows_match_the_oracle and :127 test_snapshot_layout_matches_the_documented_contract, which both go through edgar_sec/pipelines/filing_catalog/catalog_job.py:224,248; v1 count:279 -> count_parquet_rows (edgar_sec/infra/storage/parquet.py:51)","MISSING: the FinalizedDataset/FinalizedArtifact read-only HANDLE itself (finalized.py:32) -- snapshot-manifest resolution (:139), resolved_part_paths, the .relation / .added_relation / .sha256 / .columns properties, register_function:256, distinct_values:282, key_overlap_count:297, copy_partitioned_query:361 and copy_union:413. v2 has no read-only dataset object: callers open a raw connection per query (edgar_sec/pipelines/filing_catalog/discovery.py:210, edgar_sec/engine/selection/inventory.py:102, edgar_sec/engine/selection/source.py:36) and rebuild the read_parquet([...]) literal themselves. This is v1's single largest storage gap (455 lines). CORRECTED from the first pass, which named tests/infra/storage/test_parquet.py on the strength of test_duckdb_copy_helper_inherits_the_same_row_group_default (test_parquet.py:58-65) -- that test only does inspect.signature(...), import-without-testing, the exact failure mode the C3 audit named. The honest cover for copy_query_to_parquet is the catalog-job suite above.",W5
.v1/defs/storage/jsonl/__init__.py,14,code,.v1/defs/tests/test_storage_contract.py,,,DROPPED,,"roadmap/refactor_v2/v2_refactor_roadmap.md:153 'Formally purge dead JSONL storage code (`ChunkBackend` JSONL options, `--storage-format jsonl`) that was superseded by Parquet and SQLite' and :411 'Two-Tier (SQLite Chunks + Parquet Snapshots) with DuckDB Middleware (**JSONL Removed**)' -- both texts are present at git HEAD (:99 and :338), so the purge decision is stable despite the staged roadmap edit. CAVEAT: roadmap/refactor_v2/v2_refactor_roadmap.md is STAGED-MODIFIED vs git HEAD (+213/-93); on-disk line numbers above do not match HEAD. Cited from AGENTS.md where a stable equivalent exists.; corroborated in code: grep -rni 'jsonl' edgar_sec/ -> 1 hit, a stale docstring at edgar_sec/infra/storage/duckdb.py:72","Package facade for the four JSONL backends; all five defs/storage/jsonl/* files are covered by this one removal decision.  The roadmap's documented replacement is itself unbuilt: roadmap:239 marks infra/storage/sqlite_cas.py '**Pending** (Phase 2.5)'. CONFIRMED for 2.5 planning: v2 has NO SQLite as a storage or query engine (the only sqlite3 use is the HTTP response cache at edgar_sec/infra/sec_http/cache.py:10,80) and NO zstandard blob store (the only zstandard import is the same HTTP cache at cache.py:16; edgar_sec/infra/storage/parquet.py:13 DEFAULT_COMPRESSION='zstd' is a Parquet codec, not a blob store). v2's entire SQLite-chunk spine is net-new Phase 2.5 work.",W5
.v1/defs/storage/jsonl/chunk.py,246,code,.v1/defs/tests/test_storage_contract.py,,,DROPPED,,"roadmap/refactor_v2/v2_refactor_roadmap.md:153 'Formally purge dead JSONL storage code (`ChunkBackend` JSONL options, `--storage-format jsonl`) that was superseded by Parquet and SQLite' and :411 'Two-Tier (SQLite Chunks + Parquet Snapshots) with DuckDB Middleware (**JSONL Removed**)' -- both texts are present at git HEAD (:99 and :338), so the purge decision is stable despite the staged roadmap edit. CAVEAT: roadmap/refactor_v2/v2_refactor_roadmap.md is STAGED-MODIFIED vs git HEAD (+213/-93); on-disk line numbers above do not match HEAD. Cited from AGENTS.md where a stable equivalent exists.","JsonlChunkBackend (streaming immutable JSONL checkpoints, _RE_CHUNK_FILENAME:22, strict_row_count:34) removed with the format. Its Parquet sibling's checkpoint role survives in v2 at edgar_sec/pipelines/metadata_sync/checkpoints.py:56 inspect_chunk / :113 discover_completed_chunks, genuinely exercised by tests/pipelines/metadata_sync/test_checkpoints.py:45 test_valid_checkpoint_is_accepted and :89 test_schema_drift_is_rejected -- so the RESUMABILITY behaviour survived; only the JSONL encoding did not. v1's filename-parse chunk identity (chunk.py:22, start_row/end_row encoded in the name) has no v2 counterpart: v2 chunks are chunk_{id:04d}.parquet keyed by plan, with no row range.  The roadmap's documented replacement is itself unbuilt: roadmap:239 marks infra/storage/sqlite_cas.py '**Pending** (Phase 2.5)'. CONFIRMED for 2.5 planning: v2 has NO SQLite as a storage or query engine (the only sqlite3 use is the HTTP response cache at edgar_sec/infra/sec_http/cache.py:10,80) and NO zstandard blob store (the only zstandard import is the same HTTP cache at cache.py:16; edgar_sec/infra/storage/parquet.py:13 DEFAULT_COMPRESSION='zstd' is a Parquet codec, not a blob store). v2's entire SQLite-chunk spine is net-new Phase 2.5 work.",W5
.v1/defs/storage/jsonl/codec.py,46,code,.v1/defs/tests/test_viewer_discover.py,,,DROPPED,,"roadmap/refactor_v2/v2_refactor_roadmap.md:153 'Formally purge dead JSONL storage code (`ChunkBackend` JSONL options, `--storage-format jsonl`) that was superseded by Parquet and SQLite' and :411 'Two-Tier (SQLite Chunks + Parquet Snapshots) with DuckDB Middleware (**JSONL Removed**)' -- both texts are present at git HEAD (:99 and :338), so the purge decision is stable despite the staged roadmap edit. CAVEAT: roadmap/refactor_v2/v2_refactor_roadmap.md is STAGED-MODIFIED vs git HEAD (+213/-93); on-disk line numbers above do not match HEAD. Cited from AGENTS.md where a stable equivalent exists.","JsonlCodec.encode/decode and write_records_atomic:14 removed with the format. Partial residue: the canonical-JSON half survives as edgar_sec/foundation/serialization.py:10 canonical_json, but v2 never serialises a record stream to a text line codec. FINDING: v1's legacy key/value unwrapping path (codec.py:36, reading old {key, value} lines) had no dedicated v1 test of its own, so its loss is untested in both trees.  The roadmap's documented replacement is itself unbuilt: roadmap:239 marks infra/storage/sqlite_cas.py '**Pending** (Phase 2.5)'. CONFIRMED for 2.5 planning: v2 has NO SQLite as a storage or query engine (the only sqlite3 use is the HTTP response cache at edgar_sec/infra/sec_http/cache.py:10,80) and NO zstandard blob store (the only zstandard import is the same HTTP cache at cache.py:16; edgar_sec/infra/storage/parquet.py:13 DEFAULT_COMPRESSION='zstd' is a Parquet codec, not a blob store). v2's entire SQLite-chunk spine is net-new Phase 2.5 work.",W5
.v1/defs/storage/jsonl/kv.py,165,code,.v1/defs/tests/test_storage_contract.py,,,DROPPED,,"roadmap/refactor_v2/v2_refactor_roadmap.md:153 'Formally purge dead JSONL storage code (`ChunkBackend` JSONL options, `--storage-format jsonl`) that was superseded by Parquet and SQLite' and :411 'Two-Tier (SQLite Chunks + Parquet Snapshots) with DuckDB Middleware (**JSONL Removed**)' -- both texts are present at git HEAD (:99 and :338), so the purge decision is stable despite the staged roadmap edit. CAVEAT: roadmap/refactor_v2/v2_refactor_roadmap.md is STAGED-MODIFIED vs git HEAD (+213/-93); on-disk line numbers above do not match HEAD. Cited from AGENTS.md where a stable equivalent exists.","JsonlKeyValueBackend -- v1's only MUTABLE key-value store in the storage layer (WAL-backed set/delete/commit with threshold-driven reconcile, exercised by test_storage_contract.py:123 test_jsonl_key_value_compacts_only_at_threshold) -- removed with the format. v2 has no mutable key-value dataset store at all: datasets are immutable Parquet snapshots plus a coordinator merge, so the v1 upsert/delete/compact surface has no home in the v2 model.  The roadmap's documented replacement is itself unbuilt: roadmap:239 marks infra/storage/sqlite_cas.py '**Pending** (Phase 2.5)'. CONFIRMED for 2.5 planning: v2 has NO SQLite as a storage or query engine (the only sqlite3 use is the HTTP response cache at edgar_sec/infra/sec_http/cache.py:10,80) and NO zstandard blob store (the only zstandard import is the same HTTP cache at cache.py:16; edgar_sec/infra/storage/parquet.py:13 DEFAULT_COMPRESSION='zstd' is a Parquet codec, not a blob store). v2's entire SQLite-chunk spine is net-new Phase 2.5 work.",W5
.v1/defs/storage/jsonl/wal.py,107,code,.v1/defs/tests/test_storage_contract.py,,,DROPPED,,"roadmap/refactor_v2/v2_refactor_roadmap.md:153 'Formally purge dead JSONL storage code (`ChunkBackend` JSONL options, `--storage-format jsonl`) that was superseded by Parquet and SQLite' and :411 'Two-Tier (SQLite Chunks + Parquet Snapshots) with DuckDB Middleware (**JSONL Removed**)' -- both texts are present at git HEAD (:99 and :338), so the purge decision is stable despite the staged roadmap edit. CAVEAT: roadmap/refactor_v2/v2_refactor_roadmap.md is STAGED-MODIFIED vs git HEAD (+213/-93); on-disk line numbers above do not match HEAD. Cited from AGENTS.md where a stable equivalent exists.","JsonlWal (append-only mutation log; replay:61 tolerates only an invalid final partial line; reconcile:93; exercised by test_storage_contract.py:134 test_jsonl_wal_ignores_only_truncated_final_line) removed with the format. Do NOT confuse it with the SQLite WAL in v2 at edgar_sec/infra/sec_http/cache.py -- that is an HTTP response cache (a different responsibility), not a dataset write-ahead log, and it is not a substitute for this. The durability idea survives differently in v2: immutable checkpoint files plus atomic os.replace, not a replay log.  The roadmap's documented replacement is itself unbuilt: roadmap:239 marks infra/storage/sqlite_cas.py '**Pending** (Phase 2.5)'. CONFIRMED for 2.5 planning: v2 has NO SQLite as a storage or query engine (the only sqlite3 use is the HTTP response cache at edgar_sec/infra/sec_http/cache.py:10,80) and NO zstandard blob store (the only zstandard import is the same HTTP cache at cache.py:16; edgar_sec/infra/storage/parquet.py:13 DEFAULT_COMPRESSION='zstd' is a Parquet codec, not a blob store). v2's entire SQLite-chunk spine is net-new Phase 2.5 work.",W5
.v1/defs/storage/memory.py,95,code,.v1/defs/tests/test_storage_contract.py,,,NOT_STARTED,,no MemoryBackend in edgar_sec/; grep -rn 'class MemoryBackend' edgar_sec/ -> 0 hits,"The in-memory reference backend that defined the semantics every physical backend had to reproduce (memory.py:3-5 'Defines the reference semantics every physical backend must reproduce') has no v2 equivalent and no replacement oracle. This matters for v2's own tests: test_storage_contract.py:64 test_memory_backend_contract was v1's single conformance suite across all backends; v2's tests/infra/storage/* write real files to tmp_path instead, so a future storage engine has nothing to be checked against.",W5
.v1/defs/storage/models.py,134,code,.v1/defs/tests/test_storage_contract.py;.v1/defs/tests/test_storage_artifacts.py,edgar_sec/pipelines/metadata_sync/checkpoints.py,133,PARTIAL,tests/pipelines/metadata_sync/test_checkpoints.py,"ArtifactRef + ChunkRange (models.py:76,96) -> ChunkInfo edgar_sec/pipelines/metadata_sync/checkpoints.py:30 (chunk_id, path, row_count, ciks, file_sha256), genuinely exercised by tests/pipelines/metadata_sync/test_checkpoints.py:45 test_valid_checkpoint_is_accepted and :81 test_unexpected_cik_is_rejected; RunContext:67 -> InputManifest edgar_sec/pipelines/metadata_sync/manifest.py:22 (tests/pipelines/metadata_sync/test_manifest.py:36 test_fingerprint_is_deterministic_and_content_sensitive)","MISSING: DatasetSpec:15 -- the declarative dataset identity carrying arrow_schema, key_field, required_fields and validate_record:46, which every v1 backend enforced before writing. v2 has no equivalent: it compares whole-file schemas (checkpoints.py:46 schema_matches -> edgar_sec/domain/submissions/schemas.py:88 SUBMISSION_METADATA_SCHEMA) and never validates an individual record, so a single malformed row passes the gate. Also missing: ChunkRange's start_row/end_row/row_count (v2 chunks carry no row range; the plan supplies cik_padded instead), BatchReceipt:111, make_spec:121, and DatasetSpec's _SAFE_NAME_RE name guard (models.py:11) -- v2 path segments are constrained by a different mechanism (edgar_sec/domain/filing_catalog/filters.py normalize_suffixes).",W5
.v1/defs/storage/parquet.py,486,code,.v1/defs/tests/test_storage_contract.py;.v1/phases/01_metadata_extraction/tests/test_checkpoints.py;.v1/phases/01_metadata_extraction/tests/test_merge.py;.v1/phases/02_filing_extraction/tests/test_selection.py;.v1/phases/02_filing_extraction/tests/test_selection_features.py;.v1/phases/02_filing_extraction/tests/test_target_plan.py;.v1/phases/025_webpage_storage/tests/test_document_corpus.py;.v1/phases/025_webpage_storage/tests/test_target_provenance.py,edgar_sec/infra/storage/parquet.py,72,PARTIAL,tests/infra/storage/test_parquet.py,"write_table_atomic:73 (and _atomic_write_table:26) -> write_parquet_table edgar_sec/infra/storage/parquet.py:16 (zstd, DEFAULT_ROW_GROUP_SIZE=128_000, staged tmp + os.replace + _fsync_dir), genuinely exercised by tests/infra/storage/test_parquet.py:24 test_write_read_round_trip (writes, then asserts the file exists, the row count, the schema and the read-back values) and :36 test_read_parquet_table_column_projection (the column-projection half of pq.read_table); finalize:436 / finalize_records:465 -> concat_to_parquet edgar_sec/infra/storage/duckdb.py:63","MISSING, and explicitly NOT to be credited: the ParquetBackend append-only manifest ledger (parquet.py:155-355 -- generation counter, upsert/delete manifest entries, compact), the content-addressed chunk naming scheme (chunk_filename:92 / parse_chunk_filename:96), and the set/delete/load query surface. v2 Parquet IO is 72 lines against v1's 486. One silent regression: the read-back validation _atomic_write_table performs before the rename (parquet.py:45-53 -- re-reads the temp file and raises SchemaMismatchError on expected_rows or expected_schema mismatch) is ABSENT from write_parquet_table, which trusts the write and moves on. v1's AGENTS.md rule 'storage owns ... read-back validation' is therefore unenforced in v2. CONFIRMED: v2 has no zstandard blob dependency -- parquet.py:13 DEFAULT_COMPRESSION='zstd' is a Parquet codec, not a blob store.",W5
.v1/defs/storage/predicates.py,215,code,.v1/defs/tests/test_storage_contract.py,,,NOT_STARTED,,"no Eq/InSet/Between/IsNull/IsNotNull/Neq/And/Or/Not/QueryPlan/SortKey/evaluate_query in edgar_sec/; the closest thing is the KNOWN_DIMENSIONS allowlist at edgar_sec/engine/selection/policy.py, enforced at edgar_sec/engine/selection/inventory.py:79","The backend-neutral predicate/query-plan model (Eq, Neq, InSet, IsNull, IsNotNull, Between, And, Or, Not, QueryPlan, SortKey, conjunction, predicate_fields, evaluate_query:193) has no v2 equivalent. v2 has no in-memory record filter at all -- filtering happens inside DuckDB SQL. KNOWN_DIMENSIONS is a column-name allowlist, not a composable predicate algebra, and it is never evaluated over records. FINDING: v1 coverage was itself partial -- only Eq, InSet, And, SortKey and QueryPlan appear in test_storage_contract.py; Between, IsNull, IsNotNull, Neq, Or, conjunction and evaluate_query have 0 hits across every v1 test.",W5
.v1/defs/storage/protocols.py,70,code,,,,NOT_STARTED,,no FileBackend/ChunkStore/WalStore/BatchWriteBackend Protocol in edgar_sec/; grep -rn 'class ChunkStore\|class FileBackend\|class WalStore' edgar_sec/ -> 0 hits,"Structural storage contracts (Protocols + the Record/RecordKey aliases). v2 defines no storage Protocol at all: edgar_sec/infra/storage/ exposes four concrete leaf modules and callers import their functions directly, so the substitutability the protocols existed to guarantee is neither needed nor available. This is the mirror image of the deliberate executor.py drop. FINDING: empty v1_tests is a real v1 hole -- FileBackend, ChunkStore and WalStore appear 0 times in .v1/defs/tests/test_storage_contract.py, so v1's structural contracts were never asserted with isinstance(..., Protocol).",W5
.v1/defs/storage/staging.py,196,code,.v1/defs/tests/test_storage_staging.py,edgar_sec/infra/storage/duckdb_catalog.py,315,PARTIAL,tests/pipelines/filing_catalog/test_catalog_job.py,"v1 DuckDBStaging.copy_query:146 -- the ONE behaviour v2 actually shares, an atomic query->Parquet export returning a row count -- is at a MATERIALLY DIFFERENT LOCATION: v2 copy_query_to_parquet edgar_sec/infra/storage/duckdb_catalog.py:236 (staged COPY + os.replace + count_parquet_rows), genuinely exercised by tests/pipelines/filing_catalog/test_catalog_job.py:148 test_published_target_rows_match_the_oracle and :83 test_guard_refuses_to_overwrite_a_published_snapshot. The resource-bound connection setup is edgar_sec/infra/storage/duckdb.py:30 connect()","PARTIAL, and the first pass's PORTED_DIVERGED was wrong on two counts. (1) LOCATION: duckdb.py:30 covers only resource-bound connection setup and is in-memory duckdb.connect(), not the file-backed staging DB -- roughly 15% of the responsibility. (2) EVIDENCE: the first pass cited phase_2.md:256, which is an IMPORTANT note about build_profile_snapshot's threads/memory_limit/temp_directory parameters and says nothing about DuckDBStaging. MISSING, with no v2 home: register_function (UDF), create_table_as:74, insert_query:87, count:99, copy_table:109, the immutable-artifact refusal (:113 and :155), the close/.wal-unlink/cleanup_root-rmtree teardown (:177), and the StorageError wrapper. VERIFIED: grep -rn 'DuckDBStaging|create_function|register_function' edgar_sec/ tests/ -> 0 hits. v2 callers bypass the abstraction entirely and call con.executemany on a raw connection (edgar_sec/pipelines/filing_catalog/planner.py:343,353; edgar_sec/engine/selection/source.py:218; features.py:319). There is no intermediate staging database to append to: v2 materialises in a single out-of-core COPY. The named v2 test is the catalog-job suite, NOT tests/infra/storage/test_duckdb.py -- that file's four tests (test_concat_to_parquet_sorts_and_merges, test_duplicate_and_null_key_detection, test_duplicate_and_null_keys_are_reported, test_duplicate_nested_values_detects_fan_out) cover merge-validation helpers and the connection factory, and no v2 test exercises a staging object at all; the word 'staging' in tests/pipelines/filing_catalog/test_publication.py:171 names a directory-swap context manager (publication.py staged_plan_bundle), a different responsibility. This file is live in v1 (phases/02_filing_extraction/core/target_plan.py builds materialize_staging.duckdb and calls execute/executemany/copy_query on it), so 2.5 cannot assume it is dead.",W5
.v1/defs/tables/__init__.py,99,code,.v1/defs/tests/test_false_tables.py;.v1/defs/tests/test_hybrid_tables.py;.v1/defs/tests/test_import_cycles.py,,,NOT_STARTED,,v1 __all__ re-exports convert_html_table/resolve_table_regions/TableGeometry (lines 5-57); grep convert_html_table|build_span_matrix|render_source_table over edgar_sec/ + tests/: no match,Public API barrel for the v1 geometry-first table engine; v2 has no table-extraction package to re-export.,W4
.v1/defs/tables/ascii_html/__init__.py,360,code,.v1/defs/tests/test_ascii_html.py;.v1/defs/tests/test_html_pipeline.py;.v1/defs/tests/test_table_continuation.py;.v1/defs/tests/test_cover_tables.py,,,NOT_STARTED,,convert_html_tables_to_ascii_with_metadata (line 94) drives selectolax parse_html + detect_table_continuation/fuse_source_tables; grep convert_html_table|build_span_matrix|render_source_table over edgar_sec/ + tests/: no match,"HTML <table> DOM -> canonical ASCII. Largest single responsibility in the ascii_html engine; v2 has no table/document/SGML layer: v2_refactor_roadmap.md:459 ""normalization.py, tables.py, reflow.py   # **PENDING** Character/geometry engine relocation""; v2_refactor_roadmap.md:436 ""text/ regex/ sql/  # **PENDING** Phase 2.5+""",W4
.v1/defs/tables/ascii_html/balance.py,359,code,.v1/defs/tests/test_ascii_html.py,,,NOT_STARTED,,"split_wide_hyphenated (14), header_minimum_width (38), preferred_header_width (45), balanced_wrap_width (57), balance_span_widths -- balance_span_widths appears only at .v1/defs/tests/test_ascii_html.py:839; no v2 equivalent","Column-width balancing heuristics for ASCII table rendering. v2 has no table/document/SGML layer: v2_refactor_roadmap.md:459 ""normalization.py, tables.py, reflow.py   # **PENDING** Character/geometry engine relocation""; v2_refactor_roadmap.md:436 ""text/ regex/ sql/  # **PENDING** Phase 2.5+""",W4
.v1/defs/tables/ascii_html/blocks.py,532,code,.v1/defs/tests/test_ascii_html.py,,,NOT_STARTED,,"RenderBlock dataclass (line 24), extract_raw_grids_and_spans (line 34); no v1 test imports defs.tables.ascii_html.blocks directly - exercised only transitively via convert_html_table","Row render-block extraction and block fusion; v2 equivalent is absent. v2 has no table/document/SGML layer: v2_refactor_roadmap.md:459 ""normalization.py, tables.py, reflow.py   # **PENDING** Character/geometry engine relocation""; v2_refactor_roadmap.md:436 ""text/ regex/ sql/  # **PENDING** Phase 2.5+""",W4
.v1/defs/tables/ascii_html/borders.py,264,code,.v1/defs/tests/test_ascii_html.py,,,NOT_STARTED,,"extract_border_segments (13), score_header_boundary; imported at .v1/defs/tests/test_ascii_html.py:17; no v2 equivalent","Border segment extraction and header-boundary scoring. v2 has no table/document/SGML layer: v2_refactor_roadmap.md:459 ""normalization.py, tables.py, reflow.py   # **PENDING** Character/geometry engine relocation""; v2_refactor_roadmap.md:436 ""text/ regex/ sql/  # **PENDING** Phase 2.5+""",W4
.v1/defs/tables/ascii_html/columns.py,260,code,.v1/defs/tests/test_ascii_html.py,,,NOT_STARTED,,"is_structural_spacer (22), resolve_columns, identify_affix_columns, is_affix_footnote_token; imported at .v1/defs/tests/test_ascii_html.py:21; no v2 equivalent","Horizontal column band inference and spacer policy. v2 has no table/document/SGML layer: v2_refactor_roadmap.md:459 ""normalization.py, tables.py, reflow.py   # **PENDING** Character/geometry engine relocation""; v2_refactor_roadmap.md:436 ""text/ regex/ sql/  # **PENDING** Phase 2.5+""",W4
.v1/defs/tables/ascii_html/continuation.py,220,code,.v1/defs/tests/test_ascii_html.py;.v1/defs/tests/test_table_continuation.py,,,NOT_STARTED,,"ContinuationDecision (line 38), is_allowed_intervening_content (54), detect_table_continuation, fuse_source_tables; imported at .v1/defs/tests/test_table_continuation.py:8; no v2 equivalent","Multi-page table continuation detection and pre-render fusion. v2 has no table/document/SGML layer: v2_refactor_roadmap.md:459 ""normalization.py, tables.py, reflow.py   # **PENDING** Character/geometry engine relocation""; v2_refactor_roadmap.md:436 ""text/ regex/ sql/  # **PENDING** Phase 2.5+""",W4
.v1/defs/tables/ascii_html/css.py,493,code,.v1/defs/tests/test_ascii_html.py,,,NOT_STARTED,,"parse_style_and_attributes, parse_dimension_px, _parse_css_declarations (lru_cache, line 21); imported at .v1/defs/tests/test_ascii_html.py:25; no v2 equivalent","Unit-aware CSS/attribute normalization for table cells. v2 has no table/document/SGML layer: v2_refactor_roadmap.md:459 ""normalization.py, tables.py, reflow.py   # **PENDING** Character/geometry engine relocation""; v2_refactor_roadmap.md:436 ""text/ regex/ sql/  # **PENDING** Phase 2.5+""",W4
.v1/defs/tables/ascii_html/diagnostics.py,62,code,.v1/defs/tests/test_ascii_html.py,,,NOT_STARTED,,"evaluate_table_confidence (line 15) returns (confidence, veto_reasons); no v1 test imports it directly, no v2 equivalent","Render confidence scoring and safety vetoes. v2 has no table/document/SGML layer: v2_refactor_roadmap.md:459 ""normalization.py, tables.py, reflow.py   # **PENDING** Character/geometry engine relocation""; v2_refactor_roadmap.md:436 ""text/ regex/ sql/  # **PENDING** Phase 2.5+""",W4
.v1/defs/tables/ascii_html/dividers.py,323,code,.v1/defs/tests/test_ascii_html.py,,,NOT_STARTED,,"repair_rendered_affix_columns (24), format_row_divider, format_top_divider, heal_divider_lines_from_templates; no v2 equivalent","ASCII divider formatting and affix gap healing. v2 has no table/document/SGML layer: v2_refactor_roadmap.md:459 ""normalization.py, tables.py, reflow.py   # **PENDING** Character/geometry engine relocation""; v2_refactor_roadmap.md:436 ""text/ regex/ sql/  # **PENDING** Phase 2.5+""",W4
.v1/defs/tables/ascii_html/geometry.py,150,code,.v1/defs/tests/test_ascii_html.py,,,NOT_STARTED,,estimate_table_geometry (17) estimates 2D CellBox bounding boxes; imported at .v1/defs/tests/test_ascii_html.py:29; no v2 equivalent,"Cell coordinate estimation and geometric interval math. v2 has no table/document/SGML layer: v2_refactor_roadmap.md:459 ""normalization.py, tables.py, reflow.py   # **PENDING** Character/geometry engine relocation""; v2_refactor_roadmap.md:436 ""text/ regex/ sql/  # **PENDING** Phase 2.5+""",W4
.v1/defs/tables/ascii_html/model.py,280,code,.v1/defs/tests/test_ascii_html.py;.v1/defs/tests/test_html_pipeline.py;.v1/defs/tests/test_cover_tables.py,,,NOT_STARTED,,"CellStyle (44), SourceTable, ResolvedGrid, TableGeometry, RenderBudget, HorizontalAlign (13); imported at .v1/defs/tests/test_html_pipeline.py:3-4 and .v1/defs/tests/test_cover_tables.py:7; no v2 equivalent","Core data models for the v1 table renderer. v2 has no table/document/SGML layer: v2_refactor_roadmap.md:459 ""normalization.py, tables.py, reflow.py   # **PENDING** Character/geometry engine relocation""; v2_refactor_roadmap.md:436 ""text/ regex/ sql/  # **PENDING** Phase 2.5+""",W4
.v1/defs/tables/ascii_html/quick_grid.py,81,code,,,,NOT_STARTED,,quick_extract_table_grid (line 24); no match for quick_extract_table_grid in .v1/defs/tests/*; no v2 equivalent,FINDING: no v1 test imports this module; it runs only when convert_html_tables_to_ascii_with_metadata(early_unwrap_false_tables=True).,W4
.v1/defs/tables/ascii_html/renderer.py,519,code,.v1/defs/tests/test_ascii_html.py,,,NOT_STARTED,,"render_source_table, render_grid_to_ascii; no v1 test imports the module directly (reached via defs.tables.ascii_html package); no v2 equivalent","Orchestrates the whole geometry-first render pipeline. v2 has no table/document/SGML layer: v2_refactor_roadmap.md:459 ""normalization.py, tables.py, reflow.py   # **PENDING** Character/geometry engine relocation""; v2_refactor_roadmap.md:436 ""text/ regex/ sql/  # **PENDING** Phase 2.5+""",W4
.v1/defs/tables/ascii_html/spans.py,438,code,.v1/defs/tests/test_ascii_html.py,,,NOT_STARTED,,"extract_source_table (48), build_span_matrix; imported at .v1/defs/tests/test_ascii_html.py:30; no v2 equivalent","Table DOM extraction, rowspan/colspan span tracking, nested-table isolation. v2 has no table/document/SGML layer: v2_refactor_roadmap.md:459 ""normalization.py, tables.py, reflow.py   # **PENDING** Character/geometry engine relocation""; v2_refactor_roadmap.md:436 ""text/ regex/ sql/  # **PENDING** Phase 2.5+""",W4
.v1/defs/tables/ascii_html/text.py,217,code,.v1/defs/tests/test_ascii_html.py,,,NOT_STARTED,,"wrap_cell_text, format_cell_line, normalize_cell_whitespace; imported at .v1/defs/tests/test_ascii_html.py:31 and used at :661; no v2 equivalent","Cell text wrapping and indentation normalization. v2 has no table/document/SGML layer: v2_refactor_roadmap.md:459 ""normalization.py, tables.py, reflow.py   # **PENDING** Character/geometry engine relocation""; v2_refactor_roadmap.md:436 ""text/ regex/ sql/  # **PENDING** Phase 2.5+""",W4
.v1/defs/tables/ascii_html/widths.py,434,code,.v1/defs/tests/test_ascii_html.py,,,NOT_STARTED,,"compute_column_widths (line 37), _normalize_header_key; imported at .v1/defs/tests/test_ascii_html.py:35; no v2 equivalent","Width budgeting and column width allocation. v2 has no table/document/SGML layer: v2_refactor_roadmap.md:459 ""normalization.py, tables.py, reflow.py   # **PENDING** Character/geometry engine relocation""; v2_refactor_roadmap.md:436 ""text/ regex/ sql/  # **PENDING** Phase 2.5+""",W4
.v1/defs/tables/currencies.py,156,code,,,,NOT_STARTED,,MAJOR_CURRENCIES dict (line 7) with prefix/suffix symbol metadata; consumed by numeric_cells.py:14 and tokens.py:8; no match for MAJOR_CURRENCIES in edgar_sec/ or tests/,FINDING: no v1 test imports this module directly; covered only transitively. Data-only reference table with no v2 counterpart.,W4
.v1/defs/tables/false_tables.py,498,code,.v1/defs/tests/test_false_tables.py,,,NOT_STARTED,,"is_false_table, cleanup_false_tables, cleanup_false_tables_with_metadata, is_false_grid, unwrap_grid; imported at .v1/defs/tests/test_false_tables.py:5-11; no v2 equivalent","Layout-only <TABLE> unwrapping; the deferred de-tabling policy described in .v1/defs/tests/../../defs/tables/README.md lines 33-53. v2 has no table/document/SGML layer: v2_refactor_roadmap.md:459 ""normalization.py, tables.py, reflow.py   # **PENDING** Character/geometry engine relocation""; v2_refactor_roadmap.md:436 ""text/ regex/ sql/  # **PENDING** Phase 2.5+""",W4
.v1/defs/tables/hybrid.py,284,code,.v1/defs/tests/test_hybrid_tables.py,,,NOT_STARTED,,"PreBlockKind (line 26), classify_pre_block, normalize_hybrid_pre_blocks, normalize_hybrid_pre_text, restore_hybrid_pre_text; imported at .v1/defs/tests/test_hybrid_tables.py:5; no v2 equivalent","Hybrid <pre> discriminator for 2000-2010 SGML/monospace/HTML tables. v2 has no table/document/SGML layer: v2_refactor_roadmap.md:459 ""normalization.py, tables.py, reflow.py   # **PENDING** Character/geometry engine relocation""; v2_refactor_roadmap.md:436 ""text/ regex/ sql/  # **PENDING** Phase 2.5+""",W4
.v1/defs/tables/numeric_cells.py,110,code,,,,NOT_STARTED,,"NUMERIC_CELL_RE (line 67), is_numeric_cell (85), is_financial_placeholder (80); grep is_numeric_cell over edgar_sec/ + tests/: no match","FINDING: no v1 test imports this module directly (it is imported by ascii_html/borders, columns, dividers, tables/tokens, taxonomy/tables/shapes).",W4
.v1/defs/tables/patterns.py,219,code,,,,NOT_STARTED,,"TABLE_TAG_RE (line 30), RE_TABLE_BLOCK (31), CAPTION_RE (26), COLUMN_YEAR_ROW_RE; no v1 test imports defs.tables.patterns; no v2 equivalent","FINDING: no v1 test imports this module directly; it is the shared regex source for false_tables, structural, table_policy, types.",W4
.v1/defs/tables/protection.py,245,code,.v1/defs/tests/test_table_protection.py,,,NOT_STARTED,,"mask_tagged_tables / restore_tagged_tables, SENTINEL_PREFIX (line 47), TAGGED_TABLE_OPEN_RE (38); imported at .v1/defs/tests/test_table_protection.py:7; grep convert_html_table|build_span_matrix|render_source_table over edgar_sec/ + tests/: no match","Byte-exact <TABLE>...</TABLE> masking for plain-text reflow. v2 has no table/document/SGML layer: v2_refactor_roadmap.md:459 ""normalization.py, tables.py, reflow.py   # **PENDING** Character/geometry engine relocation""; v2_refactor_roadmap.md:436 ""text/ regex/ sql/  # **PENDING** Phase 2.5+""",W4
.v1/defs/tables/resolver.py,301,code,.v1/defs/tests/test_reflow.py,,,NOT_STARTED,,resolve_table_regions; imported at .v1/defs/tests/test_reflow.py:5; no v2 equivalent,"Single-pass table region resolver for the generic ASCII reflow coordinator. v2 has no table/document/SGML layer: v2_refactor_roadmap.md:459 ""normalization.py, tables.py, reflow.py   # **PENDING** Character/geometry engine relocation""; v2_refactor_roadmap.md:436 ""text/ regex/ sql/  # **PENDING** Phase 2.5+""",W4
.v1/defs/tables/structural.py,213,code,.v1/defs/tests/test_reflow.py,,,NOT_STARTED,,"is_structural_table_bridge, is_header_prefix, is_structural_table_tail; imported at .v1/defs/tests/test_reflow.py:6; no v2 equivalent","Form-neutral structural table-boundary detection. v2 has no table/document/SGML layer: v2_refactor_roadmap.md:459 ""normalization.py, tables.py, reflow.py   # **PENDING** Character/geometry engine relocation""; v2_refactor_roadmap.md:436 ""text/ regex/ sql/  # **PENDING** Phase 2.5+""",W4
.v1/defs/tables/table_policy.py,183,code,.v1/defs/tests/test_reflow.py,,,NOT_STARTED,,"split_structural_table_intro (line 21), is_tableish_block (47), is_table_row_continuation, unify_table_prose; imported at .v1/defs/tests/test_reflow.py:7; no v2 equivalent","ASCII reflow boundary cascade policies. v2 has no table/document/SGML layer: v2_refactor_roadmap.md:459 ""normalization.py, tables.py, reflow.py   # **PENDING** Character/geometry engine relocation""; v2_refactor_roadmap.md:436 ""text/ regex/ sql/  # **PENDING** Phase 2.5+""",W4
.v1/defs/tables/templates/__init__.py,10,code,,,,NOT_STARTED,,3-line package marker re-exporting TableScope/table_scope_from_string from .scope; grep TableFamilySpec|ShapeConstraint|classify_table|RepairPolicy over edgar_sec/ + tests/: no match,"FINDING: no v1 test imports this package. v2 has no table/document/SGML layer: v2_refactor_roadmap.md:459 ""normalization.py, tables.py, reflow.py   # **PENDING** Character/geometry engine relocation""; v2_refactor_roadmap.md:436 ""text/ regex/ sql/  # **PENDING** Phase 2.5+""",W4
.v1/defs/tables/templates/scope.py,52,code,.v1/defs/tests/test_text_automaton.py,,,NOT_STARTED,,"TableScope enum (line 13) with BODY/TOC/COVER and allows_cover_templates/allows_body_templates properties; reached via ""from defs.taxonomy.tables.specs import TableFamilySpec, TableScope"" at .v1/defs/tests/test_text_automaton.py:6; grep TableFamilySpec|ShapeConstraint|classify_table|RepairPolicy over edgar_sec/ + tests/: no match","Table-classification capability selector. Note the name collision trap: v2 domain/taxonomy/legal_forms.py is unrelated (entity legal-form suffixes). v2 domain/taxonomy/ is a different module: phase_2.md:219-220 maps its only v1 sources as defs/entities/lexicon.py and core/family_vocab.py (neither in this scope); v2_refactor_roadmap.md:443 ""taxonomy/ # **BUILT** jurisdictions, legal_forms, family_vocab (immutable tables)""",W4
.v1/defs/tables/toc.py,45,code,,,,NOT_STARTED,,"looks_like_toc_text (line 15), toc_part_headings_are_body_rows (20); no v1 test imports defs.tables.toc; consumed by taxonomy/probe/cache.py:28; no v2 equivalent","FINDING: no v1 test coverage; only consumer is the taxonomy probe. v2 has no table/document/SGML layer: v2_refactor_roadmap.md:459 ""normalization.py, tables.py, reflow.py   # **PENDING** Character/geometry engine relocation""; v2_refactor_roadmap.md:436 ""text/ regex/ sql/  # **PENDING** Phase 2.5+""",W4
.v1/defs/tables/tokens.py,106,code,.v1/defs/tests/test_import_cycles.py,,,NOT_STARTED,,"is_prefix_token (30), is_suffix_token (35), numeric_cell_starts; ""import defs.tables.tokens"" at .v1/defs/tests/test_import_cycles.py:24; no v2 equivalent","FINDING: the only v1 test touching it is an import-cycle guard, not a behaviour test. v2 has no table/document/SGML layer: v2_refactor_roadmap.md:459 ""normalization.py, tables.py, reflow.py   # **PENDING** Character/geometry engine relocation""; v2_refactor_roadmap.md:436 ""text/ regex/ sql/  # **PENDING** Phase 2.5+""",W4
.v1/defs/tables/types.py,253,code,,,,NOT_STARTED,,detect_table_currency (line 28) and year extraction for table context; no v1 test imports defs.tables.types; no v2 equivalent,"FINDING: no v1 test coverage. Table type inference / currency detection. v2 has no table/document/SGML layer: v2_refactor_roadmap.md:459 ""normalization.py, tables.py, reflow.py   # **PENDING** Character/geometry engine relocation""; v2_refactor_roadmap.md:436 ""text/ regex/ sql/  # **PENDING** Phase 2.5+""",W4
.v1/defs/tables/units.py,120,code,,,,NOT_STARTED,,MEASUREMENT_UNITS dict (line 7); consumed by numeric_cells.py:15; no match for MEASUREMENT_UNITS in edgar_sec/ or tests/,"FINDING: no v1 test imports this module directly; data-only reference table. v2 has no table/document/SGML layer: v2_refactor_roadmap.md:459 ""normalization.py, tables.py, reflow.py   # **PENDING** Character/geometry engine relocation""; v2_refactor_roadmap.md:436 ""text/ regex/ sql/  # **PENDING** Phase 2.5+""",W4
.v1/defs/taxonomy/__init__.py,3,code,,,,NOT_STARTED,,"Docstring-only marker: ""Canonical, domain-neutral reporting and financial statement taxonomy."" (line 1); no test imports it; v2 edgar_sec/domain/taxonomy/__init__.py is a 1-line docstring, not this package's contents. v2 domain/taxonomy/ is a different module: phase_2.md:219-220 maps its only v1 sources as defs/entities/lexicon.py and core/family_vocab.py (neither in this scope); v2_refactor_roadmap.md:443 ""taxonomy/ # **BUILT** jurisdictions, legal_forms, family_vocab (immutable tables)""",Name collision with v2 domain/taxonomy/. The two trees share a directory name and nothing else.,W4
.v1/defs/taxonomy/components/__init__.py,3,code,,,,NOT_STARTED,,"Docstring-only marker: ""Atomic reporting concepts and synonym groups."" (line 1); no test imports it; no v2 module models reporting-concept components. v2 domain/taxonomy/ is a different module: phase_2.md:219-220 maps its only v1 sources as defs/entities/lexicon.py and core/family_vocab.py (neither in this scope); v2_refactor_roadmap.md:443 ""taxonomy/ # **BUILT** jurisdictions, legal_forms, family_vocab (immutable tables)""",,W4
.v1/defs/taxonomy/components/cover.py,172,code,.v1/defs/tests/test_table_taxonomy_contracts.py,,,NOT_STARTED,,"COVER_LAYOUT_SPEC, CHECKBOX_GRID_SPEC, REGISTRATION_TABLE_SPEC built from ShapeConstraint/LexicalEvidencePack; exercised as classify_table candidates at .v1/defs/tests/test_table_taxonomy_contracts.py:12; grep TableFamilySpec|ShapeConstraint|classify_table|RepairPolicy over edgar_sec/ + tests/: no match","Cover-page table families. v2 domain/taxonomy/ is a different module: phase_2.md:219-220 maps its only v1 sources as defs/entities/lexicon.py and core/family_vocab.py (neither in this scope); v2_refactor_roadmap.md:443 ""taxonomy/ # **BUILT** jurisdictions, legal_forms, family_vocab (immutable tables)""",W4
.v1/defs/taxonomy/components/financials/__init__.py,3,code,,,,NOT_STARTED,,"Docstring-only marker: ""Canonical financial statement line item and concept vocabularies."" (line 1); no v2 module holds financial-statement line-item vocabulary. v2 domain/taxonomy/ is a different module: phase_2.md:219-220 maps its only v1 sources as defs/entities/lexicon.py and core/family_vocab.py (neither in this scope); v2_refactor_roadmap.md:443 ""taxonomy/ # **BUILT** jurisdictions, legal_forms, family_vocab (immutable tables)""",,W4
.v1/defs/taxonomy/components/financials/balance.py,120,code,.v1/defs/tests/test_taxonomy_tail_patterns.py;.v1/defs/tests/test_table_taxonomy_contracts.py,,,NOT_STARTED,,"BALANCE_SHEET_SPEC, BALANCE_SHEET_TAIL_RE, ASSETS_TERMS/LIABILITIES_TERMS/EQUITY_TERMS; imported at .v1/defs/tests/test_taxonomy_tail_patterns.py:5; grep TableFamilySpec|ShapeConstraint|classify_table|RepairPolicy over edgar_sec/ + tests/: no match","ASC balance-sheet family spec. v2 domain/taxonomy/ is a different module: phase_2.md:219-220 maps its only v1 sources as defs/entities/lexicon.py and core/family_vocab.py (neither in this scope); v2_refactor_roadmap.md:443 ""taxonomy/ # **BUILT** jurisdictions, legal_forms, family_vocab (immutable tables)""",W4
.v1/defs/taxonomy/components/financials/cash_flow.py,101,code,.v1/defs/tests/test_taxonomy_tail_patterns.py;.v1/defs/tests/test_table_taxonomy_contracts.py,,,NOT_STARTED,,"CASH_FLOW_SPEC, CASH_FLOW_TAIL_RE, OPERATING/INVESTING/FINANCING_ACTIVITIES_TERMS; imported at .v1/defs/tests/test_taxonomy_tail_patterns.py:6; grep TableFamilySpec|ShapeConstraint|classify_table|RepairPolicy over edgar_sec/ + tests/: no match","ASC cash-flow family spec. v2 domain/taxonomy/ is a different module: phase_2.md:219-220 maps its only v1 sources as defs/entities/lexicon.py and core/family_vocab.py (neither in this scope); v2_refactor_roadmap.md:443 ""taxonomy/ # **BUILT** jurisdictions, legal_forms, family_vocab (immutable tables)""",W4
.v1/defs/taxonomy/components/financials/equity.py,92,code,.v1/defs/tests/test_taxonomy_tail_patterns.py;.v1/defs/tests/test_table_taxonomy_contracts.py,,,NOT_STARTED,,"EQUITY_STATEMENT_SPEC, EQUITY_STATEMENT_TAIL_RE, EQUITY_PRIMARY_TERMS; imported at .v1/defs/tests/test_taxonomy_tail_patterns.py:7 and asserted at .v1/defs/tests/test_table_taxonomy_contracts.py:117; grep TableFamilySpec|ShapeConstraint|classify_table|RepairPolicy over edgar_sec/ + tests/: no match","Statement of stockholders' equity family spec. v2 domain/taxonomy/ is a different module: phase_2.md:219-220 maps its only v1 sources as defs/entities/lexicon.py and core/family_vocab.py (neither in this scope); v2_refactor_roadmap.md:443 ""taxonomy/ # **BUILT** jurisdictions, legal_forms, family_vocab (immutable tables)""",W4
.v1/defs/taxonomy/components/financials/income.py,156,code,.v1/defs/tests/test_taxonomy_tail_patterns.py;.v1/defs/tests/test_table_taxonomy_contracts.py,,,NOT_STARTED,,"INCOME_STATEMENT_SPEC, INCOME_STATEMENT_TAIL_RE, REVENUE_TERMS/COST_OF_SALES_TERMS; imported at .v1/defs/tests/test_taxonomy_tail_patterns.py:8 and asserted at .v1/defs/tests/test_table_taxonomy_contracts.py:39; grep TableFamilySpec|ShapeConstraint|classify_table|RepairPolicy over edgar_sec/ + tests/: no match","Largest core financial statement family spec. v2 domain/taxonomy/ is a different module: phase_2.md:219-220 maps its only v1 sources as defs/entities/lexicon.py and core/family_vocab.py (neither in this scope); v2_refactor_roadmap.md:443 ""taxonomy/ # **BUILT** jurisdictions, legal_forms, family_vocab (immutable tables)""",W4
.v1/defs/taxonomy/components/financials/reflow.py,69,code,,,,NOT_STARTED,,"is_financial_table_bridge_line (line 44), is_financial_table_tail_line (50), FINANCIAL_TABLE_BRIDGE_RE (39); no v1 test imports defs.taxonomy.components.financials.reflow; no v2 equivalent","FINDING: no v1 test coverage. Bridges statement tails into the generic reflow engine. v2 has no table/document/SGML layer: v2_refactor_roadmap.md:459 ""normalization.py, tables.py, reflow.py   # **PENDING** Character/geometry engine relocation""; v2_refactor_roadmap.md:436 ""text/ regex/ sql/  # **PENDING** Phase 2.5+""",W4
.v1/defs/taxonomy/components/schedules/__init__.py,50,code,.v1/defs/tests/test_table_taxonomy_contracts.py,,,NOT_STARTED,,Re-exports 18 *_SPEC symbols (lines 5-27) into the schedule registry; no v2 family registry exists (grep TableFamilySpec|ShapeConstraint|classify_table|RepairPolicy over edgar_sec/ + tests/: no match),"Reached transitively by every classify_table test. v2 domain/taxonomy/ is a different module: phase_2.md:219-220 maps its only v1 sources as defs/entities/lexicon.py and core/family_vocab.py (neither in this scope); v2_refactor_roadmap.md:443 ""taxonomy/ # **BUILT** jurisdictions, legal_forms, family_vocab (immutable tables)""",W4
.v1/defs/taxonomy/components/schedules/debt_maturity.py,70,code,.v1/defs/tests/test_table_taxonomy_contracts.py,,,NOT_STARTED,,"DEBT_MATURITY_SPEC, DEBT_MATURITY_PRIMARY_TERMS; no v1 test names debt_maturity - only evaluated as a candidate in classify_table's loop over FAMILY_SPECS (classifier.py:109-111); grep TableFamilySpec|ShapeConstraint|classify_table|RepairPolicy over edgar_sec/ + tests/: no match","ASC 470 debt maturity schedule. Weak v1 coverage: no positive assertion. v2 domain/taxonomy/ is a different module: phase_2.md:219-220 maps its only v1 sources as defs/entities/lexicon.py and core/family_vocab.py (neither in this scope); v2_refactor_roadmap.md:443 ""taxonomy/ # **BUILT** jurisdictions, legal_forms, family_vocab (immutable tables)""",W4
.v1/defs/taxonomy/components/schedules/deferred_tax.py,70,code,.v1/defs/tests/test_table_taxonomy_contracts.py,,,NOT_STARTED,,"DEFERRED_TAX_SPEC, DEFERRED_TAX_PRIMARY_TERMS; no v1 test names deferred_tax - only evaluated as a candidate via FAMILY_SPECS; grep TableFamilySpec|ShapeConstraint|classify_table|RepairPolicy over edgar_sec/ + tests/: no match","ASC 740 deferred tax schedule. Weak v1 coverage: no positive assertion. v2 domain/taxonomy/ is a different module: phase_2.md:219-220 maps its only v1 sources as defs/entities/lexicon.py and core/family_vocab.py (neither in this scope); v2_refactor_roadmap.md:443 ""taxonomy/ # **BUILT** jurisdictions, legal_forms, family_vocab (immutable tables)""",W4
.v1/defs/taxonomy/components/schedules/derivatives/__init__.py,51,code,.v1/defs/tests/test_taxonomy_profiler.py,,,NOT_STARTED,,Re-exports DERIVATIVES_HEDGING_SPEC and AOCI_SPEC; imported at .v1/defs/tests/test_taxonomy_profiler.py:7; grep TableFamilySpec|ShapeConstraint|classify_table|RepairPolicy over edgar_sec/ + tests/: no match,"ASC 815/220 derivatives package root. v2 domain/taxonomy/ is a different module: phase_2.md:219-220 maps its only v1 sources as defs/entities/lexicon.py and core/family_vocab.py (neither in this scope); v2_refactor_roadmap.md:443 ""taxonomy/ # **BUILT** jurisdictions, legal_forms, family_vocab (immutable tables)""",W4
.v1/defs/taxonomy/components/schedules/derivatives/aoci.py,100,code,.v1/defs/tests/test_table_taxonomy_contracts.py,,,NOT_STARTED,,AOCI_PRIMARY_TERMS/AOCI_SECONDARY_TERMS; asserted by .v1/defs/tests/test_table_taxonomy_contracts.py:471 test_aoci_rollforward_classification; grep TableFamilySpec|ShapeConstraint|classify_table|RepairPolicy over edgar_sec/ + tests/: no match,"ASC 220 AOCI rollforward vocabulary. v2 domain/taxonomy/ is a different module: phase_2.md:219-220 maps its only v1 sources as defs/entities/lexicon.py and core/family_vocab.py (neither in this scope); v2_refactor_roadmap.md:443 ""taxonomy/ # **BUILT** jurisdictions, legal_forms, family_vocab (immutable tables)""",W4
.v1/defs/taxonomy/components/schedules/derivatives/bases.py,79,code,,,,NOT_STARTED,,"CORE_UNAMBIGUOUS_BASES (line 6), COMPOUND_UNAMBIGUOUS_BASES (15), UNIVERSAL_BASES, CONTRACT_SUFFIXES; no v1 test imports it; no v2 equivalent","FINDING: no v1 test coverage; consumed only by derivatives/engine.py and generic.py. v2 domain/taxonomy/ is a different module: phase_2.md:219-220 maps its only v1 sources as defs/entities/lexicon.py and core/family_vocab.py (neither in this scope); v2_refactor_roadmap.md:443 ""taxonomy/ # **BUILT** jurisdictions, legal_forms, family_vocab (immutable tables)""",W4
.v1/defs/taxonomy/components/schedules/derivatives/cp.py,139,code,.v1/defs/tests/test_table_taxonomy_contracts.py,,,NOT_STARTED,,"COMMODITY_DERIVATIVE_TERMS, COMMODITY_ENERGY_UNDERLYINGS (line 13); asserted by .v1/defs/tests/test_table_taxonomy_contracts.py:535 test_commodity_derivatives_classification; grep TableFamilySpec|ShapeConstraint|classify_table|RepairPolicy over edgar_sec/ + tests/: no match","Commodity/energy derivative vocabulary. v2 domain/taxonomy/ is a different module: phase_2.md:219-220 maps its only v1 sources as defs/entities/lexicon.py and core/family_vocab.py (neither in this scope); v2_refactor_roadmap.md:443 ""taxonomy/ # **BUILT** jurisdictions, legal_forms, family_vocab (immutable tables)""",W4
.v1/defs/taxonomy/components/schedules/derivatives/credit.py,30,code,.v1/defs/tests/test_table_taxonomy_contracts.py,,,NOT_STARTED,,"CREDIT_DERIVATIVE_TERMS = build_derivative_grammar(underlyings=CREDIT_UNDERLYINGS, bases=CREDIT_BASES) (line 27); no v2 equivalent","Credit default derivative vocabulary; folded into DERIVATIVES_PRIMARY_TERMS. v2 domain/taxonomy/ is a different module: phase_2.md:219-220 maps its only v1 sources as defs/entities/lexicon.py and core/family_vocab.py (neither in this scope); v2_refactor_roadmap.md:443 ""taxonomy/ # **BUILT** jurisdictions, legal_forms, family_vocab (immutable tables)""",W4
.v1/defs/taxonomy/components/schedules/derivatives/engine.py,71,code,,,,NOT_STARTED,,"build_derivative_grammar (line 17), build_pay_receive_swaps (52); no v1 test imports defs.taxonomy.components.schedules.derivatives.engine; no v2 equivalent","FINDING: no v1 test coverage; the Cartesian combinator behind every derivative family. v2 domain/taxonomy/ is a different module: phase_2.md:219-220 maps its only v1 sources as defs/entities/lexicon.py and core/family_vocab.py (neither in this scope); v2_refactor_roadmap.md:443 ""taxonomy/ # **BUILT** jurisdictions, legal_forms, family_vocab (immutable tables)""",W4
.v1/defs/taxonomy/components/schedules/derivatives/eq.py,97,code,.v1/defs/tests/test_table_taxonomy_contracts.py,,,NOT_STARTED,,"EQUITY_DERIVATIVE_TERMS, EQUITY_INDICES (line 14), EQUITY_EMPLOYEE_COMP_GUARDS, EQUITY_UNIGRAM_VETOES; exercised through DERIVATIVES_HEDGING_SPEC; grep TableFamilySpec|ShapeConstraint|classify_table|RepairPolicy over edgar_sec/ + tests/: no match","Equity/structured derivative vocabulary. v2 domain/taxonomy/ is a different module: phase_2.md:219-220 maps its only v1 sources as defs/entities/lexicon.py and core/family_vocab.py (neither in this scope); v2_refactor_roadmap.md:443 ""taxonomy/ # **BUILT** jurisdictions, legal_forms, family_vocab (immutable tables)""",W4
.v1/defs/taxonomy/components/schedules/derivatives/fx.py,50,code,.v1/defs/tests/test_table_taxonomy_contracts.py,,,NOT_STARTED,,"FX_DERIVATIVE_TERMS = expand_alternations(FX_STRONG_COMPOUNDS, FX_WEAK_COMPOUNDS) (line 47); exercised through DERIVATIVES_HEDGING_SPEC; grep TableFamilySpec|ShapeConstraint|classify_table|RepairPolicy over edgar_sec/ + tests/: no match","FX/currency derivative vocabulary. v2 domain/taxonomy/ is a different module: phase_2.md:219-220 maps its only v1 sources as defs/entities/lexicon.py and core/family_vocab.py (neither in this scope); v2_refactor_roadmap.md:443 ""taxonomy/ # **BUILT** jurisdictions, legal_forms, family_vocab (immutable tables)""",W4
.v1/defs/taxonomy/components/schedules/derivatives/generic.py,170,code,.v1/defs/tests/test_table_taxonomy_contracts.py,,,NOT_STARTED,,"GENERIC_DERIVATIVE_TERMS, ASC_815_MASTER_DISCLOSURES, DERIVATIVE_HEADING_TERMS (line 23), CROSS_ASSET_STRUCTURES (15); grep TableFamilySpec|ShapeConstraint|classify_table|RepairPolicy over edgar_sec/ + tests/: no match","Cross-asset structures and ASC 815 master disclosure headings. v2 domain/taxonomy/ is a different module: phase_2.md:219-220 maps its only v1 sources as defs/entities/lexicon.py and core/family_vocab.py (neither in this scope); v2_refactor_roadmap.md:443 ""taxonomy/ # **BUILT** jurisdictions, legal_forms, family_vocab (immutable tables)""",W4
.v1/defs/taxonomy/components/schedules/derivatives/guards.py,46,code,.v1/defs/tests/test_table_taxonomy_contracts.py,,,NOT_STARTED,,"DERIVATIVE_UNIGRAM_VETOES (line 23), NON_DERIVATIVE_EXCLUSIONS (40); asserted by .v1/defs/tests/test_table_taxonomy_contracts.py:433 test_derivatives_hedging_false_positive_guards; grep TableFamilySpec|ShapeConstraint|classify_table|RepairPolicy over edgar_sec/ + tests/: no match","Central fast-veto registry that consumes legal.py, eq.py, generic.py guards. v2 domain/taxonomy/ is a different module: phase_2.md:219-220 maps its only v1 sources as defs/entities/lexicon.py and core/family_vocab.py (neither in this scope); v2_refactor_roadmap.md:443 ""taxonomy/ # **BUILT** jurisdictions, legal_forms, family_vocab (immutable tables)""",W4
.v1/defs/taxonomy/components/schedules/derivatives/ir.py,64,code,.v1/defs/tests/test_table_taxonomy_contracts.py,,,NOT_STARTED,,"IR_DERIVATIVE_TERMS, BENCHMARK_RATES (line 15: sofr/libor/euribor/sonia/estr/eonia/eurodollar); exercised through DERIVATIVES_HEDGING_SPEC; grep TableFamilySpec|ShapeConstraint|classify_table|RepairPolicy over edgar_sec/ + tests/: no match","Interest-rate derivative and hedging vocabulary. v2 domain/taxonomy/ is a different module: phase_2.md:219-220 maps its only v1 sources as defs/entities/lexicon.py and core/family_vocab.py (neither in this scope); v2_refactor_roadmap.md:443 ""taxonomy/ # **BUILT** jurisdictions, legal_forms, family_vocab (immutable tables)""",W4
.v1/defs/taxonomy/components/schedules/derivatives/spec.py,141,code,.v1/defs/tests/test_taxonomy_profiler.py;.v1/defs/tests/test_table_taxonomy_contracts.py,,,NOT_STARTED,,DERIVATIVES_HEDGING_SPEC and AOCI_SPEC; DERIVATIVES_PRIMARY_TERMS (line 34) unions all five asset classes; imported at .v1/defs/tests/test_taxonomy_profiler.py:7; grep TableFamilySpec|ShapeConstraint|classify_table|RepairPolicy over edgar_sec/ + tests/: no match,"The two specs that largest components/schedules/derivatives/ contributes to the registry. v2 domain/taxonomy/ is a different module: phase_2.md:219-220 maps its only v1 sources as defs/entities/lexicon.py and core/family_vocab.py (neither in this scope); v2_refactor_roadmap.md:443 ""taxonomy/ # **BUILT** jurisdictions, legal_forms, family_vocab (immutable tables)""",W4
.v1/defs/taxonomy/components/schedules/eps_reconciliation.py,75,code,.v1/defs/tests/test_table_taxonomy_contracts.py,,,NOT_STARTED,,"EPS_RECONCILIATION_SPEC, EPS_RECON_PRIMARY_TERMS; asserted by .v1/defs/tests/test_table_taxonomy_contracts.py:214 test_eps_reconciliation_classification; grep TableFamilySpec|ShapeConstraint|classify_table|RepairPolicy over edgar_sec/ + tests/: no match","ASC 260 EPS reconciliation. v2 domain/taxonomy/ is a different module: phase_2.md:219-220 maps its only v1 sources as defs/entities/lexicon.py and core/family_vocab.py (neither in this scope); v2_refactor_roadmap.md:443 ""taxonomy/ # **BUILT** jurisdictions, legal_forms, family_vocab (immutable tables)""",W4
.v1/defs/taxonomy/components/schedules/exhibit_index.py,120,code,,,,NOT_STARTED,,"EXHIBIT_INDEX_SPEC, EXHIBIT_INDEX_STATUTORY_PHRASES (line 17), CANONICAL_EXHIBIT_HEADERS; no v1 test imports it and the spec is NOT registered in families.py:FAMILY_SPECS; grep TableFamilySpec|ShapeConstraint|classify_table|RepairPolicy over edgar_sec/ + tests/: no match","FINDING: defined and exported from schedules/__init__.py but never registered in FAMILY_SPECS, so classify_table can never select it. v2 domain/taxonomy/ is a different module: phase_2.md:219-220 maps its only v1 sources as defs/entities/lexicon.py and core/family_vocab.py (neither in this scope); v2_refactor_roadmap.md:443 ""taxonomy/ # **BUILT** jurisdictions, legal_forms, family_vocab (immutable tables)""",W4
.v1/defs/taxonomy/components/schedules/fair_value.py,72,code,.v1/defs/tests/test_table_taxonomy_contracts.py,,,NOT_STARTED,,"FAIR_VALUE_SPEC, FAIR_VALUE_PRIMARY_TERMS (line 14: level 1/2/3, observable inputs); asserted by .v1/defs/tests/test_table_taxonomy_contracts.py:154 and :510; grep TableFamilySpec|ShapeConstraint|classify_table|RepairPolicy over edgar_sec/ + tests/: no match","ASC 820 fair value hierarchy. v2 domain/taxonomy/ is a different module: phase_2.md:219-220 maps its only v1 sources as defs/entities/lexicon.py and core/family_vocab.py (neither in this scope); v2_refactor_roadmap.md:443 ""taxonomy/ # **BUILT** jurisdictions, legal_forms, family_vocab (immutable tables)""",W4
.v1/defs/taxonomy/components/schedules/intangibles.py,136,code,.v1/defs/tests/test_table_taxonomy_contracts.py,,,NOT_STARTED,,"INTANGIBLES_SPEC, _INTANGIBLE_CLASSES (line 20); asserted by .v1/defs/tests/test_table_taxonomy_contracts.py:371; grep TableFamilySpec|ShapeConstraint|classify_table|RepairPolicy over edgar_sec/ + tests/: no match","ASC 350 goodwill/intangibles. v2 domain/taxonomy/ is a different module: phase_2.md:219-220 maps its only v1 sources as defs/entities/lexicon.py and core/family_vocab.py (neither in this scope); v2_refactor_roadmap.md:443 ""taxonomy/ # **BUILT** jurisdictions, legal_forms, family_vocab (immutable tables)""",W4
.v1/defs/taxonomy/components/schedules/inventory.py,128,code,.v1/defs/tests/test_table_taxonomy_contracts.py,,,NOT_STARTED,,"INVENTORY_SPEC, _INVENTORY_CLASSES (line 20); asserted by .v1/defs/tests/test_table_taxonomy_contracts.py:338; grep TableFamilySpec|ShapeConstraint|classify_table|RepairPolicy over edgar_sec/ + tests/: no match","ASC 330 inventory schedules. v2 domain/taxonomy/ is a different module: phase_2.md:219-220 maps its only v1 sources as defs/entities/lexicon.py and core/family_vocab.py (neither in this scope); v2_refactor_roadmap.md:443 ""taxonomy/ # **BUILT** jurisdictions, legal_forms, family_vocab (immutable tables)""",W4
.v1/defs/taxonomy/components/schedules/labor.py,371,code,.v1/defs/tests/test_table_taxonomy_contracts.py,,,NOT_STARTED,,"LABOR_CONTRACTS_SPEC, IndustryGroup (line 26), OccupationGroup (34); asserted by .v1/defs/tests/test_table_taxonomy_contracts.py:296 and :326; grep TableFamilySpec|ShapeConstraint|classify_table|RepairPolicy over edgar_sec/ + tests/: no match","Largest single schedule module in this scope. v2 domain/taxonomy/ is a different module: phase_2.md:219-220 maps its only v1 sources as defs/entities/lexicon.py and core/family_vocab.py (neither in this scope); v2_refactor_roadmap.md:443 ""taxonomy/ # **BUILT** jurisdictions, legal_forms, family_vocab (immutable tables)""",W4
.v1/defs/taxonomy/components/schedules/lease_maturity.py,71,code,.v1/defs/tests/test_table_taxonomy_contracts.py,,,NOT_STARTED,,"LEASE_MATURITY_SPEC, LEASE_MATURITY_PRIMARY_TERMS (line 14); asserted by .v1/defs/tests/test_table_taxonomy_contracts.py:136; grep TableFamilySpec|ShapeConstraint|classify_table|RepairPolicy over edgar_sec/ + tests/: no match","ASC 842/840 lease commitments. v2 domain/taxonomy/ is a different module: phase_2.md:219-220 maps its only v1 sources as defs/entities/lexicon.py and core/family_vocab.py (neither in this scope); v2_refactor_roadmap.md:443 ""taxonomy/ # **BUILT** jurisdictions, legal_forms, family_vocab (immutable tables)""",W4
.v1/defs/taxonomy/components/schedules/legal.py,187,code,,,,NOT_STARTED,,"LEGAL_LITIGATION_TERMS (line 12), LEGAL_ALL_TERMS, LEGAL_UNIGRAM_VETOES; no v1 test imports defs.taxonomy.components.schedules.legal; grep TableFamilySpec|ShapeConstraint|classify_table|RepairPolicy over edgar_sec/ + tests/: no match","FINDING: no v1 test coverage. Despite the filename this is ASC 450 litigation and contingency vocabulary, NOT legal forms - unrelated to v2 domain/taxonomy/legal_forms.py (LEGAL_FORMS entity suffixes). v2 domain/taxonomy/ is a different module: phase_2.md:219-220 maps its only v1 sources as defs/entities/lexicon.py and core/family_vocab.py (neither in this scope); v2_refactor_roadmap.md:443 ""taxonomy/ # **BUILT** jurisdictions, legal_forms, family_vocab (immutable tables)""",W4
.v1/defs/taxonomy/components/schedules/pension.py,72,code,.v1/defs/tests/test_table_taxonomy_contracts.py,,,NOT_STARTED,,"PENSION_SPEC, PENSION_PRIMARY_TERMS (line 14); asserted by .v1/defs/tests/test_table_taxonomy_contracts.py:198; grep TableFamilySpec|ShapeConstraint|classify_table|RepairPolicy over edgar_sec/ + tests/: no match","ASC 715 pension/OPEB. v2 domain/taxonomy/ is a different module: phase_2.md:219-220 maps its only v1 sources as defs/entities/lexicon.py and core/family_vocab.py (neither in this scope); v2_refactor_roadmap.md:443 ""taxonomy/ # **BUILT** jurisdictions, legal_forms, family_vocab (immutable tables)""",W4
.v1/defs/taxonomy/components/schedules/ppe.py,122,code,.v1/defs/tests/test_table_taxonomy_contracts.py,,,NOT_STARTED,,"PPE_SPEC, _PPE_ASSET_CLASSES (line 20); asserted by .v1/defs/tests/test_table_taxonomy_contracts.py:354; grep TableFamilySpec|ShapeConstraint|classify_table|RepairPolicy over edgar_sec/ + tests/: no match","ASC 360 property plant and equipment. v2 domain/taxonomy/ is a different module: phase_2.md:219-220 maps its only v1 sources as defs/entities/lexicon.py and core/family_vocab.py (neither in this scope); v2_refactor_roadmap.md:443 ""taxonomy/ # **BUILT** jurisdictions, legal_forms, family_vocab (immutable tables)""",W4
.v1/defs/taxonomy/components/schedules/shares_purchased.py,81,code,.v1/defs/tests/test_table_taxonomy_contracts.py;.v1/defs/tests/test_taxonomy_exporter.py,,,NOT_STARTED,,"SHARES_PURCHASED_SPEC, SHARES_PURCHASED_STATUTORY_PHRASES (line 14), CANONICAL_REPURCHASE_HEADERS; asserted by .v1/defs/tests/test_table_taxonomy_contracts.py:68 and imported via FAMILY_SPECS at .v1/defs/tests/test_taxonomy_exporter.py:19; grep TableFamilySpec|ShapeConstraint|classify_table|RepairPolicy over edgar_sec/ + tests/: no match","Reg S-K Item 703 issuer purchases. v2 domain/taxonomy/ is a different module: phase_2.md:219-220 maps its only v1 sources as defs/entities/lexicon.py and core/family_vocab.py (neither in this scope); v2_refactor_roadmap.md:443 ""taxonomy/ # **BUILT** jurisdictions, legal_forms, family_vocab (immutable tables)""",W4
.v1/defs/taxonomy/components/schedules/stock_comp.py,97,code,.v1/defs/tests/test_table_taxonomy_contracts.py;.v1/defs/tests/test_taxonomy_tail_patterns.py,,,NOT_STARTED,,"STOCK_COMP_ROLLFORWARD_SPEC, STOCK_COMP_TAIL_RE, STOCK_COMP_PRIMARY_TERMS; imported at .v1/defs/tests/test_taxonomy_tail_patterns.py:9 and asserted at .v1/defs/tests/test_table_taxonomy_contracts.py:183; grep TableFamilySpec|ShapeConstraint|classify_table|RepairPolicy over edgar_sec/ + tests/: no match","ASC 718 stock compensation rollforward. v2 domain/taxonomy/ is a different module: phase_2.md:219-220 maps its only v1 sources as defs/entities/lexicon.py and core/family_vocab.py (neither in this scope); v2_refactor_roadmap.md:443 ""taxonomy/ # **BUILT** jurisdictions, legal_forms, family_vocab (immutable tables)""",W4
.v1/defs/taxonomy/components/schedules/tax_reconciliation.py,70,code,.v1/defs/tests/test_table_taxonomy_contracts.py,,,NOT_STARTED,,"TAX_RECONCILIATION_SPEC, TAX_RECONCILIATION_PRIMARY_TERMS (line 14); asserted by .v1/defs/tests/test_table_taxonomy_contracts.py:169; grep TableFamilySpec|ShapeConstraint|classify_table|RepairPolicy over edgar_sec/ + tests/: no match","ASC 740 effective tax rate reconciliation. v2 domain/taxonomy/ is a different module: phase_2.md:219-220 maps its only v1 sources as defs/entities/lexicon.py and core/family_vocab.py (neither in this scope); v2_refactor_roadmap.md:443 ""taxonomy/ # **BUILT** jurisdictions, legal_forms, family_vocab (immutable tables)""",W4
.v1/defs/taxonomy/components/signatures.py,67,code,,,,NOT_STARTED,,"SIGNATURE_MARKERS (line 9), OFFICER_TITLES (20); no v1 test imports defs.taxonomy.components.signatures; no v2 equivalent","FINDING: no v1 test coverage, and it is not registered in FAMILY_SPECS. v2 domain/taxonomy/ is a different module: phase_2.md:219-220 maps its only v1 sources as defs/entities/lexicon.py and core/family_vocab.py (neither in this scope); v2_refactor_roadmap.md:443 ""taxonomy/ # **BUILT** jurisdictions, legal_forms, family_vocab (immutable tables)""",W4
.v1/defs/taxonomy/probe/__init__.py,25,code,,,,NOT_STARTED,,Re-exports build_probe_cache_from_sqlite/default_probe_cache_path/probe_cache_root/profile_table_family (lines 5-15); no v1 test imports the probe package directly; no v2 probe module exists,"Probe package root. v2 domain/taxonomy/ is a different module: phase_2.md:219-220 maps its only v1 sources as defs/entities/lexicon.py and core/family_vocab.py (neither in this scope); v2_refactor_roadmap.md:443 ""taxonomy/ # **BUILT** jurisdictions, legal_forms, family_vocab (immutable tables)""",W4
.v1/defs/taxonomy/probe/audit.py,182,code,.v1/defs/tests/test_table_probe.py,,,NOT_STARTED,,"compute_geometry_stats (line 13), compute_collision_matrix, run_benchmark_classifier, compute_family_relations; imported at .v1/defs/tests/test_table_probe.py:5; no v2 equivalent","Cross-family collision auditing over the probe corpus. v2 domain/taxonomy/ is a different module: phase_2.md:219-220 maps its only v1 sources as defs/entities/lexicon.py and core/family_vocab.py (neither in this scope); v2_refactor_roadmap.md:443 ""taxonomy/ # **BUILT** jurisdictions, legal_forms, family_vocab (immutable tables)""",W4
.v1/defs/taxonomy/probe/blobs.py,151,code,.v1/defs/tests/test_taxonomy_exporter.py,,,NOT_STARTED,,"DocumentBlob NamedTuple (line 23), stream_document_blobs over a defs.sql SqlExecutor; patched as ""defs.taxonomy.probe.exporter.stream_document_blobs"" at .v1/defs/tests/test_taxonomy_exporter.py:143; v2 has no defs.sql AST executor to compile against","Document blob streaming built on v1's defs/sql AST, which v2 has not ported (v2_refactor_roadmap.md:436). v2 domain/taxonomy/ is a different module: phase_2.md:219-220 maps its only v1 sources as defs/entities/lexicon.py and core/family_vocab.py (neither in this scope); v2_refactor_roadmap.md:443 ""taxonomy/ # **BUILT** jurisdictions, legal_forms, family_vocab (immutable tables)""",W4
.v1/defs/taxonomy/probe/cache.py,470,code,.v1/defs/tests/test_taxonomy_exporter.py,,,NOT_STARTED,,"build_probe_cache_from_sqlite, default_fixture_db_path (34), probe_cache_root (43), decompress_payload, STOP_WORDS; default_probe_cache_path is patched at .v1/defs/tests/test_taxonomy_exporter.py:145 and :244; no v2 equivalent","Largest probe module: parallel table extraction/healing into Parquet, depending on defs.tables.ascii_html.extract_source_table and defs.text.html.parse_html. v2 has no table/document/SGML layer: v2_refactor_roadmap.md:459 ""normalization.py, tables.py, reflow.py   # **PENDING** Character/geometry engine relocation""; v2_refactor_roadmap.md:436 ""text/ regex/ sql/  # **PENDING** Phase 2.5+""",W4
.v1/defs/taxonomy/probe/census.py,248,code,.v1/defs/tests/test_table_probe.py,,,NOT_STARTED,,"extract_ngrams (line 20), extract_all_ngrams, compute_distinctive_ngrams, census_vocabulary, cluster_unclassified_tables; imported at .v1/defs/tests/test_table_probe.py:6; no v2 equivalent","Cross-firm n-gram vocabulary census. v2 domain/taxonomy/ is a different module: phase_2.md:219-220 maps its only v1 sources as defs/entities/lexicon.py and core/family_vocab.py (neither in this scope); v2_refactor_roadmap.md:443 ""taxonomy/ # **BUILT** jurisdictions, legal_forms, family_vocab (immutable tables)""",W4
.v1/defs/taxonomy/probe/cli.py,533,code,,,,NOT_STARTED,,main(argv) (line 38) exposing --build-cache/--benchmark/--census/--discover/--cluster-unclassified/--synthesize-spec/--detect-unions/--inspect; no v1 test imports it; v2 CLIs exist only for pipelines/metadata_sync and pipelines/filing_catalog,"Second-largest file in this scope. Whole-file unported CLI surface. v2 domain/taxonomy/ is a different module: phase_2.md:219-220 maps its only v1 sources as defs/entities/lexicon.py and core/family_vocab.py (neither in this scope); v2_refactor_roadmap.md:443 ""taxonomy/ # **BUILT** jurisdictions, legal_forms, family_vocab (immutable tables)""",W4
.v1/defs/taxonomy/probe/constants.py,87,code,,,,NOT_STARTED,,"GRAMMAR_STOP_WORDS (line 5), CORPORATE_BOILERPLATE (39), STOP_WORDS; no v1 test imports defs.taxonomy.probe.constants directly; reached via census.py:12 -> cache.py; no v2 equivalent","FINDING: no direct v1 test coverage. v2 domain/taxonomy/ is a different module: phase_2.md:219-220 maps its only v1 sources as defs/entities/lexicon.py and core/family_vocab.py (neither in this scope); v2_refactor_roadmap.md:443 ""taxonomy/ # **BUILT** jurisdictions, legal_forms, family_vocab (immutable tables)""",W4
.v1/defs/taxonomy/probe/css_census.py,237,code,,,,NOT_STARTED,,"census_documents, write_census, _Counts dataclass; selectolax HTMLParser + ProcessPoolExecutor feature census; no v1 test imports it; no v2 equivalent","FINDING: no v1 test coverage. Requires an HTML parser v2 does not have. v2 domain/taxonomy/ is a different module: phase_2.md:219-220 maps its only v1 sources as defs/entities/lexicon.py and core/family_vocab.py (neither in this scope); v2_refactor_roadmap.md:443 ""taxonomy/ # **BUILT** jurisdictions, legal_forms, family_vocab (immutable tables)""",W4
.v1/defs/taxonomy/probe/exporter.py,232,code,.v1/defs/tests/test_taxonomy_exporter.py,,,NOT_STARTED,,"export_family_dataset, _get_family_spec (line 32); imported at .v1/defs/tests/test_taxonomy_exporter.py:12; grep convert_html_table|build_span_matrix|render_source_table over edgar_sec/ + tests/: no match","Family-specific Parquet exporter pairing HTML, healed grids, ASCII renders. v2 has no table/document/SGML layer: v2_refactor_roadmap.md:459 ""normalization.py, tables.py, reflow.py   # **PENDING** Character/geometry engine relocation""; v2_refactor_roadmap.md:436 ""text/ regex/ sql/  # **PENDING** Phase 2.5+""",W4
.v1/defs/taxonomy/probe/inspector.py,51,code,,,,NOT_STARTED,,inspect_table_record (line 11) formats a probe record and previews render_grid_to_ascii; no v1 test imports defs.taxonomy.probe.inspector; consumed by cli.py:28 and profiler.py:23; no v2 equivalent,"FINDING: no v1 test coverage. v2 domain/taxonomy/ is a different module: phase_2.md:219-220 maps its only v1 sources as defs/entities/lexicon.py and core/family_vocab.py (neither in this scope); v2_refactor_roadmap.md:443 ""taxonomy/ # **BUILT** jurisdictions, legal_forms, family_vocab (immutable tables)""",W4
.v1/defs/taxonomy/probe/optimizer.py,204,code,,,,NOT_STARTED,,"evaluate_keyword_density (line 16), synthesize non-colliding TableFamilySpec; no v1 test imports defs.taxonomy.probe.optimizer; no v2 equivalent","FINDING: no v1 test coverage. v2 domain/taxonomy/ is a different module: phase_2.md:219-220 maps its only v1 sources as defs/entities/lexicon.py and core/family_vocab.py (neither in this scope); v2_refactor_roadmap.md:443 ""taxonomy/ # **BUILT** jurisdictions, legal_forms, family_vocab (immutable tables)""",W4
.v1/defs/taxonomy/probe/profiler.py,415,code,.v1/defs/tests/test_taxonomy_profiler.py,,,NOT_STARTED,,"profile_table_family, PercentileStats (line 31), format_profile_report; imported at .v1/defs/tests/test_taxonomy_profiler.py:8 and patch target ""defs.taxonomy.probe.profiler.duckdb.connect"" at :82; no v2 equivalent","Empirical per-family distribution profiler over the 1.23M-table probe corpus. v2 domain/taxonomy/ is a different module: phase_2.md:219-220 maps its only v1 sources as defs/entities/lexicon.py and core/family_vocab.py (neither in this scope); v2_refactor_roadmap.md:443 ""taxonomy/ # **BUILT** jurisdictions, legal_forms, family_vocab (immutable tables)""",W4
.v1/defs/taxonomy/probe/rules.py,119,code,.v1/defs/tests/test_taxonomy_exporter.py,,,NOT_STARTED,,"query_probe_parquet (line 17), count_probe_cache_tables (35), load_external_rules, load_parquet_records; imported by exporter.py:26 and cli.py:29; no v2 equivalent","DuckDB-over-Parquet probe query helpers. v2 domain/taxonomy/ is a different module: phase_2.md:219-220 maps its only v1 sources as defs/entities/lexicon.py and core/family_vocab.py (neither in this scope); v2_refactor_roadmap.md:443 ""taxonomy/ # **BUILT** jurisdictions, legal_forms, family_vocab (immutable tables)""",W4
.v1/defs/taxonomy/tables/__init__.py,3,code,,,,NOT_STARTED,,"Docstring-only marker: ""Table family specifications, geometric shapes, and classifier."" (line 1); no test imports it; grep TableFamilySpec|ShapeConstraint|classify_table|RepairPolicy over edgar_sec/ + tests/: no match",,W4
.v1/defs/taxonomy/tables/classifier.py,197,code,.v1/defs/tests/test_table_taxonomy_contracts.py,,,NOT_STARTED,,classify_table (line 53) scoring header/body/neighbor/section zones over FAMILY_SPECS; imported at .v1/defs/tests/test_table_taxonomy_contracts.py:9; grep TableFamilySpec|ShapeConstraint|classify_table|RepairPolicy over edgar_sec/ + tests/: no match,"Core multi-zone BoW classifier. Depends on defs.text.bow (BowScore/score_tokens), which v2 has not ported. v2 domain/taxonomy/ is a different module: phase_2.md:219-220 maps its only v1 sources as defs/entities/lexicon.py and core/family_vocab.py (neither in this scope); v2_refactor_roadmap.md:443 ""taxonomy/ # **BUILT** jurisdictions, legal_forms, family_vocab (immutable tables)""",W4
.v1/defs/taxonomy/tables/families.py,67,code,.v1/defs/tests/test_table_taxonomy_contracts.py;.v1/defs/tests/test_taxonomy_exporter.py,,,NOT_STARTED,,FAMILY_SPECS dict (line 39) registering 22 TableFamilySpecs; imported as FAMILY_SPECS at .v1/defs/tests/test_taxonomy_exporter.py:19; grep TableFamilySpec|ShapeConstraint|classify_table|RepairPolicy over edgar_sec/ + tests/: no match,"Master registry. v2 has no family registry; the only v2 taxonomy registry of any kind is not one. v2 domain/taxonomy/ is a different module: phase_2.md:219-220 maps its only v1 sources as defs/entities/lexicon.py and core/family_vocab.py (neither in this scope); v2_refactor_roadmap.md:443 ""taxonomy/ # **BUILT** jurisdictions, legal_forms, family_vocab (immutable tables)""",W4
.v1/defs/taxonomy/tables/shapes.py,79,code,.v1/defs/tests/test_text_automaton.py;.v1/defs/tests/test_table_taxonomy_contracts.py,,,NOT_STARTED,,"ShapeConstraint (line 11) with min/max rows, min/max cols, numeric density bounds; validate_shape (30); imported at .v1/defs/tests/test_text_automaton.py:5; grep TableFamilySpec|ShapeConstraint|classify_table|RepairPolicy over edgar_sec/ + tests/: no match","Geometric shape constraints; depends on defs.tables.numeric_cells.is_numeric_cell. v2 domain/taxonomy/ is a different module: phase_2.md:219-220 maps its only v1 sources as defs/entities/lexicon.py and core/family_vocab.py (neither in this scope); v2_refactor_roadmap.md:443 ""taxonomy/ # **BUILT** jurisdictions, legal_forms, family_vocab (immutable tables)""",W4
.v1/defs/taxonomy/tables/specs.py,107,code,.v1/defs/tests/test_text_automaton.py;.v1/defs/tests/test_table_taxonomy_contracts.py,,,NOT_STARTED,,"RepairPolicy (line 13), VocabularyEvidence (24), FamilyMatch (39), FamilyClassification (51), TableFamilySpec (64); imported at .v1/defs/tests/test_text_automaton.py:6; grep TableFamilySpec|ShapeConstraint|classify_table|RepairPolicy over edgar_sec/ + tests/: no match","Base spec/evidence contracts; depends on defs.text.bow CompiledEvidencePack/EvidenceTier, not ported to v2. v2 domain/taxonomy/ is a different module: phase_2.md:219-220 maps its only v1 sources as defs/entities/lexicon.py and core/family_vocab.py (neither in this scope); v2_refactor_roadmap.md:443 ""taxonomy/ # **BUILT** jurisdictions, legal_forms, family_vocab (immutable tables)""",W4
.v1/defs/testing/__init__.py,1,code,.v1/phases/025_webpage_storage/tests/test_document_goldens.py,,,NOT_STARTED,,,"Package marker for the v1 golden harness; 1 line, no behaviour of its own. Its consumer is test_document_goldens.py. The whole package is unexecuted in v2 - see goldens.py row.",B-tests
.v1/defs/testing/goldens.py,94,code,.v1/phases/025_webpage_storage/tests/test_document_goldens.py,,,NOT_STARTED,,,"Golden-comparison harness: sha256_text, compare_golden (update/compare + persisted divergence evidence) and compare_golden_value. roadmap/refactor_v2/v2_refactor_roadmap.md:319-337 commits a repository-level `testing/goldens/` package with corpus.py, review.py, cli.py, fixtures/documents/document_corpus_v1.parquet and tests/test_document_goldens.py, and an automated gate `python check.py --goldens`. VERIFIED ABSENT: no `testing/` directory exists, and check.py exposes only 4 mode flags, none named goldens. This is a named v2 commitment that is wholly unexecuted, and the golden-regression discipline v1 enforced is inherited by nothing.",B-tests
.v1/defs/tests/build_table_corpus.py,83,script,,,,NOT_STARTED,,`def convert_html_tables_to_ascii`: 0 hits in edgar_sec/ + tests/,"Tooling, not a behavioural test: an argparse CLI with no test_* function, imported by no v1 test either, so it protected no v1 invariant on its own. Verdict is about the v2 tooling surface it belongs to. Builds the table golden corpus (defs.storage.write_table_atomic over convert_html_tables_to_ascii) that test_ascii_html.py and the review scripts read. No v2 corpus exists; roadmap sec.1.5 Tier 2 names testing/goldens/fixtures/documents/document_corpus_v1.parquet as the v2 home and that directory does not exist.",B-tests
.v1/defs/tests/build_table_review_artifacts.py,94,script,,,,NOT_STARTED,,`def convert_html_tables_to_ascii`: 0 hits in edgar_sec/ + tests/,"Tooling, not a behavioural test: an argparse CLI with no test_* function, imported by no v1 test either, so it protected no v1 invariant on its own. Verdict is about the v2 tooling surface it belongs to. Emits side-by-side ORIGINAL HTML / CURRENT ASCII RENDER bundles plus review_manifest.jsonl into the (now-absent) paths.test_run_root. v1 defs/README.md:74 documents the inventory/export CLI it feeds; roadmap sec.1.5 Tier 2 replaces it with `python -m testing.goldens review`, unexecuted.",B-tests
.v1/defs/tests/chunk_table_reviews.py,56,script,,,,NOT_STARTED,,,"Tooling, not a behavioural test: an argparse CLI with no test_* function, imported by no v1 test either, so it protected no v1 invariant on its own. Verdict is about the v2 tooling surface it belongs to. A 20-line-per-batch JSONL splitter (default --size 20, writes batch-NNN.jsonl + batches.json) with zero callers. roadmap/refactor_v2/v2_refactor_roadmap.md:353 purges the DOCUMENT twin (`chunk_document_reviews.py` ""Dead code (20-line review splitter with 0 callers)"") and :382 gives the rationale. The table twin is not named, so this is an analogy, not a quote - hence NOT_STARTED rather than DROPPED, and a ROADMAP GAP: no v2 tool is named for it.",B-tests
.v1/defs/tests/conftest.py,10,test,,tests/__init__.py,1,PORTED,tests/conftest.py,"v1 file is 10 lines whose whole body is `sys.path.insert(0, str(ROOT))` so `import defs...` resolves. v2 discharges the same responsibility by packaging: tests/__init__.py makes `tests.support` importable and tests/conftest.py then supplies only cross-package fixtures (sample_source).","PORTED, but note the successor is a different mechanism: there is no v2 sys.path shim because tests/ is an importable package, and the path resolution happens in edgar_sec/foundation/runtime/paths.py (ProjectRootError, pinned by tests/foundation/runtime/test_paths.py). v1 defs/README.md:190-192 warned that these conftest modules collide when collected together and must be run separately; v2 avoids that by mirroring the source tree, per v2 AGENTS.md sec.6. v1_tests left empty: as the directory conftest it applies to all 84 sibling files rather than a specific subset.",B-tests
.v1/defs/tests/debug_table_conversion.py,33,script,,,,NOT_STARTED,,`def convert_html_tables_to_ascii`: 0 hits in edgar_sec/ + tests/,"Tooling, not a behavioural test: an argparse CLI with no test_* function, imported by no v1 test either, so it protected no v1 invariant on its own. Verdict is about the v2 tooling surface it belongs to. Ad-hoc converter debug print. No v2 counterpart and no roadmap entry.",B-tests
.v1/defs/tests/dump_table_corpus.py,172,script,,,,NOT_STARTED,,`def convert_html_tables_to_ascii`: 0 hits in edgar_sec/ + tests/,"Tooling, not a behavioural test: an argparse CLI with no test_* function, imported by no v1 test either, so it protected no v1 invariant on its own. Verdict is about the v2 tooling surface it belongs to. Corpus dumper. roadmap:384 purges the document twin (`dump_documents.py`, ""Ad-hoc blob dumper; superseded by viewer & export CLI""); no v2 exporter exists either.",B-tests
.v1/defs/tests/dump_table_review_set.py,69,script,,,,NOT_STARTED,,`def convert_html_tables_to_ascii`: 0 hits in edgar_sec/ + tests/,"Tooling, not a behavioural test: an argparse CLI with no test_* function, imported by no v1 test either, so it protected no v1 invariant on its own. Verdict is about the v2 tooling surface it belongs to. Review-set dumper. roadmap:383 purges the document twin (`dump_document_review_set.py`, ""Hardcoded /tmp dumper; superseded by testing/goldens/review.py""); testing/goldens/ does not exist.",B-tests
.v1/defs/tests/promote_table_corpus.py,110,script,,,,NOT_STARTED,,`def convert_html_tables_to_ascii`: 0 hits in edgar_sec/ + tests/,"Tooling, not a behavioural test: an argparse CLI with no test_* function, imported by no v1 test either, so it protected no v1 invariant on its own. Verdict is about the v2 tooling surface it belongs to. Corpus promoter. roadmap sec.1.5 Tier 2 promises `python -m testing.goldens promote-corpus`; no testing/ package exists (ls: cannot access 'testing').",B-tests
.v1/defs/tests/query_table_corpus.py,215,script,.v1/defs/tests/test_ascii_html.py,,,NOT_STARTED,,`def convert_html_tables_to_ascii`: 0 hits in edgar_sec/ + tests/,"Tooling, not a behavioural test: an argparse CLI with no test_* function, imported by no v1 test either, so it protected no v1 invariant on its own. Verdict is about the v2 tooling surface it belongs to. Corpus query/diff helper providing `_records` and CORPUS_PATH, which IS used by behavioural tests - test_ascii_html.py imports _records in 15 test functions (lines 701-1030), so its v1_tests column names that file. roadmap:385 purges the document twin (`query_document_corpus.py`, ""superseded by DuckDB and defs/viewer""); v2 has DuckDB but no viewer, so that supersession argument is unmet.",B-tests
.v1/defs/tests/test_anchored_duplicate_markers.py,73,test,.v1/defs/tests/test_anchored_duplicate_markers.py,,,NOT_STARTED,,`def analyze_page_markers`: 0 hits in edgar_sec/ + tests/; `def strip_page_markers`: 0 hits in edgar_sec/ + tests/; `class PageMarkerAction`: 0 hits in edgar_sec/ + tests/,"v2 has no text/table/taxonomy/document/cover/SGML layer (CONTEXT.md sec.5: 93 prod files, none in these areas); roadmap/refactor_v2/v2_refactor_roadmap.md sec.1.4/Blueprint A still lists them as Phase 2.5+ PENDING. Whole v1 behavioural contract is inherited by nothing. Page-marker strip/annotate policy had no v2 home at all.",B-tests
.v1/defs/tests/test_artifact_handoff.py,232,test,.v1/defs/tests/test_artifact_handoff.py,edgar_sec/pipelines/filing_catalog/publication.py,192,PARTIAL,tests/pipelines/filing_catalog/test_publication.py,"v2 tests/pipelines/filing_catalog/test_publication.py covers staging, whole-bundle move, clobber refusal and failed-publication rollback; test_discovery.py covers manifest discovery and the current pointer.","Covered: immutable bundle publication and discovery. MISSING: v1's explicit ""manifest rejects an absolute path"" invariant has no v2 assertion (content-relative manifest paths are the whole point of v1 AGENTS.md ""Storage Rules""), and `PhaseDependency` - the phase hand-off ordering contract, 0 v2 hits (W10: v2 dropped the registry, --list JSON, find_entry and 5 of 7 entries).",B-tests
.v1/defs/tests/test_ascii_html.py,1286,test,.v1/defs/tests/test_ascii_html.py,,,NOT_STARTED,,`def convert_html_tables_to_ascii`: 0 hits in edgar_sec/ + tests/; `def estimate_table_geometry`: 0 hits in edgar_sec/ + tests/; `def build_span_matrix`: 0 hits in edgar_sec/ + tests/; `def compute_column_widths`: 0 hits in edgar_sec/ + tests/; `def wrap_cell_text`: 0 hits in edgar_sec/ + tests/; `def balance_span_widths`: 0 hits in edgar_sec/ + tests/,"v2 has no text/table/taxonomy/document/cover/SGML layer (CONTEXT.md sec.5: 93 prod files, none in these areas); roadmap/refactor_v2/v2_refactor_roadmap.md sec.1.4/Blueprint A still lists them as Phase 2.5+ PENDING. Whole v1 behavioural contract is inherited by nothing. LARGEST v1 test file (1,286 loc): geometry-first HTML->ASCII table renderer with border/column/CSS/width/balance sub-packages, plus corpus regression cases. Roadmap sec.3.1 only says ""adopt selective ideas from edgartools""; no package is named for it.",B-tests
.v1/defs/tests/test_body_start.py,402,test,.v1/defs/tests/test_body_start.py,,,NOT_STARTED,,`def find_body_start`: 0 hits in edgar_sec/ + tests/; `def get_profile`: 0 hits in edgar_sec/ + tests/; `class TocSpan`: 0 hits in edgar_sec/ + tests/,"v2 has no text/table/taxonomy/document/cover/SGML layer (CONTEXT.md sec.5: 93 prod files, none in these areas); roadmap/refactor_v2/v2_refactor_roadmap.md sec.1.4/Blueprint A still lists them as Phase 2.5+ PENDING. Whole v1 behavioural contract is inherited by nothing.",B-tests
.v1/defs/tests/test_bow_scorer.py,732,test,.v1/defs/tests/test_bow_scorer.py,,,NOT_STARTED,,`class CompiledEvidencePack`: 0 hits in edgar_sec/ + tests/; `def derive_lexical_pack`: 0 hits in edgar_sec/ + tests/; `ANNUAL_BODY_LEXICAL_PACK`: 0 hits in edgar_sec/ + tests/,"v2 has no text/table/taxonomy/document/cover/SGML layer (CONTEXT.md sec.5: 93 prod files, none in these areas); roadmap/refactor_v2/v2_refactor_roadmap.md sec.1.4/Blueprint A still lists them as Phase 2.5+ PENDING. Whole v1 behavioural contract is inherited by nothing. The BoW lexical-evidence engine (engine/types/match/automaton) is absent; v2 has no lexical scorer of any kind.",B-tests
.v1/defs/tests/test_checks.py,669,test,.v1/defs/tests/test_checks.py,edgar_sec/foundation/checks.py,29,PARTIAL,tests/foundation/scanners/test_scanners.py,"v1 test_checks.py:15-28 imports 15 scanner entry points (scan_sql_boundary, scan_storage_boundary, scan_json_io, scan_legacy_shims, scan_form_isolation, scan_regex_alternations, scan_date_patterns, scan_path_construction, scan_modified_environment_access, ...); v2 tests/foundation/scanners/test_scanners.py:11-12 imports only clean_exit, environment, layers, paths, secrets.","Covered: 5 of v1's ~13 scanner families, asserted on synthetic trees. MISSING: (a) the runner itself - `checks.run_all` and `ALL_SCANNERS` have 0 references in tests/ (Stage A row .v1/defs/runtime/checks.py is PARTIAL with an empty v2_test); (b) 8 scanner families absent from v2 entirely, so a loosened resource-allocation, file-length or sql-boundary regex would pass CI (W7 finding); (c) v1's git-diff scoping (staged/unstaged/untracked/renamed/deleted/allowlists) is replaced by a full-tree re-walk, so the gate's cost model changed silently. v1's own docstring claims the repo is ""clean"" against every scanner; v2 cannot make that claim.",B-tests
.v1/defs/tests/test_closing.py,99,test,.v1/defs/tests/test_closing.py,,,NOT_STARTED,,`def find_closing_span`: 0 hits in edgar_sec/ + tests/,"v2 has no text/table/taxonomy/document/cover/SGML layer (CONTEXT.md sec.5: 93 prod files, none in these areas); roadmap/refactor_v2/v2_refactor_roadmap.md sec.1.4/Blueprint A still lists them as Phase 2.5+ PENDING. Whole v1 behavioural contract is inherited by nothing.",B-tests
.v1/defs/tests/test_config_io.py,60,test,.v1/defs/tests/test_config_io.py,,,NOT_STARTED,,`def read_json_config`: 0 hits in edgar_sec/ + tests/; `def write_json_config`: 0 hits in edgar_sec/ + tests/,"Versioned JSON config read/write with atomic temp-file cleanup and four distinct load-time error messages. v2 has no persisted project config at all: grep for ProjectConfig/config.json/validate_plan_against_options in edgar_sec/ and tests/ is 0 hits, and v1 AGENTS.md ""Configuration And Plans"" is not carried into v2 AGENTS.md (W8 finding 1). The nearest v2 surface is infra/storage/atomic.py's canonical-JSON write, which is not a versioned config contract.",B-tests
.v1/defs/tests/test_context_contracts.py,378,test,.v1/defs/tests/test_context_contracts.py,,,NOT_STARTED,,`def classify_table`: 0 hits in edgar_sec/ + tests/; `def parse_section_heading`: 0 hits in edgar_sec/ + tests/; `class TocEvidence`: 0 hits in edgar_sec/ + tests/; `class BoundaryMethod`: 0 hits in edgar_sec/ + tests/,"v2 has no text/table/taxonomy/document/cover/SGML layer (CONTEXT.md sec.5: 93 prod files, none in these areas); roadmap/refactor_v2/v2_refactor_roadmap.md sec.1.4/Blueprint A still lists them as Phase 2.5+ PENDING. Whole v1 behavioural contract is inherited by nothing. v1's sec_forms/context table-classification contract layer (690 loc of code per W2) is unported and unowned.",B-tests
.v1/defs/tests/test_cover_boundary.py,983,test,.v1/defs/tests/test_cover_boundary.py,,,NOT_STARTED,,`def compile_cover_rules`: 0 hits in edgar_sec/ + tests/; `def find_cover_boundary`: 0 hits in edgar_sec/ + tests/; `class CoverBoundary`: 0 hits in edgar_sec/ + tests/,"v2 has no text/table/taxonomy/document/cover/SGML layer (CONTEXT.md sec.5: 93 prod files, none in these areas); roadmap/refactor_v2/v2_refactor_roadmap.md sec.1.4/Blueprint A still lists them as Phase 2.5+ PENDING. Whole v1 behavioural contract is inherited by nothing. 983 loc of cover-boundary detection (forward + backward body-root search) with no successor.",B-tests
.v1/defs/tests/test_cover_checkmark_inference.py,631,test,.v1/defs/tests/test_cover_checkmark_inference.py,,,NOT_STARTED,,`def infer_cover_checkmarks`: 0 hits in edgar_sec/ + tests/; `ANNUAL_CHECKBOX_SCHEMA`: 0 hits in edgar_sec/ + tests/,"v2 has no text/table/taxonomy/document/cover/SGML layer (CONTEXT.md sec.5: 93 prod files, none in these areas); roadmap/refactor_v2/v2_refactor_roadmap.md sec.1.4/Blueprint A still lists them as Phase 2.5+ PENDING. Whole v1 behavioural contract is inherited by nothing.",B-tests
.v1/defs/tests/test_cover_profiles.py,141,test,.v1/defs/tests/test_cover_profiles.py,,,NOT_STARTED,,`FORM_FAMILY_ALIASES`: 0 hits in edgar_sec/ + tests/; `def resolve_alias`: 1 hits in edgar_sec/ + tests/; `def normalize_form`: 1 hits in edgar_sec/ + tests/; `ANNUAL_ADDITIONAL_PHRASE_RULES`: 0 hits in edgar_sec/ + tests/; `COMMON_PHRASE_RULES`: 0 hits in edgar_sec/ + tests/,"v1:141-144 asserts `resolve_alias(""10-QSB"")==""10-Q""` and `resolve_alias(""8-K12B"")==""8-K""`. v2 has a DIFFERENT resolve_alias (JSON key aliasing in engine/submissions/helpers.py:42) - name collision, not parity; the 30-entry FORM_FAMILY_ALIASES table is absent everywhere (W2 finding 1, roadmap sec.1.4 Correction concurs). NOTE: `normalize_form` is load-bearing for v1's return-None-if-unknown contract.",B-tests
.v1/defs/tests/test_cover_tables.py,154,test,.v1/defs/tests/test_cover_tables.py,,,NOT_STARTED,,`def clean_cover_tables`: 0 hits in edgar_sec/ + tests/; `class TableGeometry`: 0 hits in edgar_sec/ + tests/; `def convert_html_table`: 0 hits in edgar_sec/ + tests/,"v2 has no text/table/taxonomy/document/cover/SGML layer (CONTEXT.md sec.5: 93 prod files, none in these areas); roadmap/refactor_v2/v2_refactor_roadmap.md sec.1.4/Blueprint A still lists them as Phase 2.5+ PENDING. Whole v1 behavioural contract is inherited by nothing.",B-tests
.v1/defs/tests/test_cover_toc.py,155,test,.v1/defs/tests/test_cover_toc.py,,,NOT_STARTED,,`def find_toc_span`: 0 hits in edgar_sec/ + tests/,"v2 has no text/table/taxonomy/document/cover/SGML layer (CONTEXT.md sec.5: 93 prod files, none in these areas); roadmap/refactor_v2/v2_refactor_roadmap.md sec.1.4/Blueprint A still lists them as Phase 2.5+ PENDING. Whole v1 behavioural contract is inherited by nothing.",B-tests
.v1/defs/tests/test_dates.py,204,test,.v1/defs/tests/test_dates.py,,,NOT_STARTED,,`def parse_filing_date`: 0 hits in edgar_sec/ + tests/; `def normalize_date`: 0 hits in edgar_sec/ + tests/; `def extract_year`: 0 hits in edgar_sec/ + tests/,"v2 has no text/table/taxonomy/document/cover/SGML layer (CONTEXT.md sec.5: 93 prod files, none in these areas); roadmap/refactor_v2/v2_refactor_roadmap.md sec.1.4/Blueprint A still lists them as Phase 2.5+ PENDING. Whole v1 behavioural contract is inherited by nothing. v1 SEC date parser (conformed/parsed/filing-date forms) has no v2 equivalent; v2 date handling is only `parse_date` inside duckdb_catalog SQL (no test).",B-tests
.v1/defs/tests/test_entities.py,22,test,.v1/defs/tests/test_entities.py,edgar_sec/domain/taxonomy/jurisdictions.py,162,PORTED,tests/domain/taxonomy/test_taxonomy.py,"Same five symbols: v1 STATE_NAMES/STATE_POSTAL_CODES/clean_entity_name/strip_jurisdiction are v2 edgar_sec/domain/taxonomy/jurisdictions.py:16,151,146 (STATE_NAMES derives from STATE_POSTAL_CODES), and entity_name_tokens is v2 legal_forms.py:89; v2 tests/domain/taxonomy/test_taxonomy.py pins each (test_postal_code_membership_is_complete, test_strip_jurisdiction, test_clean_entity_name_collapses_whitespace, test_entity_name_tokens).","Direct port. v2 additionally pins immutability and the jurisdiction-regex anchoring, which v1 did not. Stage A mapped defs/entities/lexicon.py -> jurisdictions.py on the same evidence.",B-tests
.v1/defs/tests/test_env.py,71,test,.v1/defs/tests/test_env.py,edgar_sec/foundation/runtime/env.py,108,PARTIAL,tests/foundation/runtime/test_env.py,"v2 tests/foundation/runtime/test_env.py:31 test_load_dotenv_parses_values_and_quotes, :38 test_typed_env_accessors, :47 test_missing_and_empty_values_use_defaults cover get_env/get_env_int/get_env_float/get_env_bool and load_dotenv.","Covered: dotenv value+quote parsing, typed accessors, empty-means-unset. MISSING: `render_dotenv_value` has 0 v2 hits (v1 pinned quote-only-when-needed, embedded-quote and '#comment' escaping); the DOTENV_PATH relocation override that v2 env.py:55 still reads is asserted by no v2 test; and direct-process-environment-beats-dotenv precedence is never asserted in v2 (v1 monkeypatched it 3x). v1's missing-file-returns-{} case is also unasserted. Precedence is one of the four tiers in v2 AGENTS.md sec.3, so the untested tier is a live risk.",B-tests
.v1/defs/tests/test_false_tables.py,612,test,.v1/defs/tests/test_false_tables.py,,,NOT_STARTED,,`def is_false_table`: 0 hits in edgar_sec/ + tests/; `def normalize_html_document`: 0 hits in edgar_sec/ + tests/,"v2 has no text/table/taxonomy/document/cover/SGML layer (CONTEXT.md sec.5: 93 prod files, none in these areas); roadmap/refactor_v2/v2_refactor_roadmap.md sec.1.4/Blueprint A still lists them as Phase 2.5+ PENDING. Whole v1 behavioural contract is inherited by nothing.",B-tests
.v1/defs/tests/test_fast_html_page_markers.py,191,test,.v1/defs/tests/test_fast_html_page_markers.py,,,NOT_STARTED,,`def classify_candidate`: 0 hits in edgar_sec/ + tests/; `class PageArtifactPolicy`: 0 hits in edgar_sec/ + tests/; `class PageMarkerKind`: 0 hits in edgar_sec/ + tests/,"v2 has no text/table/taxonomy/document/cover/SGML layer (CONTEXT.md sec.5: 93 prod files, none in these areas); roadmap/refactor_v2/v2_refactor_roadmap.md sec.1.4/Blueprint A still lists them as Phase 2.5+ PENDING. Whole v1 behavioural contract is inherited by nothing.",B-tests
.v1/defs/tests/test_filing_identity.py,229,test,.v1/defs/tests/test_filing_identity.py,edgar_sec/domain/identity.py,61,PARTIAL,tests/domain/test_identity.py,v2 tests/domain/test_identity.py:33 test_accession_number_validation asserts .normalized and the format rejection; v2 archives_url construction is pinned by tests/domain/test_sec_urls.py and document_locator_key by tests/pipelines/filing_catalog/test_phase25_contract.py.,"Covered: Cik/AccessionNumber value objects and forward archive-URL construction. MISSING and significant: (a) `parse_archive_url` - the REVERSE direction, incl. both /Archives/ and /cgi-bin/ alias prefixes, nested document paths, and rejection of non-document URLs - has no v2 counterpart, so v1's build/parse round-trip invariant is unenforced; (b) `occurrence_id` has no v2 value object (v2 computes identity in SQL); (c) `filing_year`/`fiscal_year` date-derived-year helpers are absent; (d) `is_amendment_form` as a canonical predicate is gone (v2 has suffix SQL + normalize_suffixes instead). DOCUMENTED DIVERGENCE: v1 defs/filing_identity.py hashed canonical JSON under a ""filing-identity-v1"" domain prefix; v2's duckdb_catalog.py:155 uses plain sha256(accession||':'||document_path) - a resolution of a v1 internal inconsistency, not a regression (W10 finding 2).",B-tests
.v1/defs/tests/test_finalized_dataset.py,282,test,.v1/defs/tests/test_finalized_dataset.py,edgar_sec/pipelines/metadata_sync/merger.py,248,PARTIAL,tests/pipelines/metadata_sync/test_merger.py,v2 tests/pipelines/metadata_sync/test_merger.py::test_publish_snapshot_writes_manifest_and_pointer and tests/pipelines/filing_catalog/test_discovery.py::test_current_pointer_is_read_when_durable pin the immutable-snapshot-plus-pointer contract that v1 defs/runtime/artifacts.py owned.,"Covered: publish a manifest + advance a durable pointer. MISSING: `FinalizedDataset` is 0 v2 hits, so v1's multi-part snapshot read, `register()`, snapshot-id allocation (list_snapshots/next_snapshot_id) and the StorageError taxonomy are gone. INHERITED GAP of note: v1's snapshot REPLACEMENT ANTI-JOIN (a new snapshot removes previously-published content) is asserted by no v2 test; v2's merger only unions chunks and publishes.",B-tests
.v1/defs/tests/test_grammar.py,75,test,.v1/defs/tests/test_grammar.py,,,NOT_STARTED,,`GRAMMAR_STOP_WORDS`: 0 hits in edgar_sec/ + tests/; `def is_grammar_word`: 0 hits in edgar_sec/ + tests/,"v2 has no text/table/taxonomy/document/cover/SGML layer (CONTEXT.md sec.5: 93 prod files, none in these areas); roadmap/refactor_v2/v2_refactor_roadmap.md sec.1.4/Blueprint A still lists them as Phase 2.5+ PENDING. Whole v1 behavioural contract is inherited by nothing.",B-tests
.v1/defs/tests/test_html_cleaner.py,268,test,.v1/defs/tests/test_html_cleaner.py,,,NOT_STARTED,,`def normalize_font_qualified_glyphs`: 0 hits in edgar_sec/ + tests/; `CANONICAL_CHECKED`: 0 hits in edgar_sec/ + tests/; `CANONICAL_UNCHECKED`: 0 hits in edgar_sec/ + tests/; `def is_list_or_bullet_marker`: 0 hits in edgar_sec/ + tests/,"v2 has no text/table/taxonomy/document/cover/SGML layer (CONTEXT.md sec.5: 93 prod files, none in these areas); roadmap/refactor_v2/v2_refactor_roadmap.md sec.1.4/Blueprint A still lists them as Phase 2.5+ PENDING. Whole v1 behavioural contract is inherited by nothing.",B-tests
.v1/defs/tests/test_html_pipeline.py,228,test,.v1/defs/tests/test_html_pipeline.py,,,NOT_STARTED,,`def normalize_html_document`: 0 hits in edgar_sec/ + tests/; `class NormalizedHtmlText`: 0 hits in edgar_sec/ + tests/; `class HorizontalAlign`: 0 hits in edgar_sec/ + tests/,"v2 has no text/table/taxonomy/document/cover/SGML layer (CONTEXT.md sec.5: 93 prod files, none in these areas); roadmap/refactor_v2/v2_refactor_roadmap.md sec.1.4/Blueprint A still lists them as Phase 2.5+ PENDING. Whole v1 behavioural contract is inherited by nothing.",B-tests
.v1/defs/tests/test_http_transport.py,110,test,.v1/defs/tests/test_http_transport.py,,,NOT_STARTED,,`class BoundedTransport`: 0 hits in edgar_sec/ + tests/; `class ConcurrencyPolicy`: 0 hits in edgar_sec/ + tests/; `Semaphore`: 0 hits in edgar_sec/ + tests/; `max_concurrency`: 0 hits in edgar_sec/ + tests/,"INHERITED GAP with direct 2.5 impact. v1 defs/README.md:146-149 documented BoundedTransport defaulting to 16 simultaneous calls, adapted by sec_http to an 8-request in-flight cap independent of the 4 RPS start policy; v1 AGENTS.md repeated it. v2 infra/sec_http/ has three threading.Lock() and zero Semaphore/max_concurrent: the in-flight cap does not exist. Phase 2.5 chunk workers are exactly the concurrent fan-out that needs it, and nothing in v2 tests or code would catch its absence.",B-tests
.v1/defs/tests/test_hybrid_tables.py,191,test,.v1/defs/tests/test_hybrid_tables.py,,,NOT_STARTED,,`def normalize_html_document`: 0 hits in edgar_sec/ + tests/,"v2 has no text/table/taxonomy/document/cover/SGML layer (CONTEXT.md sec.5: 93 prod files, none in these areas); roadmap/refactor_v2/v2_refactor_roadmap.md sec.1.4/Blueprint A still lists them as Phase 2.5+ PENDING. Whole v1 behavioural contract is inherited by nothing.",B-tests
.v1/defs/tests/test_import_cycles.py,57,test,.v1/defs/tests/test_import_cycles.py,edgar_sec/foundation/scanners/layers.py,106,PARTIAL,tests/foundation/scanners/test_scanners.py,"edgar_sec/foundation/scanners/layers.py:86 `if callee_rank > caller_rank:` is the only violation condition; v2 tests/foundation/scanners/test_scanners.py:100-118 exercise only two synthetic cross-layer cases (domain->infra flagged, pipelines->engine allowed).","PARTIAL because the CROSS-LAYER half of the invariant is enforced and tested, but the INTRA-PACKAGE half is not: layers.py:86 skips same-layer imports entirely (callee_rank == caller_rank produces no finding), so a cycle inside edgar_sec/domain/ or edgar_sec/infra/storage/ is invisible to the gate. v1's 8 fresh-interpreter subprocess checks asserted exactly that import-order freedom for the real tree, and no v2 test runs an import at all. v2 AGENTS.md sec.1 asserts an ""acyclic downward-only layered architecture"" that the scanner only partially proves.",B-tests
.v1/defs/tests/test_logical_units.py,110,test,.v1/defs/tests/test_logical_units.py,,,NOT_STARTED,,`def classify_units`: 0 hits in edgar_sec/ + tests/,"v2 has no text/table/taxonomy/document/cover/SGML layer (CONTEXT.md sec.5: 93 prod files, none in these areas); roadmap/refactor_v2/v2_refactor_roadmap.md sec.1.4/Blueprint A still lists them as Phase 2.5+ PENDING. Whole v1 behavioural contract is inherited by nothing. v1 defs/text/structure logical-unit classification (line/paragraph roles) is absent.",B-tests
.v1/defs/tests/test_page_markers.py,259,test,.v1/defs/tests/test_page_markers.py,,,NOT_STARTED,,`def analyze_page_markers`: 0 hits in edgar_sec/ + tests/; `class PageMarkerKind`: 0 hits in edgar_sec/ + tests/,"v2 has no text/table/taxonomy/document/cover/SGML layer (CONTEXT.md sec.5: 93 prod files, none in these areas); roadmap/refactor_v2/v2_refactor_roadmap.md sec.1.4/Blueprint A still lists them as Phase 2.5+ PENDING. Whole v1 behavioural contract is inherited by nothing.",B-tests
.v1/defs/tests/test_paths.py,256,test,.v1/defs/tests/test_paths.py,edgar_sec/foundation/runtime/paths.py,141,PARTIAL,tests/foundation/runtime/test_paths.py,v2 tests/foundation/runtime/test_paths.py:11-20 pins artifacts_root derivation and idempotent ensure_directories; :30-70 adds v2-only ProjectRootError guards that v1 never had.,"Covered: artifacts/cache/uploads roots derived from a repo root without creation. MISSING - and this is the single largest path-contract gap in the audit: `RunPaths`, `FixturePaths`, `BrokerPaths`, `classify_artifact_path`/`ArtifactRole`, `merge_report_path_in`, `worker_chunk_db`, `published_dataset_path`, `dataset_manifests` and `test_run_root` are ALL 0 v2 hits (W7 and W9 reached this independently from opposite ends). v2's ProjectPaths exposes four roots and nothing else, so a 2.5 fixture cache, review-run root or acceptance root has no resolver.",B-tests
.v1/defs/tests/test_progress.py,68,test,.v1/defs/tests/test_progress.py,,,NOT_STARTED,,"make_tqdm_callback/make_merge_progress_callback: 2 hits in edgar_sec/ (progress.py:29,:81), 0 hits in tests/ (verified `grep -rn make_tqdm_callback tests/` -> no match).","INHERITED GAP. v1 pinned that the tqdm postfix renders ok/fail/hist/req/retry counts, that unavailable HTTP metrics are omitted rather than zero-filled, and that the merge callback advances on partition_validated / merge_stage / readback_done and tolerates unknown events. v2 progress.py survives verbatim but nothing tests it (W7 flagged the same module as untested), so a renamed event type would silently stop reporting.",B-tests
.v1/defs/tests/test_reflow.py,1013,test,.v1/defs/tests/test_reflow.py,,,NOT_STARTED,,`def reflow_ascii`: 0 hits in edgar_sec/ + tests/; `def resolve_table_regions`: 0 hits in edgar_sec/ + tests/; `def is_structural_table_bridge`: 0 hits in edgar_sec/ + tests/; `class SpanDecision`: 0 hits in edgar_sec/ + tests/; `def is_cover_layout_line`: 0 hits in edgar_sec/ + tests/,"v2 has no text/table/taxonomy/document/cover/SGML layer (CONTEXT.md sec.5: 93 prod files, none in these areas); roadmap/refactor_v2/v2_refactor_roadmap.md sec.1.4/Blueprint A still lists them as Phase 2.5+ PENDING. Whole v1 behavioural contract is inherited by nothing. 1,013 loc: UNWRAP/PRESERVE/TAG_AND_PRESERVE span decisions with table-protection guarantees. CONTEXT.md sec.5 names reflow.py PENDING; no v2 package owns it.",B-tests
.v1/defs/tests/test_regex_builder.py,314,test,.v1/defs/tests/test_regex_builder.py,,,NOT_STARTED,,`def build_alternation`: 0 hits in edgar_sec/ + tests/; `def build_prefix_tree`: 0 hits in edgar_sec/ + tests/; `class Lookaround`: 0 hits in edgar_sec/ + tests/,"v2 has no text/table/taxonomy/document/cover/SGML layer (CONTEXT.md sec.5: 93 prod files, none in these areas); roadmap/refactor_v2/v2_refactor_roadmap.md sec.1.4/Blueprint A still lists them as Phase 2.5+ PENDING. Whole v1 behavioural contract is inherited by nothing. v1 defs/regex hierarchical builders + trie compaction + lookarounds: 0 v2 hits. The regex-alternations policy scanner that policed their use is also absent from v2 (W7).",B-tests
.v1/defs/tests/test_runtime_interactive.py,161,test,.v1/defs/tests/test_runtime_interactive.py,,,NOT_STARTED,,"prompt_choice / run_interactive_menu / operator_entrypoint: 3 hits in edgar_sec/interactive.py, 0 hits in tests/.","edgar_sec/foundation/runtime/interactive.py exists and is byte-comparable to v1's, but ZERO v2 tests import it (W7 finding, independently reached). v1 pinned prompt_text defaults, prompt_choice cycling, the menu's unknown/invalid-input handling and the operator_entrypoint return contract. v2's operator surfaces are only reached through tests/pipelines/filing_catalog/test_cli.py, which drives cli.cmd_* directly, never the shared menu helper.",B-tests
.v1/defs/tests/test_runtime_memory.py,31,test,.v1/defs/tests/test_runtime_memory.py,edgar_sec/foundation/runtime/memory.py,67,PORTED,tests/foundation/runtime/test_memory.py,"Identical symbol set and identical intent: v2 tests/foundation/runtime/test_memory.py:22 test_reclaim_does_not_crash, :24 test_sha256_text_matches_hashlib, :27 test_sha256_text_streams_across_chunk_boundary vs v1's test_reclaim_is_safe_and_repeatable / test_sha256_text_matches_whole_string_encode / test_sha256_text_chunk_boundaries_preserve_multibyte_characters.",Clean 1:1 port including the >1 MiB chunk-boundary case that v2 AGENTS.md sec.2.5 makes a non-regression guarantee.,B-tests
.v1/defs/tests/test_runtime_registry.py,99,test,.v1/defs/tests/test_runtime_registry.py,run.py,91,PARTIAL,tests/pipelines/filing_catalog/test_cli.py,"v2 tests/pipelines/filing_catalog/test_cli.py:186-190 (test_cli_main_is_reachable_through_the_launcher_registry) reads run.ENTRIES and dispatches entry id ""filing-catalog"".","Covered: the launcher can reach a pipeline entry by id. MISSING: `LauncherEntry`, `find_entry`, `get_phase_dependencies`/`PhaseDependency` and the JSON `--list` surface are 0 v2 hits; v2's run.py has 1 entry, not v1's 7, and no test asserts entry count, uniqueness, or phase dependency ordering (W10). v1 pinned that every registered module actually imports.",B-tests
.v1/defs/tests/test_runtime_resources.py,303,test,.v1/defs/tests/test_runtime_resources.py,edgar_sec/foundation/runtime/resources.py,279,PARTIAL,tests/foundation/runtime/test_resources.py,"v2 tests/foundation/runtime/test_resources.py:12 test_memory_probes_are_positive, :24 test_auto_worker_count_is_bounded_by_cores_and_memory, :38 test_usable_memory_bytes_rejects_bad_arguments, :44 test_derive_resources_produces_usable_profile, :53 test_derive_resources_honors_thread_override.","Covered: happy-path probes, worker bounding, argument validation, profile shape. MISSING, and it is the most load-bearing gap in this file: v1's 11 tests pinned the CGROUP FALLBACK LADDER (read_cgroup_v2 -> v1 -> /proc/meminfo -> sysconf, plus ""max"" means unlimited and malformed means None) by monkeypatching each probe. v2 resources.py:55,:72,:86,:100 still implements all four probes, but no v2 test calls any of them, so v2 AGENTS.md sec.2.1's central claim - ""cgroup-aware budgeting, never raw CPU count"" - is unverified and a reordering of the ladder would pass CI silently. Also unasserted: RUNTIME_MEMORY_FRACTION scaling, default_threads clamping, and the per-setting validation messages that name the offending logical path.",B-tests
.v1/defs/tests/test_sec_documents_preprocessor.py,94,test,.v1/defs/tests/test_sec_documents_preprocessor.py,,,NOT_STARTED,,`class DocumentPreprocessor`: 0 hits in edgar_sec/ + tests/; `def preprocess_document`: 0 hits in edgar_sec/ + tests/; `class DocumentRepresentation`: 0 hits in edgar_sec/ + tests/,"v2 has no text/table/taxonomy/document/cover/SGML layer (CONTEXT.md sec.5: 93 prod files, none in these areas); roadmap/refactor_v2/v2_refactor_roadmap.md sec.1.4/Blueprint A still lists them as Phase 2.5+ PENDING. Whole v1 behavioural contract is inherited by nothing. encoding detection, SGML/PEM envelope stripping, iXBRL cleaning, representation typing: no v2 home.",B-tests
.v1/defs/tests/test_sec_forms.py,183,test,.v1/defs/tests/test_sec_forms.py,,,NOT_STARTED,,`class ConceptPattern`: 0 hits in edgar_sec/ + tests/; `COVER_LABELS`: 0 hits in edgar_sec/ + tests/; `FILER_CATEGORY_PATTERNS`: 0 hits in edgar_sec/ + tests/; `CHECKBOX_GRID_RE`: 0 hits in edgar_sec/ + tests/,"v2 has no text/table/taxonomy/document/cover/SGML layer (CONTEXT.md sec.5: 93 prod files, none in these areas); roadmap/refactor_v2/v2_refactor_roadmap.md sec.1.4/Blueprint A still lists them as Phase 2.5+ PENDING. Whole v1 behavioural contract is inherited by nothing.",B-tests
.v1/defs/tests/test_sec_forms_normalization.py,208,test,.v1/defs/tests/test_sec_forms_normalization.py,,,NOT_STARTED,,`class AnnualEvaluator`: 0 hits in edgar_sec/ + tests/; `class QuarterlyEvaluator`: 0 hits in edgar_sec/ + tests/; `class CurrentReportEvaluator`: 0 hits in edgar_sec/ + tests/; `def get_evaluator`: 0 hits in edgar_sec/ + tests/; `class AnnualPipeline`: 0 hits in edgar_sec/ + tests/; `class QuarterlyPipeline`: 0 hits in edgar_sec/ + tests/; `class CurrentReportPipeline`: 0 hits in edgar_sec/ + tests/; `class DocumentNormalizer`: 0 hits in edgar_sec/ + tests/,"v2 has no text/table/taxonomy/document/cover/SGML layer (CONTEXT.md sec.5: 93 prod files, none in these areas); roadmap/refactor_v2/v2_refactor_roadmap.md sec.1.4/Blueprint A still lists them as Phase 2.5+ PENDING. Whole v1 behavioural contract is inherited by nothing. Form-family evidence packs and the four form-driven normalization pipelines (annual/quarterly/current_report/fallback) have NO v2 successor. NOTE: v2's tests/engine/submissions/test_normalizer.py normalizes SEC submissions JSON, a different subject - not credited (CONTEXT sec.2 rule 3).",B-tests
.v1/defs/tests/test_sec_http_broker.py,396,test,.v1/defs/tests/test_sec_http_broker.py,,,NOT_STARTED,,`class SecBroker`: 0 hits in edgar_sec/ + tests/; `class SecBrokerClient`: 0 hits in edgar_sec/ + tests/; `def ensure_broker`: 0 hits in edgar_sec/ + tests/; `def broker_cache_dir`: 0 hits in edgar_sec/ + tests/,"396 loc: Unix-socket length-prefixed JSON frames, one process owning one shared SecHttpClient so process-pool workers never construct their own, warm cache served before acquiring a connection slot, picklable client, reconnect-after-restart, and broker start/stop/status. v2 has no broker. Note v2's answer to the same problem is architectural rather than functional: tests/test_network_isolation.py pins that only the network phase may reach the HTTP client at all, and each metadata_sync worker builds its own - which is correct for Phase 1 but will not scale to 2.5's fan-out.",B-tests
.v1/defs/tests/test_sec_http_cache_migration.py,82,test,.v1/defs/tests/test_sec_http_cache_migration.py,,,DROPPED,,"roadmap/refactor_v2/v2_refactor_roadmap.md:352 lists `scripts/migrate_http_cache_json_ttl.py  # Obsolete one-off HTTP cache migration` under ""[PURGED / DEPRECATED] ... [TIER 4] Dead Code Elimination"", and :381 ""migrate_http_cache_json_ttl.py and migrate_submission_metadata_snapshot.py were temporary one-off scripts ... They have no place in production v2 and will be safely deleted."" v1 test line 6 imports `from scripts.migrate_http_cache_json_ttl import migrate`.","Both tests (adds json_expiry preserving static-forever entries; rejects a malformed JSON timestamp) exist only to verify a one-shot migration of the v1 SQLite cache, which v2 does not have. Removal is documented, so DROPPED rather than NOT_STARTED. The subject script is Stage A row territory (W10), which agrees.",B-tests
.v1/defs/tests/test_sec_http_cache_reader.py,124,test,.v1/defs/tests/test_sec_http_cache_reader.py,edgar_sec/infra/sec_http/cache.py,252,PARTIAL,tests/infra/sec_http/test_cache.py,"v2 tests/infra/sec_http/test_cache.py:14 test_cache_miss_then_put_get and :29 test_failure_ledger_records_and_clears exercise SqlCache.get/put/load_failure_entry/record_failure/clear_failure (edgar_sec/infra/sec_http/cache.py:117,:133,:173,:193,:230).","Covered: the writer/ledger surface that survived. MISSING: `SqlCacheReader` and `make_cache_reader` are 0 v2 hits, so v1's read-only (mode=ro) view is gone - including its FAIL-OPEN contract on a missing, empty, corrupt or schema-drifted database, its visibility of commits made after reader creation, its thread safety, and its safe close with no open connection. v1 defs/README.md:51-52 documents the reader as deliberate infrastructure; 2.5's warm-cache broker probe depends on that fail-open property (W9 finding 3).",B-tests
.v1/defs/tests/test_sec_http_client.py,361,test,.v1/defs/tests/test_sec_http_client.py,edgar_sec/infra/sec_http/client.py,382,PARTIAL,tests/infra/sec_http/test_client.py,"v2 tests/infra/sec_http/test_client.py:16 test_default_headers_carry_user_agent, :41 test_cache_probe_and_hit_metric, :70 test_get_json_ex_returns_provenance, :79 test_get_json_ex_rejects_non_object_root; plus tests/infra/sec_http/test_rate_limit.py and test_retry.py.","Covered: headers, cache probe/hit accounting, JSON fetch with provenance, and the retry/rate-limit policies as units. MISSING, in v1's own words (""Verifies the SEC layer keeps its own concurrency cap (8) ... cache hits never acquire a transport slot""): DEFAULT_SEC_MAX_CONCURRENCY, SecTransportProfile, resolve_sec_transport_profile and make_sec_http_client are all 0 v2 hits, as is any in-flight cap (see test_http_transport.py). The entire cache-TTL contract - expired JSON re-fetches, expired JSON never falls back to a stale payload, force_refresh bypasses a fresh entry, static archive entries never expire - is unasserted in v2 despite cache.py:47 implementing _expires_at. v1's get_bytes + failure-ledger preflight skip is also unasserted.",B-tests
.v1/defs/tests/test_sec_http_headers.py,24,test,.v1/defs/tests/test_sec_http_headers.py,edgar_sec/infra/sec_http/client.py,382,PARTIAL,tests/infra/sec_http/test_client.py,"v2 edgar_sec/infra/sec_http/client.py:36-39 still raises ValueError when user_agent has no ""@"", and v2 tests/infra/sec_http/test_client.py:16-19 asserts the User-Agent and Accept-Encoding values.","PARTIAL: the CODE survives, the TEST does not. v1's test pinned three things v2 no longer asserts: (a) the no-Host rule, documented in v1 defs/README.md:132-134 (""default_headers intentionally sets no Host header ... archive requests 404ed under Host: data.sec.gov"") and re-asserted in v1 AGENTS.md - v2 retains the behaviour but pins nothing, so re-adding a Host header would pass CI; (b) ValueError on """" / ""   "" / ""no-contact-info""; (c) the Parametrized shape of the guard. Lowest-effort high-value test to restore.",B-tests
.v1/defs/tests/test_settings.py,322,test,.v1/defs/tests/test_settings.py,edgar_sec/foundation/runtime/settings/__init__.py,315,PARTIAL,tests/foundation/runtime/test_settings.py,"v2 tests/foundation/runtime/test_settings.py:14 test_environment_name_maps_dotted_paths, :30 test_cli_override_wins_over_environment, :37 test_flatten_settings_strips_secrets, :43 test_render_dotenv_documents_every_setting, :49/:53 include-filter tests.","Covered: logical-path -> env-name derivation, the CLI-over-environment tier, secret stripping, and a shallow render_dotenv smoke check. MISSING: (a) the PERSISTED-CONFIG precedence tier has no v2 implementation at all (W8 finding 1), so one of the four tiers in v2 AGENTS.md sec.3 is both unimplemented and untested; (b) generate_dotenv's atomic write, refuse-overwrite-without---force, and ASCII-safety (0 v2 hits for generate_dotenv); (c) spec-tree validation - duplicate logical paths rejected, malformed spec tree rejected, invalid setting names rejected; (d) typed-parse table and the error message that names the offending setting path; (e) settings/foundation/runtime/settings/validators.py (validate_positive_int, validate_fraction) has NO v2 test.",B-tests
.v1/defs/tests/test_sgml.py,434,test,.v1/defs/tests/test_sgml.py,,,NOT_STARTED,,`def unpack_documents`: 0 hits in edgar_sec/ + tests/; `def extract_target_exhibit`: 0 hits in edgar_sec/ + tests/,"v2 has no text/table/taxonomy/document/cover/SGML layer (CONTEXT.md sec.5: 93 prod files, none in these areas); roadmap/refactor_v2/v2_refactor_roadmap.md sec.1.4/Blueprint A still lists them as Phase 2.5+ PENDING. Whole v1 behavioural contract is inherited by nothing. 434 loc SGML multi-document envelope unpacking. Roadmap sec.0/Blueprint A names `infra/sgml/` and `domain/documents/` as Phase 2.5 targets; neither exists.",B-tests
.v1/defs/tests/test_sql_ast_stress.py,813,test,.v1/defs/tests/test_sql_ast_stress.py,,,NOT_STARTED,,`def compile_query`: 0 hits in edgar_sec/ + tests/; `class RangeOp`: 0 hits in edgar_sec/ + tests/; `class Direction`: 0 hits in edgar_sec/ + tests/; `class NullsOrder`: 0 hits in edgar_sec/ + tests/; `class Compare`: 0 hits in edgar_sec/ + tests/,v2 has no SQL AST/compiler/executor layer; infra/storage/duckdb_catalog.py builds SQL by string concatenation with identifier whitelisting. The v1 abstraction that made raw SQL safe to write is unported (W5 verdicts every defs/sql/* row NOT_STARTED except dialects.py). 813 loc of property-style AST stress (the largest v1 test in defs/storage-sql territory).,B-tests
.v1/defs/tests/test_sql_contract.py,354,test,.v1/defs/tests/test_sql_contract.py,,,NOT_STARTED,,`class ScopeError`: 0 hits in edgar_sec/ + tests/; `class ValidationError`: 0 hits in edgar_sec/ + tests/; `class UnsafeExpression`: 0 hits in edgar_sec/ + tests/; `class SetOperation`: 0 hits in edgar_sec/ + tests/; `class DoNothing`: 0 hits in edgar_sec/ + tests/; `class Attach`: 0 hits in edgar_sec/ + tests/; `class Detach`: 0 hits in edgar_sec/ + tests/,v2 has no SQL AST/compiler/executor layer; infra/storage/duckdb_catalog.py builds SQL by string concatenation with identifier whitelisting. The v1 abstraction that made raw SQL safe to write is unported (W5 verdicts every defs/sql/* row NOT_STARTED except dialects.py).,B-tests
.v1/defs/tests/test_sql_executor.py,251,test,.v1/defs/tests/test_sql_executor.py,,,NOT_STARTED,,`class QueryCompiler`: 0 hits in edgar_sec/ + tests/; `def make_sql_executor`: 0 hits in edgar_sec/ + tests/,v2 has no SQL AST/compiler/executor layer; infra/storage/duckdb_catalog.py builds SQL by string concatenation with identifier whitelisting. The v1 abstraction that made raw SQL safe to write is unported (W5 verdicts every defs/sql/* row NOT_STARTED except dialects.py). v1 cross-dialect (sqlite3 + duckdb) execution of compiled statements incl. ATTACH/DETACH: 0 v2 hits.,B-tests
.v1/defs/tests/test_storage_artifacts.py,68,test,.v1/defs/tests/test_storage_artifacts.py,,,NOT_STARTED,,`class DatasetSpec`: 0 hits in edgar_sec/ + tests/; `def read_records`: 0 hits in edgar_sec/ + tests/; `class MalformedArtifact`: 0 hits in edgar_sec/ + tests/; `class SchemaMismatchError`: 0 hits in edgar_sec/ + tests/,"v1's read-time schema validation contract (DatasetSpec with arrow schema + key_field + required_fields; MalformedArtifact for bad JSONL and for extra fields; SchemaMismatchError). v2 reads Parquet through infra/storage/parquet.py with no spec object and no error taxonomy, so a published artifact with a drifted schema is not caught at the read boundary. Note the class of failure v1 guarded - a schema-violating artifact silently flowing downstream - is exactly what 2.5 must not reintroduce.",B-tests
.v1/defs/tests/test_storage_contract.py,230,test,.v1/defs/tests/test_storage_contract.py,edgar_sec/infra/storage/parquet.py,72,PARTIAL,tests/infra/storage/test_parquet.py,"roadmap/refactor_v2/v2_refactor_roadmap.md:575-578, ""#### 3. Formal Deprecation and Removal of JSONL ... **In v2, JSONL is completely removed from the storage and CLI contracts.**""; v2 tests/infra/storage/test_parquet.py:19 test_write_read_round_trip is the surviving Parquet assertion.","DROPPED half (evidence above): JsonlChunkBackend, JsonlKeyValueBackend, JsonlWal, compaction-at-threshold and truncated-final-line tolerance - 5 of the 10 test functions, deliberately removed. NOT_STARTED half: the memory backend, the dataset-validates-before-backend-write contract, the FileStorageExecutor logical contract and its backend-failure reporting all have 0 v2 hits, and v2's test_parquet.py asserts the Arrow writer/reader rather than a pluggable backend protocol. Net: v2 has no storage-protocol layer to test, which is why Stage A verdicts defs/storage/__init__.py only PARTIAL.",B-tests
.v1/defs/tests/test_storage_merge.py,178,test,.v1/defs/tests/test_storage_merge.py,edgar_sec/infra/storage/duckdb.py,184,PARTIAL,tests/infra/storage/test_duckdb.py,"v2 tests/infra/storage/test_duckdb.py:28 test_concat_to_parquet_sorts_and_merges, :42 test_duplicate_and_null_key_detection, :50 test_duplicate_and_null_keys_are_reported cover the merge engine; the per-run coverage guards are pinned by tests/pipelines/metadata_sync/test_merger.py (test_wrong_cik_is_rejected_by_coverage_guard, test_null_cik_rejected_by_coverage_guard).","Covered: deterministic ordered concat plus duplicate/null-key detection. MISSING: `validate_files` as a REUSABLE contract (v1 checked counts, coverage, required fields, duplicate keys and uniqueness as one callable, 0 v2 hits - the logic is now inlined in pipelines/metadata_sync/merger.py and untested at the unit level), `ordered_keys`, and all JSONL paths. INHERITED GAP: v1 distinguished hard duplicate CIKs (fail) from duplicate accessions (reportable fan-out); v2 preserves that distinction in merger.py and it IS tested (test_duplicate_accessions_warn_but_do_not_fail), so this one survived.",B-tests
.v1/defs/tests/test_storage_staging.py,36,test,.v1/defs/tests/test_storage_staging.py,,,NOT_STARTED,,`class DuckDBStaging`: 0 hits in edgar_sec/ + tests/; `def create_table_as`: 0 hits in edgar_sec/ + tests/; `def copy_table`: 0 hits in edgar_sec/ + tests/,"v1 DuckDBStaging: create-table-as, insert-query, count, copy-to-Parquet, and a context manager that removes both the database and its .wal on exit, plus refusal to overwrite an existing immutable artifact. `DuckDBStaging` has 0 hits in edgar_sec/ AND 0 in tests/. FLAG FOR STAGE C: Stage A row .v1/defs/storage/staging.py is PORTED_DIVERGED citing tests/infra/storage/test_duckdb.py, but that v2 test imports only concat_to_parquet, connect, find_duplicate_keys, find_null_keys, find_duplicate_nested_values - it never exercises a staging object. Recommend the code row be re-read.",B-tests
.v1/defs/tests/test_table_boundary_fragmentation.py,53,test,.v1/defs/tests/test_table_boundary_fragmentation.py,,,NOT_STARTED,,`def reflow_ascii`: 0 hits in edgar_sec/ + tests/; `class ReflowPolicy`: 0 hits in edgar_sec/ + tests/,"v2 has no text/table/taxonomy/document/cover/SGML layer (CONTEXT.md sec.5: 93 prod files, none in these areas); roadmap/refactor_v2/v2_refactor_roadmap.md sec.1.4/Blueprint A still lists them as Phase 2.5+ PENDING. Whole v1 behavioural contract is inherited by nothing. INHERITED GAP: v1 pinned that reflow refuses to fragment a table across a page boundary. With no reflow engine and no test, that invariant is enforced nowhere.",B-tests
.v1/defs/tests/test_table_continuation.py,165,test,.v1/defs/tests/test_table_continuation.py,,,NOT_STARTED,,`def build_continuation`: 0 hits in edgar_sec/ + tests/; `def detect_continuation`: 0 hits in edgar_sec/ + tests/,"v2 has no text/table/taxonomy/document/cover/SGML layer (CONTEXT.md sec.5: 93 prod files, none in these areas); roadmap/refactor_v2/v2_refactor_roadmap.md sec.1.4/Blueprint A still lists them as Phase 2.5+ PENDING. Whole v1 behavioural contract is inherited by nothing.",B-tests
.v1/defs/tests/test_table_probe.py,87,test,.v1/defs/tests/test_table_probe.py,,,NOT_STARTED,,`def compute_geometry_stats`: 0 hits in edgar_sec/ + tests/; `def census`: 0 hits in edgar_sec/ + tests/,"v2 has no text/table/taxonomy/document/cover/SGML layer (CONTEXT.md sec.5: 93 prod files, none in these areas); roadmap/refactor_v2/v2_refactor_roadmap.md sec.1.4/Blueprint A still lists them as Phase 2.5+ PENDING. Whole v1 behavioural contract is inherited by nothing.",B-tests
.v1/defs/tests/test_table_protection.py,108,test,.v1/defs/tests/test_table_protection.py,,,NOT_STARTED,,`def protect_table`: 0 hits in edgar_sec/ + tests/; `class ProtectedRegion`: 0 hits in edgar_sec/ + tests/,"v2 has no text/table/taxonomy/document/cover/SGML layer (CONTEXT.md sec.5: 93 prod files, none in these areas); roadmap/refactor_v2/v2_refactor_roadmap.md sec.1.4/Blueprint A still lists them as Phase 2.5+ PENDING. Whole v1 behavioural contract is inherited by nothing. INHERITED GAP: v1's tagged-table protection contract (tables are never rewrapped) is the precondition for every reflow guarantee above and is also unowned in v2.",B-tests
.v1/defs/tests/test_table_taxonomy_contracts.py,553,test,.v1/defs/tests/test_table_taxonomy_contracts.py,,,NOT_STARTED,,`def classify_table`: 0 hits in edgar_sec/ + tests/; `class TableFamilySpec`: 0 hits in edgar_sec/ + tests/; `class TableScope`: 0 hits in edgar_sec/ + tests/; `class ShapeConstraint`: 0 hits in edgar_sec/ + tests/,"v2 has no text/table/taxonomy/document/cover/SGML layer (CONTEXT.md sec.5: 93 prod files, none in these areas); roadmap/refactor_v2/v2_refactor_roadmap.md sec.1.4/Blueprint A still lists them as Phase 2.5+ PENDING. Whole v1 behavioural contract is inherited by nothing. LARGEST taxonomy test (553 loc, 33 Stage-A code rows cite it): multi-zone BoW classification, family specs, shape constraints. v2's domain/taxonomy/* is company-NAME vocabulary (ABBR_MAP/PLURAL_MAP/STATE_CODES), a different subject - not credited.",B-tests
.v1/defs/tests/test_taxonomy_exporter.py,409,test,.v1/defs/tests/test_taxonomy_exporter.py,,,NOT_STARTED,,`class FAMILY_SPECS`: 0 hits in edgar_sec/ + tests/; `def export_labeled_inventory`: 0 hits in edgar_sec/ + tests/; `import zstandard`: 1 hits in edgar_sec/ + tests/,"v2 has no text/table/taxonomy/document/cover/SGML layer (CONTEXT.md sec.5: 93 prod files, none in these areas); roadmap/refactor_v2/v2_refactor_roadmap.md sec.1.4/Blueprint A still lists them as Phase 2.5+ PENDING. Whole v1 behavioural contract is inherited by nothing. 409 loc of probe/exporter with zstd blob + Parquet shard publication.",B-tests
.v1/defs/tests/test_taxonomy_profiler.py,127,test,.v1/defs/tests/test_taxonomy_profiler.py,,,NOT_STARTED,,`DERIVATIVES_HEDGING_SPEC`: 0 hits in edgar_sec/ + tests/; `def profile_table`: 0 hits in edgar_sec/ + tests/,"v2 has no text/table/taxonomy/document/cover/SGML layer (CONTEXT.md sec.5: 93 prod files, none in these areas); roadmap/refactor_v2/v2_refactor_roadmap.md sec.1.4/Blueprint A still lists them as Phase 2.5+ PENDING. Whole v1 behavioural contract is inherited by nothing.",B-tests
.v1/defs/tests/test_taxonomy_tail_patterns.py,32,test,.v1/defs/tests/test_taxonomy_tail_patterns.py,,,NOT_STARTED,,`BALANCE_SHEET_TAIL_RE`: 0 hits in edgar_sec/ + tests/; `CASH_FLOW_TAIL_RE`: 0 hits in edgar_sec/ + tests/; `EQUITY_STATEMENT_TAIL_RE`: 0 hits in edgar_sec/ + tests/; `INCOME_STATEMENT_TAIL_RE`: 0 hits in edgar_sec/ + tests/; `STOCK_COMP_TAIL_RE`: 0 hits in edgar_sec/ + tests/,"v2 has no text/table/taxonomy/document/cover/SGML layer (CONTEXT.md sec.5: 93 prod files, none in these areas); roadmap/refactor_v2/v2_refactor_roadmap.md sec.1.4/Blueprint A still lists them as Phase 2.5+ PENDING. Whole v1 behavioural contract is inherited by nothing.",B-tests
.v1/defs/tests/test_text_automaton.py,156,test,.v1/defs/tests/test_text_automaton.py,,,NOT_STARTED,,`class ShapeConstraint`: 0 hits in edgar_sec/ + tests/; `def build_automaton`: 0 hits in edgar_sec/ + tests/; `class AhoCorasick`: 0 hits in edgar_sec/ + tests/,"v2 has no text/table/taxonomy/document/cover/SGML layer (CONTEXT.md sec.5: 93 prod files, none in these areas); roadmap/refactor_v2/v2_refactor_roadmap.md sec.1.4/Blueprint A still lists them as Phase 2.5+ PENDING. Whole v1 behavioural contract is inherited by nothing. Aho-Corasick multi-pattern automaton: 0 v2 hits.",B-tests
.v1/defs/tests/test_text_compounds.py,71,test,.v1/defs/tests/test_text_compounds.py,,,NOT_STARTED,,`def expand_compounds`: 0 hits in edgar_sec/ + tests/,"v2 has no text/table/taxonomy/document/cover/SGML layer (CONTEXT.md sec.5: 93 prod files, none in these areas); roadmap/refactor_v2/v2_refactor_roadmap.md sec.1.4/Blueprint A still lists them as Phase 2.5+ PENDING. Whole v1 behavioural contract is inherited by nothing.",B-tests
.v1/defs/tests/test_text_counts.py,28,test,.v1/defs/tests/test_text_counts.py,,,NOT_STARTED,,`def count_lines`: 0 hits in edgar_sec/ + tests/; `def count_words`: 0 hits in edgar_sec/ + tests/,"v2 has no text/table/taxonomy/document/cover/SGML layer (CONTEXT.md sec.5: 93 prod files, none in these areas); roadmap/refactor_v2/v2_refactor_roadmap.md sec.1.4/Blueprint A still lists them as Phase 2.5+ PENDING. Whole v1 behavioural contract is inherited by nothing. Only 28 loc but load-bearing: v1's allocation-free counters were the reason merge never materialised a corpus in memory.",B-tests
.v1/defs/tests/test_text_healing.py,362,test,.v1/defs/tests/test_text_healing.py,,,NOT_STARTED,,`def heal_cover_text`: 0 hits in edgar_sec/ + tests/; `def merge_yes_no_binary_blocks`: 0 hits in edgar_sec/ + tests/; `def normalize_yes_no_pair_line`: 0 hits in edgar_sec/ + tests/; `ANNUAL_ADDITIONAL_PHRASE_RULES`: 0 hits in edgar_sec/ + tests/; `COMMON_PHRASE_RULES`: 0 hits in edgar_sec/ + tests/,"v2 has no text/table/taxonomy/document/cover/SGML layer (CONTEXT.md sec.5: 93 prod files, none in these areas); roadmap/refactor_v2/v2_refactor_roadmap.md sec.1.4/Blueprint A still lists them as Phase 2.5+ PENDING. Whole v1 behavioural contract is inherited by nothing.",B-tests
.v1/defs/tests/test_text_whitespace.py,52,test,.v1/defs/tests/test_text_whitespace.py,,,NOT_STARTED,,`def normalize_final_text_whitespace`: 0 hits in edgar_sec/ + tests/; `def split_concatenated_bullets`: 0 hits in edgar_sec/ + tests/,"v2 has no text/table/taxonomy/document/cover/SGML layer (CONTEXT.md sec.5: 93 prod files, none in these areas); roadmap/refactor_v2/v2_refactor_roadmap.md sec.1.4/Blueprint A still lists them as Phase 2.5+ PENDING. Whole v1 behavioural contract is inherited by nothing.",B-tests
.v1/defs/tests/test_toc_engine.py,510,test,.v1/defs/tests/test_toc_engine.py,,,NOT_STARTED,,`def find_toc_span`: 0 hits in edgar_sec/ + tests/; `RE_TOC_ITEM`: 0 hits in edgar_sec/ + tests/; `def normalize_for_matching`: 0 hits in edgar_sec/ + tests/; `FORM_10Q_DERIVED`: 0 hits in edgar_sec/ + tests/; `FORM_10Q_ITEMS`: 0 hits in edgar_sec/ + tests/,"v2 has no text/table/taxonomy/document/cover/SGML layer (CONTEXT.md sec.5: 93 prod files, none in these areas); roadmap/refactor_v2/v2_refactor_roadmap.md sec.1.4/Blueprint A still lists them as Phase 2.5+ PENDING. Whole v1 behavioural contract is inherited by nothing. 510 loc: statutory-item TOC spanning (RE_TOC_ITEM + per-form item vocabularies). Roadmap Blueprint B makes this Phase 03 work, and no v1->v2 test carries it forward.",B-tests
.v1/defs/tests/test_tokens.py,99,test,.v1/defs/tests/test_tokens.py,,,NOT_STARTED,,`def is_list_or_bullet_marker`: 0 hits in edgar_sec/ + tests/,"v2 has no text/table/taxonomy/document/cover/SGML layer (CONTEXT.md sec.5: 93 prod files, none in these areas); roadmap/refactor_v2/v2_refactor_roadmap.md sec.1.4/Blueprint A still lists them as Phase 2.5+ PENDING. Whole v1 behavioural contract is inherited by nothing.",B-tests
.v1/defs/tests/test_viewer_datasets.py,305,test,.v1/defs/tests/test_viewer_datasets.py,,,NOT_STARTED,,`def create_app`: 0 hits in edgar_sec/ + tests/; `def validate_read_only`: 0 hits in edgar_sec/ + tests/; `class ArtifactDataset`: 0 hits in edgar_sec/ + tests/,"v2 has no viewer package (CONTEXT sec.5; roadmap sec.1.1 lists `defs/viewer/` as a preserved v1 component that never reached v2). FastAPI/TestClient/sql_guard/DuckDB read-only engine are all absent. 305 loc of typed-filter AND-composition, nested text ops, column stats with top values, union-ref reads and SQLite+zstd blob decompression.",B-tests
.v1/defs/tests/test_viewer_discover.py,161,test,.v1/defs/tests/test_viewer_discover.py,,,NOT_STARTED,,`def discover_artifacts`: 0 hits in edgar_sec/ + tests/; `def artifact_id`: 0 hits in edgar_sec/ + tests/; `def discover_documents`: 0 hits in edgar_sec/ + tests/,v2 has no viewer package (CONTEXT sec.5; roadmap sec.1.1 lists `defs/viewer/` as a preserved v1 component that never reached v2). FastAPI/TestClient/sql_guard/DuckDB read-only engine are all absent. INHERITED GAP: v1's dataset-agnostic artifact discovery classified every role under an artifacts root (datasets/partitions/manifests/documents/sqlite tables) with a revision field and a path-traversal guard on artifact_id. v2's pipelines/filing_catalog/discovery.py is catalog- and plan-specific only; `artifact_id` is 0 v2 hits. Independently confirms W7's and W9's missing `classify_artifact_path`/`ArtifactRole` finding.,B-tests
.v1/defs/tests/test_viewer_duckdb_engine.py,104,test,.v1/defs/tests/test_viewer_duckdb_engine.py,,,NOT_STARTED,,`read_only`: 0 hits in edgar_sec/ + tests/; `copy_to_filesystem`: 0 hits in edgar_sec/ + tests/,"v2 has no viewer package (CONTEXT sec.5; roadmap sec.1.1 lists `defs/viewer/` as a preserved v1 component that never reached v2). FastAPI/TestClient/sql_guard/DuckDB read-only engine are all absent. INHERITED GAP: v1 pinned that the viewer's DuckDB engine is read-only, takes no database locks on artifact files, supports concurrent read-only connections, and that the in-memory console deliberately has no read-only mode. v2's infra/storage/duckdb.py has none of these properties and none of them is tested.",B-tests
.v1/defs/tests/test_viewer_server.py,182,test,.v1/defs/tests/test_viewer_server.py,,,NOT_STARTED,,`def create_app`: 0 hits in edgar_sec/ + tests/,"v2 has no viewer package (CONTEXT sec.5; roadmap sec.1.1 lists `defs/viewer/` as a preserved v1 component that never reached v2). FastAPI/TestClient/sql_guard/DuckDB read-only engine are all absent. 182 loc of HTTP contract (health, listing, rows/schema, SQL endpoint rejecting writes, documents content, revision field, sqlite/blob endpoints).",B-tests
.v1/defs/tests/test_viewer_sql_guard.py,50,test,.v1/defs/tests/test_viewer_sql_guard.py,,,NOT_STARTED,,`def validate_read_only`: 0 hits in edgar_sec/ + tests/; `class SqlGuardError`: 0 hits in edgar_sec/ + tests/,"v2 has no viewer package (CONTEXT sec.5; roadmap sec.1.1 lists `defs/viewer/` as a preserved v1 component that never reached v2). FastAPI/TestClient/sql_guard/DuckDB read-only engine are all absent. MOST SIGNIFICANT INHERITED GAP on the storage side: v1 pinned that viewer SQL is read-only and single-statement. v2 has no sql guard of any kind and issues raw SQL by string concatenation in infra/storage/duckdb_catalog.py; the compensating invariant (identifier whitelisting + literal escaping) is covered by tests/infra/storage/test_duckdb_catalog.py, but the v1 `storage-boundary`/`sql-boundary` scanners that policed it are themselves absent from v2 (W7 finding). Phase 2.5 storage needs a deliberate replacement.",B-tests
.v1/defs/tests/viewer_fixtures.py,96,test,.v1/defs/tests/test_viewer_datasets.py;.v1/defs/tests/test_viewer_discover.py;.v1/defs/tests/test_viewer_server.py,,,NOT_STARTED,,`def discover_artifacts`: 0 hits in edgar_sec/ + tests/; `def write_records_atomic`: 0 hits in edgar_sec/ + tests/,"pytest FIXTURE module (not a CLI): defines the chunk_dataset/parquet_dataset/artifacts_root fixtures by writing Parquet, JSONL, SQLite and zstd blobs into a synthetic .artifacts tree, and imports defs.viewer.discover.artifact_id to build a matching discovery fixture. All four consumer tests are viewer tests, all NOT_STARTED. No v2 equivalent - v2 tests/support.py (154 loc) fakes the HTTP seam instead and tests/fixtures/ holds committed golden Parquet only.",B-tests
.v1/defs/text/__init__.py,217,code,.v1/defs/tests/test_text_counts.py;.v1/defs/tests/test_text_whitespace.py;.v1/defs/tests/test_html_cleaner.py,,,NOT_STARTED,,"v1 docstring: ""Public re-export facade maintaining backward compatibility""; re-exports reflow_ascii, normalize_html_document, count_words, split_concatenated_bullets, score_tokens; grep -rIl 'reflow_ascii' edgar_sec/ tests/ --include=*.py => 0 files.","v2 AGENTS.md section 1 forbids barrel re-exports in __init__.py, so this facade pattern would itself diverge even when the underlying module arrives. DISCREPANCY: roadmap/refactor_v2/v2_refactor_roadmap.md:158 claims of the normalization algorithm that ""None of the character-level algorithms have been rewritten, so that coverage is preserved in substance but not yet in count"". Nothing here exists in edgar_sec/; the coverage is in .v1/ only, so it is not preserved in v2. roadmap/refactor_v2/v2_refactor_roadmap.md:436 'text/ regex/ sql/  # **PENDING** Phase 2.5+ (ASCII/HTML engine relocation)'",W3
.v1/defs/text/bow/__init__.py,76,code,.v1/defs/tests/test_bow_scorer.py;.v1/defs/tests/test_text_automaton.py,,,NOT_STARTED,,"v1 `__all__` re-exports `LexicalEvidencePack`, `compile_evidence_pack`, `score_tokens`, `MultiPatternAutomaton`; grep -rIl 'LexicalEvidencePack' edgar_sec/ tests/ --include=*.py => 0 files.","v2 AGENTS.md section 1 forbids barrel re-exports in __init__.py, so this facade pattern would itself diverge even when the underlying module arrives.",W3
.v1/defs/text/bow/automaton.py,474,code,.v1/defs/tests/test_text_automaton.py,,,NOT_STARTED,,"v1 symbol `MultiPatternAutomaton`; grep -rIl 'MultiPatternAutomaton' edgar_sec/ tests/ --include=*.py => 0 files. Aho-Corasick DFA with failure transitions, O(T + matches) single-pass","v1 docstring: ""Enables O(T + matches) single-pass multi-category lexical scanning across token streams"". No v2 multi-pattern automaton. roadmap/refactor_v2/v2_refactor_roadmap.md:436 'text/ regex/ sql/  # **PENDING** Phase 2.5+ (ASCII/HTML engine relocation)'",W3
.v1/defs/text/bow/engine.py,494,code,.v1/defs/tests/test_bow_scorer.py,,,NOT_STARTED,,"v1 symbol `compile_evidence_pack`; grep -rIl 'compile_evidence_pack' edgar_sec/ tests/ --include=*.py => 0 files. tiered evidence-pack scoring (score_tokens, score_unit, normalize_tokens)","Token-boundary lexical evidence engine over ordered EvidenceTier lists; nearest v2 candidate edgar_sec/domain/taxonomy/legal_forms.py is entity-name stopword stripping, a different responsibility. roadmap/refactor_v2/v2_refactor_roadmap.md:436 'text/ regex/ sql/  # **PENDING** Phase 2.5+ (ASCII/HTML engine relocation)'",W3
.v1/defs/text/bow/match.py,106,code,.v1/defs/tests/test_bow_scorer.py;.v1/defs/tests/test_text_automaton.py,,,NOT_STARTED,,"v1 symbol `band_max_values`; grep -rIl 'band_max_values' edgar_sec/ tests/ --include=*.py => 0 files. internal windowed unigram/ngram matching helpers (match_unigrams, match_ngrams)",Declared by v1 as an implementation detail of defs.text.bow; no v2 counterpart. roadmap/refactor_v2/v2_refactor_roadmap.md:436 'text/ regex/ sql/  # **PENDING** Phase 2.5+ (ASCII/HTML engine relocation)',W3
.v1/defs/text/bow/types.py,84,code,.v1/defs/tests/test_bow_scorer.py;.v1/defs/tests/test_text_automaton.py,,,NOT_STARTED,,v1 symbol `CaseMode`; grep -rIl 'CaseMode' edgar_sec/ tests/ --include=*.py => 0 files. immutable Token/CompiledTier/CompiledEvidencePack models and window_key,No v2 lexical-matcher type module. roadmap/refactor_v2/v2_refactor_roadmap.md:436 'text/ regex/ sql/  # **PENDING** Phase 2.5+ (ASCII/HTML engine relocation)',W3
.v1/defs/text/healing/__init__.py,56,code,.v1/defs/tests/test_text_healing.py,,,NOT_STARTED,,"v1 `__all__` re-exports `PhraseSequenceRule`, `heal_split_lines`, `merge_yes_no_binary_blocks`, `normalize_checkbox_tokens`; grep -rIl 'merge_yes_no_binary_blocks' edgar_sec/ tests/ --include=*.py => 0 files.","v2 AGENTS.md section 1 forbids barrel re-exports in __init__.py, so this facade pattern would itself diverge even when the underlying module arrives.",W3
.v1/defs/text/healing/compounds.py,209,code,.v1/defs/tests/test_text_compounds.py,,,NOT_STARTED,,"v1 symbol `expand_compounds`; grep -rIl 'expand_compounds' edgar_sec/ tests/ --include=*.py => 0 files. Cartesian compound/variant phrase expansion (expand_alternations, expand_variants)",Builds the multi-word phrase lists that defs.regex then turns into alternations; both halves are unported. roadmap/refactor_v2/v2_refactor_roadmap.md:436 'text/ regex/ sql/  # **PENDING** Phase 2.5+ (ASCII/HTML engine relocation)',W3
.v1/defs/text/healing/lines.py,513,code,.v1/defs/tests/test_text_healing.py,,,NOT_STARTED,,v1 symbol `merge_yes_no_binary_blocks`; grep -rIl 'merge_yes_no_binary_blocks' edgar_sec/ tests/ --include=*.py => 0 files. soft-wrap line joining and Yes/No checkbox block normalization,"Largest healing module; depends on defs.regex build_alternation/compact_alternation, defs.text.syntax.checkmarks and defs.text.structure.patterns, all of which are also unported. roadmap/refactor_v2/v2_refactor_roadmap.md:436 'text/ regex/ sql/  # **PENDING** Phase 2.5+ (ASCII/HTML engine relocation)'",W3
.v1/defs/text/healing/whitespace.py,76,code,.v1/defs/tests/test_text_whitespace.py,,,NOT_STARTED,,v1 symbol `split_concatenated_bullets`; grep -rIl 'split_concatenated_bullets' edgar_sec/ tests/ --include=*.py => 0 files. concatenated-bullet splitting and final blank-line compaction,"v1 docstring: ""Representation-neutral final text whitespace normalization"". This is the character-level whitespace normalization the roadmap calls untouched-and-protected; it exists only under .v1/. DISCREPANCY: roadmap/refactor_v2/v2_refactor_roadmap.md:158 claims of the normalization algorithm that ""None of the character-level algorithms have been rewritten, so that coverage is preserved in substance but not yet in count"". Nothing here exists in edgar_sec/; the coverage is in .v1/ only, so it is not preserved in v2.",W3
.v1/defs/text/html/__init__.py,42,code,.v1/defs/tests/test_html_pipeline.py;.v1/defs/tests/test_ascii_html.py;.v1/defs/tests/test_hybrid_tables.py;.v1/defs/tests/test_context_contracts.py;.v1/defs/tests/test_false_tables.py,,,NOT_STARTED,,"v1 `__all__` re-exports `normalize_html_document`, `parse_html`, `extract_ascii_pre`, tag frozensets; grep -rIl 'normalize_html_document' edgar_sec/ tests/ --include=*.py => 0 files.","v2 AGENTS.md section 1 forbids barrel re-exports in __init__.py, so this facade pattern would itself diverge even when the underlying module arrives.",W3
.v1/defs/text/html/cleaner.py,360,code,.v1/defs/tests/test_html_cleaner.py,,,NOT_STARTED,,"v1 symbol `strip_ixbrl_inline_tags`; grep -rIl 'strip_ixbrl_inline_tags' edgar_sec/ tests/ --include=*.py => 0 files. iXBRL wrapper removal, font-attribute sanitizing, Office metadata stripping",Stage-1 HTML pre-cleaner preserving Wingdings/Webdings/Symbol and colspan/rowspan for checkbox and page-marker consumers. No v2 HTML/SGML parser exists (roadmap lists `infra/sgml/` as PENDING Phase 2.5).,W3
.v1/defs/text/html/decompose.py,198,code,.v1/defs/tests/test_html_pipeline.py;.v1/defs/tests/test_false_tables.py,,,NOT_STARTED,,v1 `decompose_html_structures`; grep -rIl 'decompose_html_structures' edgar_sec/ tests/ --include=*.py => 0 files.,No v1 test imports this module directly; it is exercised transitively through normalize_html_document in the two tests listed. roadmap/refactor_v2/v2_refactor_roadmap.md:436 'text/ regex/ sql/  # **PENDING** Phase 2.5+ (ASCII/HTML engine relocation)',W3
.v1/defs/text/html/pipeline.py,86,code,.v1/defs/tests/test_html_pipeline.py;.v1/defs/tests/test_false_tables.py,,,NOT_STARTED,,v1 `normalize_html_document` returning `NormalizedHtmlText` with per-table `TableGeometry`; grep -rIl 'normalize_html_document' edgar_sec/ tests/ --include=*.py => 0 files.,"String-first HTML normalization pipeline; the v2 document pipeline is a Phase 2.5 deliverable per roadmap/refactor_v2/phase_2.md:571 (""Document acquisition, parsing, or storage (Phase 2.5)"").",W3
.v1/defs/text/html/pre.py,49,code,,,,NOT_STARTED,,v1 `extract_ascii_pre` (PRE transport-wrapper discrimination); grep -rIl 'extract_ascii_pre' edgar_sec/ tests/ --include=*.py => 0 files.,FINDING: empty v1_tests. grep -rlI 'extract_ascii_pre' over all of .v1/ finds only sec_documents/preprocessor.py and the defs.text re-exports -- no test anywhere exercises it. Unported along with the rest of the HTML layer.,W3
.v1/defs/text/html/tags.py,78,code,.v1/defs/tests/test_html_pipeline.py;.v1/defs/tests/test_ascii_html.py,,,NOT_STARTED,,v1 `PARAGRAPH_TAGS`/`CONTAINER_BLOCK_TAGS`/`INLINE_TAGS`/`TABLE_AND_PRE_TAGS`; grep -rIl 'PARAGRAPH_TAGS' edgar_sec/ tests/ --include=*.py => 0 files.,"Pure constant module; no v1 test imports it directly, reached only through decompose.py and tree.py. roadmap/refactor_v2/v2_refactor_roadmap.md:436 'text/ regex/ sql/  # **PENDING** Phase 2.5+ (ASCII/HTML engine relocation)'",W3
.v1/defs/text/html/tree.py,437,code,.v1/defs/tests/test_ascii_html.py;.v1/defs/tests/test_hybrid_tables.py;.v1/defs/tests/test_context_contracts.py,,,NOT_STARTED,,v1 `parse_html` / `FastHtmlTree` / `FastHtmlNode` over selectolax; grep -rIl 'parse_html' edgar_sec/ tests/ --include=*.py => 0 files.,v2 has no third-party HTML parser dependency; v1's selectolax binding is unported. roadmap/refactor_v2/v2_refactor_roadmap.md:436 'text/ regex/ sql/  # **PENDING** Phase 2.5+ (ASCII/HTML engine relocation)',W3
.v1/defs/text/reflow/__init__.py,58,code,.v1/defs/tests/test_reflow.py;.v1/defs/tests/test_table_boundary_fragmentation.py,,,NOT_STARTED,,"v1 `__all__` re-exports `reflow_ascii`, `SpanDecision`, `RuleEngine`, `build_line_mapper`; grep -rIl 'reflow_ascii' edgar_sec/ tests/ --include=*.py => 0 files.","v2 AGENTS.md section 1 forbids barrel re-exports in __init__.py, so this facade pattern would itself diverge even when the underlying module arrives. roadmap/refactor_v2/v2_refactor_roadmap.md:459 'normalization.py, tables.py, reflow.py   # **PENDING** Character/geometry engine relocation' DISCREPANCY: roadmap/refactor_v2/v2_refactor_roadmap.md:158 claims of the normalization algorithm that ""None of the character-level algorithms have been rewritten, so that coverage is preserved in substance but not yet in count"". Nothing here exists in edgar_sec/; the coverage is in .v1/ only, so it is not preserved in v2.",W3
.v1/defs/text/reflow/classifier.py,179,code,.v1/defs/tests/test_reflow.py,,,NOT_STARTED,,v1 `_decide` decision cascade; grep -rIl 'defs.text.reflow.classifier' edgar_sec/ tests/ --include=*.py => 0 files.,"Rule cascade dispatcher over BlockContext/_Features; unported with the engine. roadmap/refactor_v2/v2_refactor_roadmap.md:459 'normalization.py, tables.py, reflow.py   # **PENDING** Character/geometry engine relocation'",W3
.v1/defs/text/reflow/context.py,649,code,.v1/defs/tests/test_reflow.py;.v1/defs/text/reflow/tools/clustering/tests/test_context.py;.v1/defs/text/reflow/tools/clustering/tests/test_rules.py;.v1/defs/text/reflow/tools/clustering/tests/test_clustering.py;.v1/defs/text/reflow/tools/clustering/tests/test_dataset.py,,,NOT_STARTED,,v1 `BlockContext` with `@functools.cached_property` scalar features (spec invariants 1-2 in RULE_ENGINE_SPEC.md:11-21); grep -rIl 'BlockContext' edgar_sec/ tests/ --include=*.py => 0 files.,"Largest single file in the W3 scope (649 lines). Implements the lazy-memoization and raw-scalar invariants of .v1/defs/text/reflow/tools/RULE_ENGINE_SPEC.md; no v2 analogue. roadmap/refactor_v2/v2_refactor_roadmap.md:459 'normalization.py, tables.py, reflow.py   # **PENDING** Character/geometry engine relocation'",W3
.v1/defs/text/reflow/engine.py,393,code,.v1/defs/tests/test_reflow.py;.v1/defs/tests/test_table_boundary_fragmentation.py,,,NOT_STARTED,,v1 `reflow_ascii` / `_segment` / `_classify_block`; grep -rIl 'reflow_ascii' edgar_sec/ tests/ --include=*.py => 0 files.,"Stage-4 span/action engine with UNWRAP / PRESERVE / TAG_AND_PRESERVE dispatch; the core v2 deliverable the roadmap defers. roadmap/refactor_v2/v2_refactor_roadmap.md:459 'normalization.py, tables.py, reflow.py   # **PENDING** Character/geometry engine relocation'",W3
.v1/defs/text/reflow/features.py,147,code,.v1/defs/tests/test_reflow.py,,,NOT_STARTED,,v1 `_Features` dataclass and `_compute_features`; grep -rIl 'numeric_cell_starts' edgar_sec/ tests/ --include=*.py => 0 files.,"Column-gap / dot-leader / numeric-cell-start feature extraction consumed by both the classifier and the research lab. roadmap/refactor_v2/v2_refactor_roadmap.md:459 'normalization.py, tables.py, reflow.py   # **PENDING** Character/geometry engine relocation'",W3
.v1/defs/text/reflow/registry.py,423,code,.v1/defs/tests/test_reflow.py;.v1/defs/text/reflow/tools/clustering/tests/test_context.py;.v1/defs/text/reflow/tools/clustering/tests/test_experimental_registry.py,,,NOT_STARTED,,v1 `FEATURE_REGISTRY` / `FeatureSpec`; grep -rIl 'FEATURE_REGISTRY' edgar_sec/ tests/ --include=*.py => 0 files.,"Canonical single-declaration feature taxonomy (RULE_ENGINE_SPEC.md invariant 3) calibrated on 3,411 acceptance blocks; no v2 registry. roadmap/refactor_v2/v2_refactor_roadmap.md:459 'normalization.py, tables.py, reflow.py   # **PENDING** Character/geometry engine relocation'",W3
.v1/defs/text/reflow/rules.py,587,code,.v1/defs/tests/test_reflow.py;.v1/defs/text/reflow/tools/clustering/tests/test_rules.py,,,NOT_STARTED,,v1 `RuleEngine` / `FEATURE_GROUPS` / `decide_block`; grep -rIl 'RuleEngine' edgar_sec/ tests/ --include=*.py => 0 files.,"Declarative six-tier zero-corruption rule cascade described by RULE_ENGINE_SPEC.md; unported. roadmap/refactor_v2/v2_refactor_roadmap.md:459 'normalization.py, tables.py, reflow.py   # **PENDING** Character/geometry engine relocation'",W3
.v1/defs/text/reflow/tools/__init__.py,0,code,,,,NOT_STARTED,,Empty 0-line package marker; no v2 research-lab package exists.,"Parent of the offline inventory/export CLI. roadmap/refactor_v2/v2_refactor_roadmap.md:301 names its target as `engine/text/reflow/research/` (TIER 1, not yet built).",W3
.v1/defs/text/reflow/tools/analysis.py,105,script,.v1/defs/text/reflow/tools/tests/test_analysis.py,,,NOT_STARTED,,"v1 `python -m defs.text.reflow.tools.analysis inventory|export` argparse entry (`_parser`, `main`); no v2 CLI subcommand equivalent.",CLI shell over analysis_inventory.py/analysis_export.py; both are themselves unported. Roadmap target is `engine/text/reflow/research/cli.py` (still PENDING).,W3
.v1/defs/text/reflow/tools/analysis_export.py,184,code,.v1/defs/text/reflow/tools/tests/test_analysis.py,,,NOT_STARTED,,v1 `export_labeled_inventory`; grep -rIl 'export_labeled_inventory' edgar_sec/ tests/ --include=*.py => 0 files.,Validates human labels and publishes immutable labeled Parquet shards; depends on the unported defs.text.reflow feature/decision code.,W3
.v1/defs/text/reflow/tools/analysis_features.py,420,code,.v1/defs/text/reflow/tools/tests/test_analysis.py,,,NOT_STARTED,,"v1 `SCHEMA_VERSION = ""2""`, `FEATURE_VERSION = ""prose-layout-v1""`, `LABELS = frozenset({""PROSE_UNWRAP"", ""TABLE_TAG"", ""LAYOUT_PRESERVE"", ""MIXED_REVIEW""})`; grep -rIl 'prose-layout-v1' edgar_sec/ tests/ --include=*.py => 0 files.",Declares the BLOCK_SCHEMA/TOKEN_SCHEMA Parquet contracts for the review inventory; v2 has no review-inventory schema. Imports the unported defs.text.reflow.features._compute_features.,W3
.v1/defs/text/reflow/tools/analysis_inventory.py,317,code,.v1/defs/text/reflow/tools/tests/test_analysis.py,,,NOT_STARTED,,v1 `build_inventory`; grep -rIl 'build_inventory' edgar_sec/ tests/ --include=*.py => 0 files.,"Builds a hash-verified offline block/token inventory from the review corpus; reads defs.sec_forms.page_markers and defs.tables, all outside the v2 tree.",W3
.v1/defs/text/reflow/tools/analysis_records.py,415,code,.v1/defs/text/reflow/tools/tests/test_analysis.py,,,NOT_STARTED,,"v1 `analysis_policy`, `document_records`, `_role`; grep -rIl 'document_records' edgar_sec/ tests/ --include=*.py => 0 files.",Block/context/annotation record construction for the human review template; calls the unported reflow engine and classifier.,W3
.v1/defs/text/reflow/tools/clustering/__init__.py,51,code,.v1/defs/text/reflow/tools/clustering/tests/test_clustering.py;.v1/defs/text/reflow/tools/clustering/tests/test_context.py;.v1/defs/text/reflow/tools/clustering/tests/test_dataset.py;.v1/defs/text/reflow/tools/clustering/tests/test_experimental_registry.py;.v1/defs/text/reflow/tools/clustering/tests/test_rules.py,,,NOT_STARTED,,"v1 `__all__` re-exports `run_zero_corruption_audit`, `DatasetBlock`, `RuleEngine`, `BlockContext`; grep -rIl 'zero_corruption' edgar_sec/ tests/ --include=*.py => 0 files.","v2 AGENTS.md section 1 forbids barrel re-exports in __init__.py, so this facade pattern would itself diverge even when the underlying module arrives.",W3
.v1/defs/text/reflow/tools/clustering/audit.py,259,code,,,,NOT_STARTED,,v1 `run_zero_corruption_audit` / `AuditSummary` / `AuditAnomaly`; grep -rIl 'run_zero_corruption_audit' edgar_sec/ tests/ --include=*.py => 0 files.,FINDING: empty v1_tests. grep -rnI 'run_zero_corruption_audit' over all of .v1/ finds only the module and the clustering package __init__ -- the zero-corruption audit harness is unexercised in v1 and unported in v2.,W3
.v1/defs/text/reflow/tools/clustering/context.py,9,code,.v1/defs/text/reflow/tools/clustering/tests/test_context.py;.v1/defs/text/reflow/tools/clustering/tests/test_rules.py;.v1/defs/text/reflow/tools/clustering/tests/test_clustering.py;.v1/defs/text/reflow/tools/clustering/tests/test_dataset.py,,,NOT_STARTED,,9-line re-export: `from defs.text.reflow.context import BlockContext`; grep -rIl 'BlockContext' edgar_sec/ tests/ --include=*.py => 0 files.,Pure re-export shim of reflow/context.py. v2 AGENTS.md section 1 bans exactly this backward-compatibility shim pattern.,W3
.v1/defs/text/reflow/tools/clustering/dataset.py,322,code,.v1/defs/text/reflow/tools/clustering/tests/test_dataset.py;.v1/defs/text/reflow/tools/clustering/tests/test_clustering.py,,,NOT_STARTED,,v1 `load_dataset_from_jsonl` / `extract_feature_matrix` / `derive_cohort_and_action` with cohorts COHORT_CLEAN_PROSE / COHORT_CLEAN_TABLES / COHORT_EDGE_CASE_TABLES; grep -rIl 'COHORT_CLEAN_TABLES' edgar_sec/ tests/ --include=*.py => 0 files.,Dataset curation enforcing the Cover Boundary Invariant (start_line >= body_start_line); depends on the unported BlockContext and FEATURE_REGISTRY.,W3
.v1/defs/text/reflow/tools/clustering/experimental_registry.py,102,code,.v1/defs/text/reflow/tools/clustering/tests/test_experimental_registry.py,,,NOT_STARTED,,v1 `EXPERIMENTAL_REGISTRY` / `register_experimental` / `override_threshold` / `reset_to_production`; grep -rIl 'EXPERIMENTAL_REGISTRY' edgar_sec/ tests/ --include=*.py => 0 files.,Two-tier research/production feature-registry split; both tiers unported.,W3
.v1/defs/text/reflow/tools/clustering/registry.py,27,code,.v1/defs/text/reflow/tools/clustering/tests/test_experimental_registry.py,,,NOT_STARTED,,"27-line re-export of `FEATURE_REGISTRY`, `FeatureSpec`, `EXPERIMENTAL_REGISTRY`; grep -rIl 'FEATURE_REGISTRY' edgar_sec/ tests/ --include=*.py => 0 files.",Pure re-export shim; barred by v2 AGENTS.md section 1.,W3
.v1/defs/text/reflow/tools/clustering/rules.py,23,code,.v1/defs/text/reflow/tools/clustering/tests/test_rules.py,,,NOT_STARTED,,"23-line re-export of `Rule`, `RuleEngine`, `SynergyRule`, `FEATURE_GROUPS`, `decide_block`; grep -rIl 'SynergyRule' edgar_sec/ tests/ --include=*.py => 0 files.",Pure re-export shim; barred by v2 AGENTS.md section 1.,W3
.v1/defs/text/reflow/tools/clustering/tests/__init__.py,1,test,.v1/defs/text/reflow/tools/clustering/tests/__init__.py,,,NOT_STARTED,,,"roadmap/refactor_v2/v2_refactor_roadmap.md:298-307 commits this suite's future home as `engine/text/reflow/research/tests/` (""Research contract tests (test_analysis.py, test_clustering.py)""). VERIFIED ABSENT: no engine/text/ package exists at all. The whole empirical research lab - hypothesis docs, feature extractors, clustering, inventory export - is inherited by nothing, and with it v1's only quantitative guard on reflow heuristics. Package marker.",B-tests
.v1/defs/text/reflow/tools/clustering/tests/test_clustering.py,63,test,.v1/defs/text/reflow/tools/clustering/tests/test_clustering.py,,,NOT_STARTED,,`def cluster_space_matrix`: 0 hits in edgar_sec/ + tests/; `def audit_clusters`: 0 hits in edgar_sec/ + tests/,"roadmap/refactor_v2/v2_refactor_roadmap.md:298-307 commits this suite's future home as `engine/text/reflow/research/tests/` (""Research contract tests (test_analysis.py, test_clustering.py)""). VERIFIED ABSENT: no engine/text/ package exists at all. The whole empirical research lab - hypothesis docs, feature extractors, clustering, inventory export - is inherited by nothing, and with it v1's only quantitative guard on reflow heuristics. 2D whitespace/column clustering with numpy; v2 has no clustering and no numpy dependency.",B-tests
.v1/defs/text/reflow/tools/clustering/tests/test_context.py,89,test,.v1/defs/text/reflow/tools/clustering/tests/test_context.py,,,NOT_STARTED,,`class BlockContext`: 0 hits in edgar_sec/ + tests/; `FEATURE_REGISTRY`: 0 hits in edgar_sec/ + tests/,"roadmap/refactor_v2/v2_refactor_roadmap.md:298-307 commits this suite's future home as `engine/text/reflow/research/tests/` (""Research contract tests (test_analysis.py, test_clustering.py)""). VERIFIED ABSENT: no engine/text/ package exists at all. The whole empirical research lab - hypothesis docs, feature extractors, clustering, inventory export - is inherited by nothing, and with it v1's only quantitative guard on reflow heuristics. The lazy BlockContext that RULE_ENGINE_SPEC.md makes the cascade's unit of input.",B-tests
.v1/defs/text/reflow/tools/clustering/tests/test_dataset.py,152,test,.v1/defs/text/reflow/tools/clustering/tests/test_dataset.py,,,NOT_STARTED,,`class BlockContext`: 0 hits in edgar_sec/ + tests/; `def build_cluster_dataset`: 0 hits in edgar_sec/ + tests/; `ACTION_PRESERVE`: 0 hits in edgar_sec/ + tests/; `ACTION_UNWRAP`: 0 hits in edgar_sec/ + tests/,"roadmap/refactor_v2/v2_refactor_roadmap.md:298-307 commits this suite's future home as `engine/text/reflow/research/tests/` (""Research contract tests (test_analysis.py, test_clustering.py)""). VERIFIED ABSENT: no engine/text/ package exists at all. The whole empirical research lab - hypothesis docs, feature extractors, clustering, inventory export - is inherited by nothing, and with it v1's only quantitative guard on reflow heuristics. Geometry/column-matrix generation tied to the ACTION_PRESERVE/ACTION_UNWRAP span decisions, so it dies with the reflow engine rather than independently.",B-tests
.v1/defs/text/reflow/tools/clustering/tests/test_experimental_registry.py,60,test,.v1/defs/text/reflow/tools/clustering/tests/test_experimental_registry.py,,,NOT_STARTED,,`FEATURE_REGISTRY`: 0 hits in edgar_sec/ + tests/; `def register_experiment`: 0 hits in edgar_sec/ + tests/,"roadmap/refactor_v2/v2_refactor_roadmap.md:298-307 commits this suite's future home as `engine/text/reflow/research/tests/` (""Research contract tests (test_analysis.py, test_clustering.py)""). VERIFIED ABSENT: no engine/text/ package exists at all. The whole empirical research lab - hypothesis docs, feature extractors, clustering, inventory export - is inherited by nothing, and with it v1's only quantitative guard on reflow heuristics. Experimental feature-registry bookkeeping.",B-tests
.v1/defs/text/reflow/tools/clustering/tests/test_rules.py,70,test,.v1/defs/text/reflow/tools/clustering/tests/test_rules.py,,,NOT_STARTED,,`class BlockContext`: 0 hits in edgar_sec/ + tests/; `def rule_cascade`: 0 hits in edgar_sec/ + tests/,"roadmap/refactor_v2/v2_refactor_roadmap.md:298-307 commits this suite's future home as `engine/text/reflow/research/tests/` (""Research contract tests (test_analysis.py, test_clustering.py)""). VERIFIED ABSENT: no engine/text/ package exists at all. The whole empirical research lab - hypothesis docs, feature extractors, clustering, inventory export - is inherited by nothing, and with it v1's only quantitative guard on reflow heuristics. The rule cascade over BlockContext - the executable half of RULE_ENGINE_SPEC.md (557 lines, which v1 also keeps as documentation and which now describes a system with no code).",B-tests
.v1/defs/text/reflow/tools/clustering/unsupervised.py,280,code,.v1/defs/text/reflow/tools/clustering/tests/test_clustering.py,,,NOT_STARTED,,"v1 `cluster_features_hac`, `cluster_features_kmeans`, `compute_pca_analysis`, `compute_mutual_information`, `suggest_canonical_groups`; grep -rIl 'mutual_info_classif' edgar_sec/ tests/ --include=*.py => 0 files.","scipy/sklearn feature-correlation, HCA/KMeans, PCA and mutual-information ranking used to derive the rule feature groups; v2 has no numpy/scipy/sklearn dependency at all.",W3
.v1/defs/text/reflow/tools/tests/__init__.py,0,test,.v1/defs/text/reflow/tools/tests/__init__.py,,,NOT_STARTED,,,"roadmap/refactor_v2/v2_refactor_roadmap.md:298-307 commits this suite's future home as `engine/text/reflow/research/tests/` (""Research contract tests (test_analysis.py, test_clustering.py)""). VERIFIED ABSENT: no engine/text/ package exists at all. The whole empirical research lab - hypothesis docs, feature extractors, clustering, inventory export - is inherited by nothing, and with it v1's only quantitative guard on reflow heuristics. Package marker.",B-tests
.v1/defs/text/reflow/tools/tests/test_analysis.py,223,test,.v1/defs/text/reflow/tools/tests/test_analysis.py,,,NOT_STARTED,,`def build_inventory`: 0 hits in edgar_sec/ + tests/; `def export_labeled_inventory`: 0 hits in edgar_sec/ + tests/; `LABELS`: 0 hits in edgar_sec/ + tests/,"roadmap/refactor_v2/v2_refactor_roadmap.md:298-307 commits this suite's future home as `engine/text/reflow/research/tests/` (""Research contract tests (test_analysis.py, test_clustering.py)""). VERIFIED ABSENT: no engine/text/ package exists at all. The whole empirical research lab - hypothesis docs, feature extractors, clustering, inventory export - is inherited by nothing, and with it v1's only quantitative guard on reflow heuristics. 223 loc: hash-verified offline block/token inventory + join with human labels and publish immutable Parquet shards with versioned manifests. This is the only place v1 measured reflow against human judgement; its loss is why 'reflow heuristics are tuned' is now unfalsifiable.",B-tests
.v1/defs/text/reflow/types.py,106,code,.v1/defs/tests/test_reflow.py;.v1/defs/tests/test_table_boundary_fragmentation.py;.v1/defs/text/reflow/tools/clustering/tests/test_rules.py;.v1/defs/text/reflow/tools/clustering/tests/test_dataset.py,,,NOT_STARTED,,"v1 `ACTION_UNWRAP`/`ACTION_PRESERVE`/`ACTION_TAG_AND_PRESERVE`, `SpanDecision`, `ReflowResult`, `build_line_mapper`; grep -rIl 'SpanDecision' edgar_sec/ tests/ --include=*.py => 0 files.","Immutable span/action models plus the line-offset mapper that v2_refactor_roadmap.md:68 names as the 'String-Offset Manipulation & Coordinate Drift' problem; unported. roadmap/refactor_v2/v2_refactor_roadmap.md:459 'normalization.py, tables.py, reflow.py   # **PENDING** Character/geometry engine relocation'",W3
.v1/defs/text/structure/__init__.py,70,code,.v1/defs/tests/test_logical_units.py;.v1/defs/tests/test_text_counts.py,,,NOT_STARTED,,"v1 `__all__` re-exports `classify_units`, `LogicalUnit`, `count_words`, `count_lines`; grep -rIl 'classify_units' edgar_sec/ tests/ --include=*.py => 0 files.","v2 AGENTS.md section 1 forbids barrel re-exports in __init__.py, so this facade pattern would itself diverge even when the underlying module arrives.",W3
.v1/defs/text/structure/counts.py,42,code,.v1/defs/tests/test_text_counts.py,,,NOT_STARTED,,v1 symbol `count_words`; grep -rIl 'count_words' edgar_sec/ tests/ --include=*.py => 0 files. allocation-free word/line counters (count_lines),"v1 docstring: ""on multi-megabyte filings that is hundreds of thousands of transient objects per document per call site"". No v2 text-counter module. roadmap/refactor_v2/v2_refactor_roadmap.md:436 'text/ regex/ sql/  # **PENDING** Phase 2.5+ (ASCII/HTML engine relocation)'",W3
.v1/defs/text/structure/logical_units.py,208,code,.v1/defs/tests/test_logical_units.py,,,NOT_STARTED,,v1 `classify_units` / `LogicalUnit` / `units_after` / `line_offset`; grep -rIl 'classify_units' edgar_sec/ tests/ --include=*.py => 0 files.,"Splits a line stream into paragraph/list/table/heading units with healed paragraphs and preserved source offsets; the 1D document-block model is roadmap PENDING (domain/documents/, v2_refactor_roadmap.md:443).",W3
.v1/defs/text/structure/patterns.py,83,code,.v1/defs/tests/test_logical_units.py;.v1/defs/tests/test_reflow.py,,,NOT_STARTED,,"v1 `RE_DOT_LEADER`, `RE_COLUMN_GAP`, `RE_SEPARATOR_RUN`, `RE_STRUCTURAL_SGML`, `RE_PAGE_NUMBER_SUFFIX`; grep -rIl 'RE_STRUCTURAL_SGML' edgar_sec/ tests/ --include=*.py => 0 files.",No v1 test imports these constants directly; they are reached through logical_units.py (test_logical_units.py) and reflow/features.py (test_reflow.py).,W3
.v1/defs/text/syntax/__init__.py,221,code,.v1/defs/tests/test_dates.py;.v1/defs/tests/test_tokens.py;.v1/defs/tests/test_grammar.py;.v1/defs/tests/test_import_cycles.py,,,NOT_STARTED,,"v1 `__all__` re-exports `parse_date`, `BULLET_MARKERS`, `RE_CONFORMED_SIGNATURE`, `ARTICLES`; grep -rIl 'RE_CONFORMED_SIGNATURE' edgar_sec/ tests/ --include=*.py => 0 files.","v2 AGENTS.md section 1 forbids barrel re-exports in __init__.py, so this facade pattern would itself diverge even when the underlying module arrives. DISCREPANCY: roadmap/refactor_v2/v2_refactor_roadmap.md:158 claims of the normalization algorithm that ""None of the character-level algorithms have been rewritten, so that coverage is preserved in substance but not yet in count"". Nothing here exists in edgar_sec/; the coverage is in .v1/ only, so it is not preserved in v2.",W3
.v1/defs/text/syntax/checkmarks.py,325,code,.v1/defs/tests/test_text_healing.py;.v1/defs/tests/test_cover_checkmark_inference.py,,,NOT_STARTED,,"v1 `CANONICAL_CHECKED = ""[X]""`, `FONT_GLYPH_MAPPINGS`, `font_glyph_state`, `CheckmarkScope`; grep -rIl 'CheckmarkScope' edgar_sec/ tests/ --include=*.py => 0 files.",The roadmap calls the 'cover-page checkmark solver' untouched-and-protected (v2_refactor_roadmap.md:158); it exists only under .v1/. No v1 test imports this module directly -- both listed tests reach it through defs.text.healing and defs.sec_forms.cover.,W3
.v1/defs/text/syntax/dates.py,543,code,.v1/defs/tests/test_dates.py,,,NOT_STARTED,,"v1 `parse_date`, `MONTH_RE`, `CENTURY_PIVOT = 80`, `YEAR_RANGE = (1900, ...)`, `DEFAULT_YEAR_UPPER_BOUND`; grep -rIl 'CENTURY_PIVOT' edgar_sec/ tests/ --include=*.py => 0 files.","Largest syntax module (543 lines): month-name/ordinal regexes, 2-digit century pivot, fragment healing. v2 date handling is limited to pass-through string columns (filing_date, report_date in domain/submissions/schemas.py), not parsing. roadmap/refactor_v2/v2_refactor_roadmap.md:436 'text/ regex/ sql/  # **PENDING** Phase 2.5+ (ASCII/HTML engine relocation)'",W3
.v1/defs/text/syntax/grammar.py,248,code,.v1/defs/tests/test_grammar.py,,,NOT_STARTED,,"v1 `ARTICLES`, `RELATIVE_PRONOUNS`, `FUNCTION_WORDS`, `TRAILING_CONNECTORS`, `RE_POSSESSIVE`, `RE_VERBAL_PARTICIPLE`; grep -rIl 'FUNCTION_WORDS' edgar_sec/ tests/ --include=*.py => 0 files.","Canonical English closed-class lexicon driving the reflow prose-vs-table hypotheses (HYPOTHESES.md H-MACRO-2/3/4/6). Nearest v2 module edgar_sec/domain/taxonomy/legal_forms.py holds NAME_STOPWORDS for registrant-name normalization -- a different responsibility (entity identity, not prose grammar).",W3
.v1/defs/text/syntax/signatures.py,239,code,.v1/defs/tests/test_reflow.py,,,NOT_STARTED,,"v1 `RE_CONFORMED_SIGNATURE`, `find_signature_regions`, `mask_signature_regions`, `heal_mangled_signature_text`; grep -rIl 'RE_CONFORMED_SIGNATURE' edgar_sec/ tests/ --include=*.py => 0 files.",FINDING: no v1 test imports this module directly; test_reflow.py reaches it only through reflow/engine.py's mask/restore_signature_regions. Letter-spaced signature healing (/s/ S ATYA N ADELLA) has no v2 home.,W3
.v1/defs/text/syntax/tokens.py,154,code,.v1/defs/tests/test_tokens.py;.v1/defs/tests/test_html_cleaner.py,,,NOT_STARTED,,"v1 `BULLET_MARKER_RE`, `BULLET_MARKERS`, `DELIMITED_ORDERED_MARKER_RE`, `ROMAN_NUMERAL_PATTERN`, `roman_to_int`; grep -rIl 'roman_to_int' edgar_sec/ tests/ --include=*.py => 0 files.",Leaf bullet/ordered-list/roman-numeral token layer. No v2 equivalent. roadmap/refactor_v2/v2_refactor_roadmap.md:436 'text/ regex/ sql/  # **PENDING** Phase 2.5+ (ASCII/HTML engine relocation)',W3
.v1/defs/text/syntax/unicode.py,63,code,.v1/defs/tests/test_html_pipeline.py;.v1/defs/tests/test_html_cleaner.py,,,NOT_STARTED,,"v1 `NORMALIZE_TO_SPACE` (U+00A0, U+2007, U+202F, U+2009), `STRIP_ZERO_WIDTH`, `sanitize_unicode_whitespace`; grep -rIl 'sanitize_unicode_whitespace' edgar_sec/ tests/ --include=*.py => 0 files.",FINDING: no v1 test imports sanitize_unicode_whitespace directly; it is reached transitively by html/decompose.py. Unported.,W3
.v1/defs/viewer/__init__.py,1,code,,,,NOT_STARTED,,"No v2 viewer package: `grep -rn -i viewer edgar_sec/ tests/` returns zero hits, and CONTEXT.md sec.5 lists 'no viewer' under what v2 deliberately does not have","One-line package docstring. Note a direct roadmap contradiction: roadmap/refactor_v2/v2_refactor_roadmap.md:88 lists `viewer/` - 'Read-only dataset browser and DuckDB query UI' - as required v2 shared infra, and :336/:382 call the ad-hoc v1 tools 'superseded by ... the local dataset viewer (defs/viewer/)'. The delivered tree has no viewer at all.",W7
.v1/defs/viewer/__main__.py,40,code,,,,NOT_STARTED,,No v2 equivalent: `grep -rn -E 'fastapi|uvicorn' edgar_sec/ tests/` returns zero hits; run.py:17 ENTRIES registers only the two pipeline operators,"The `python -m defs.viewer` entrypoint (--artifacts-root/--host/--port/--api-only, uvicorn.run) has no v2 counterpart. run.py lost v1's viewer LauncherEntry (v1 registry.py:42-47) along with the whole tool surface.",W7
.v1/defs/viewer/datasets.py,478,code,.v1/defs/tests/test_viewer_datasets.py;.v1/defs/tests/test_viewer_duckdb_engine.py,,,NOT_STARTED,,"No v2 equivalent: no viewer package, and `grep -rn 'read_json_auto|__viewer_page|MAX_SQL_ROWS' edgar_sec/ tests/` returns zero hits","MISSING: the DuckDB-backed read layer - DatasetRef, dataset_schema, dataset_column_stats, dataset_rows (limit+1 has_more paging), dataset_blob, run_dataset_sql, the __viewer_page CTE, MAX_SQL_ROWS=10_000, MAX_PAYLOAD_BYTES=8MiB, DEFAULT_TIMEOUT_S=15.0, and the :memory: console connection. Second-largest unported surface in this scope. v2's infra/storage/duckdb.py is a write/merge engine, not a paged read API, and edgar_sec/infra/storage/duckdb_catalog.py:102 only builds SQL fragments.",W7
.v1/defs/viewer/discover.py,255,code,.v1/defs/tests/test_viewer_discover.py,,,NOT_STARTED,,No v2 equivalent: `grep -rn 'classify_artifact|ArtifactRole|DOCUMENT_ROLES' edgar_sec/ tests/` returns zero hits,"MISSING: stat-only artifact discovery and classification, ArtifactSummary, compute_revision, run_union multi-chunk grouping, discover_documents, summary_to_dict, artifact_id, artifact_path, artifact_table. This module is entirely dependent on v1 defs/runtime/paths.py:479 classify_artifact_path, which was also not ported (see the paths.py row) - so the two gaps are linked: porting discovery requires porting the artifact-role classification first.",W7
.v1/defs/viewer/serialize.py,43,code,,,,NOT_STARTED,,No v2 equivalent: `grep -rn 'json_safe|safe_dumps' edgar_sec/ tests/` returns zero hits,"MISSING: json_safe() (Decimal->str, bytes->base64, NaN/Inf->None, date/datetime->isoformat, recursive Mapping/Sequence) and safe_dumps(). AGENTS.md sec.4 requires workers to emit 'validated atomic Parquet checkpoints' and the merger to validate chunk checkpoints (edgar_sec/pipelines/metadata_sync/checkpoints.py), but checkpoints.py:104 does its own PyArrow-level inspection and has no JSON-safe value normaliser, so the v1 no-pandas JSON-safety guarantee has no v2 anchor.",W7
.v1/defs/viewer/server.py,189,code,.v1/defs/tests/test_viewer_server.py,,,NOT_STARTED,,No v2 equivalent: `grep -rn -E 'fastapi|uvicorn|FastAPI' edgar_sec/ tests/` returns zero hits,"MISSING: create_app() and all seven read-only endpoints (/api/datasets, /api/documents, /api/datasets/{id}/schema|stats|rows, POST /api/datasets/{id}/sql, /api/health), plus the ui/dist StaticFiles mount. v2 has no web surface of any kind and no web dependency.",W7
.v1/defs/viewer/sql_guard.py,98,code,.v1/defs/tests/test_viewer_sql_guard.py,,,NOT_STARTED,,No v2 equivalent: `grep -rn -E 'validate_read_only|SqlGuardError' edgar_sec/ tests/` returns zero hits,"MISSING: validate_read_only(), SqlGuardError, the _ALLOWED_KEYWORDS allowlist (SELECT/WITH/DESCRIBE/EXPLAIN/SHOW/PRAGMA table_info), _contains_statement_separator() quote- and comment-aware `;` scanner, and leading-comment stripping. Directly relevant to Phase 2.5: v1 also had a `sql-boundary` scanner (defs/sql/checks.py, per .v1/defs/README.md:105) that was not ported either, so v2 currently has no read-only-SQL or raw-SQL-literal guard anywhere - and v1 deliberately enforced raw SQL out of phase code.",W7
.v1/phases/01_metadata_extraction/__init__.py,1,code,,edgar_sec/pipelines/metadata_sync/__init__.py,1,PORTED,tests/pipelines/metadata_sync/test_worker.py,"v1 `""""""Phase 01: SEC submissions metadata extraction.""""""` vs v2 `""""""Metadata sync pipeline: plan, fetch, normalize, checkpoint, merge.""""""`; `from edgar_sec.pipelines.metadata_sync.worker import ...` (test_worker.py:13) executes the package __init__","Package docstring only in both trees; the v1 `phases.01_*` numeric-directory import hack (importlib) has no v2 counterpart, which is the de-numbering Stage 3 of the v2 roadmap wanted.",W8
.v1/phases/01_metadata_extraction/cli.py,295,code,.v1/phases/01_metadata_extraction/tests/test_config.py;.v1/phases/01_metadata_extraction/tests/test_run_interactive.py,edgar_sec/pipelines/metadata_sync/cli.py,289,PARTIAL,,"v2 `build_parser()` registers plan/status/run/merge/augment (cli.py:246-272); v1 `build_parser()` also registered `sources refresh`, `sources compare`, `preview`, `merge-partition` (cli.py:114-192)","Missing parts: (1) v1 subcommands `sources refresh`/`sources compare`, `preview`, `merge-partition`; (2) `--storage-format {parquet,jsonl}` flags; (3) no v2 test exercises this file at all -- there is no tests/pipelines/metadata_sync/test_cli.py, although tests/pipelines/filing_catalog/test_cli.py exists for the sibling pipeline. A concrete asymmetry against v2 AGENTS.md §6 (one test file per source module).",W8
.v1/phases/01_metadata_extraction/core/__init__.py,85,code,.v1/phases/01_metadata_extraction/tests/test_application.py;.v1/phases/01_metadata_extraction/tests/test_augmentation.py;.v1/phases/01_metadata_extraction/tests/test_checkpoints.py;.v1/phases/01_metadata_extraction/tests/test_config.py;.v1/phases/01_metadata_extraction/tests/test_input_manifest.py;.v1/phases/01_metadata_extraction/tests/test_merge.py;.v1/phases/01_metadata_extraction/tests/test_normalize.py;.v1/phases/01_metadata_extraction/tests/test_source_registry.py,edgar_sec/pipelines/metadata_sync/__init__.py,1,DROPPED,,"v2 AGENTS.md §1 ""**No Barrel Re-exports in `__init__.py`** ... Consumers must import directly from the leaf module""; edgar_sec/pipelines/metadata_sync/__init__.py is a single docstring line","85-line public-API barrel (re-exported build_plan, run_chunk, merge, compare_sources, refresh_company_tickers, ...). Deliberately not ported; v2 callers import leaf modules directly.",W8
.v1/phases/01_metadata_extraction/core/application.py,519,code,.v1/phases/01_metadata_extraction/tests/test_application.py;.v1/phases/01_metadata_extraction/tests/test_augmentation.py;.v1/phases/01_metadata_extraction/tests/test_config.py;.v1/phases/01_metadata_extraction/tests/test_run_interactive.py;.v1/phases/01_metadata_extraction/tests/test_merge.py,edgar_sec/pipelines/metadata_sync/cli.py,289,PARTIAL,,"v2 `cmd_plan`/`cmd_status`/`cmd_run`/`cmd_merge` (cli.py:85-214) and `worker.run_partition` (worker.py:220) cover plan/status/run/merge; v1 also defined `get_status:363`, `run_partition_with_automerge:315`, `merge_one_partition:489`, `preview_sample:87`","Missing parts: the two-stage `merge-partition` -> `merge` protocol (no `merge_one_partition`), `run_partition_with_automerge`, a `get_status` reporting function, and `preview_sample`. No v2 test drives this orchestration layer.",W8
.v1/phases/01_metadata_extraction/core/augmentation.py,405,code,.v1/phases/01_metadata_extraction/tests/test_augmentation.py,edgar_sec/pipelines/metadata_sync/augmentation.py,228,PARTIAL,tests/pipelines/metadata_sync/test_augmentation.py,"v2 `plan_delta:70` / `augment:104` / `base_snapshot_ciks:61`; v1 additionally defined `write_worklist:56`, `load_plan_rows:117`, `output_paths:137`, `discover_source_manifests:151`, `discover_base_metadata_manifests:185`, `publish_snapshot:244`","Missing parts: the immutable `worklist.parquet` + manifest artifact and its `load_plan_rows` sha256 verification, `discover_source_manifests`/`discover_base_metadata_manifests` (needed by the v1 wizard's augmentation-preparation flow), and the augmentation-specific `submission_metadata_delta.parquet` + `snapshot.json` publication. v2 publishes one merged new snapshot instead.",W8
.v1/phases/01_metadata_extraction/core/checkpoints.py,165,code,.v1/phases/01_metadata_extraction/tests/test_application.py;.v1/phases/01_metadata_extraction/tests/test_checkpoints.py;.v1/phases/01_metadata_extraction/tests/test_merge.py,edgar_sec/pipelines/metadata_sync/checkpoints.py,133,PORTED_DIVERGED,tests/pipelines/metadata_sync/test_checkpoints.py,"v2 roadmap/refactor_v2/v2_refactor_roadmap.md §3 ""In v2, JSONL is completely removed from the storage and CLI contracts."" v2 `inspect_chunk:56` / `discover_completed_chunks:113` validate schema+rowcount+CIK set+input fingerprint; v1 `parse_chunk_filename:92`/`list_chunk_checkpoints:110`/`summarize_checkpoints:140` are absent","Parquet-only. v1's format-parameterised filename encoding (version+chunk+range), `_store(root, storage_format)` JSONL branch, and `summarize_checkpoints` progress summary were dropped with JSONL..",W8
.v1/phases/01_metadata_extraction/core/chunks.py,179,code,.v1/phases/01_metadata_extraction/tests/test_checkpoints.py;.v1/phases/01_metadata_extraction/tests/test_merge.py,edgar_sec/pipelines/metadata_sync/planner.py,166,PARTIAL,tests/pipelines/metadata_sync/test_planner.py,"v2 `build_plan:48` emits chunks as `{""chunk_id"",""offset"",""cik_padded""}` and partitions by `chunk_index % partition_count` (planner.py:44-90); v1 `ChunkRange` used inclusive row ranges and `assign_partitions` did 1-based round-robin over CIKs (chunks.py:59-102)","Missing parts: `plan_hash` (whole-plan canonical-JSON digest, chunks.py:105), the `ChunkRange` inclusive row-range form, `select_chunk`/`ChunkMismatchError` worker-side fingerprint+schema_version validation (chunks.py:115), and `verify_chunk_assignment` as a named gap/overlap assertion (chunks.py:152). v2 substitutes a 16-hex content-derived `plan_id` plus `load_plan` chunk-reconstruction validation..",W8
.v1/phases/01_metadata_extraction/core/config.py,247,code,.v1/phases/01_metadata_extraction/tests/test_config.py;.v1/phases/01_metadata_extraction/tests/test_run_interactive.py,,,NOT_STARTED,,"grep -rn ""ProjectConfig|config\.json|plan_defining_fields|validate_plan_against_options|PLAN_DEFINING_FIELDS"" edgar_sec/ tests/ --include=*.py -> no hits","v1 persisted `.artifacts/metadata/config.json` (ProjectConfig, CONFIG_VERSION=2, atomic write, `--configure` as sole writer) and enforced staleness through PLAN_DEFINING_FIELDS + `validate_plan_against_options:218`. v2 has no persisted project config at all: RunOptions is a per-invocation dataclass at edgar_sec/pipelines/metadata_sync/cli.py:45 and plan staleness is caught by recomputing `plan_id` in `load_plan` (planner.py:132-141). v1 AGENTS.md 'Configuration And Plans' contract is therefore NOT carried into v2 -- a real contract regression, not a rename.",W8
.v1/phases/01_metadata_extraction/core/fetch.py,41,code,.v1/phases/01_metadata_extraction/tests/test_config.py;.v1/phases/01_metadata_extraction/tests/test_run_interactive.py,edgar_sec/pipelines/metadata_sync/worker.py,268,PORTED_DIVERGED,tests/pipelines/metadata_sync/test_worker.py,v2 `worker.normalize_one_cik:64` inlines v1's `fetch_and_normalize` and `cli._build_client:80` replaces `build_client` (`make_sec_http_client(profile=resolve_sec_transport_profile())` -> `SubmissionsClient(settings=resolve_runtime_settings().sec)`),"Both responsibilities survive but neither as a module: `build_client` became a private CLI helper, `fetch_and_normalize` became a worker function..",W8
.v1/phases/01_metadata_extraction/core/input_manifest.py,116,code,.v1/phases/01_metadata_extraction/tests/test_input_manifest.py,edgar_sec/pipelines/metadata_sync/manifest.py,99,PORTED_DIVERGED,tests/pipelines/metadata_sync/test_manifest.py,"v2 `read_cik_manifest:55` fingerprints with `file_sha256(path)` (manifest.py:95); v1 `input_fingerprint:44` hashed a canonical JSON list of {cik,name} rows (order-independent)","Divergences: fingerprint is now the file digest (order-sensitive, content-identifying); v2 drops the `name` column and the `TargetRow` record, drops `limit` from the reader, drops the 'input CSV must contain a cik column' error (it reads column 0 and infers the header), and collects bad rows into `skipped` rather than a `malformed`+`duplicates` report. v1 also sorted CIKs; v2 preserves file order..",W8
.v1/phases/01_metadata_extraction/core/merge.py,780,code,.v1/phases/01_metadata_extraction/tests/test_application.py;.v1/phases/01_metadata_extraction/tests/test_merge.py,edgar_sec/pipelines/metadata_sync/merger.py,248,PARTIAL,tests/pipelines/metadata_sync/test_merger.py,v2 `validate_chunks:88` + `merge_chunks:170` + `publish_snapshot:225` are a single-stage chunk->snapshot merge; v1 had two stages (`merge_partition:431` then `merge_partition_artifacts:568`) with per-partition receipts and `_verify_partition_artifact:460`,"Missing parts: the two-stage partition->final protocol (780 v1 lines vs 248 v2), per-partition published artifacts and immutable receipts, merge-report regeneration when a report is absent, the no-chunk-fallback guarantee, the byte-copy fast path for a single covering partition, and JSONL checkpoint inputs. Present and tested: CIK null/duplicate rejection, schema-drift rejection, foreign-chunk rejection, duplicate-accession warning..",W8
.v1/phases/01_metadata_extraction/core/normalize/__init__.py,62,code,.v1/phases/01_metadata_extraction/tests/test_checkpoints.py;.v1/phases/01_metadata_extraction/tests/test_merge.py;.v1/phases/01_metadata_extraction/tests/test_normalize.py,edgar_sec/engine/submissions/__init__.py,4,DROPPED,,"v2 AGENTS.md §1 ""**No Barrel Re-exports in `__init__.py`**""; edgar_sec/engine/submissions/__init__.py is a docstring only","62-line barrel re-exporting normalize_submissions, FILING_ARRAY_KEYS, PROFILE_KEYS, ADDRESS_KEYS, SEC_ARCHIVE_BASE, ... Deliberately not ported.",W8
.v1/phases/01_metadata_extraction/core/normalize/builder.py,295,code,.v1/phases/01_metadata_extraction/tests/test_checkpoints.py;.v1/phases/01_metadata_extraction/tests/test_merge.py;.v1/phases/01_metadata_extraction/tests/test_normalize.py,edgar_sec/engine/submissions/builder.py,297,PORTED,tests/engine/submissions/test_normalizer.py,"v2 `normalize_submissions:100`, `validate_row_shapes:28`, `build_submission_table:291` -- same three symbols, same signature; 21 tests incl. test_build_submission_table_conforms_to_canonical_schema","roadmap/refactor_v2/phase_1.md Milestone 4 records oracle parity: byte-identical against .v1 on 7 payload cases except `submission_files.url`, which v1 emitted and v2 drops (not a SUBMISSION_FILE_STRUCT field).",W8
.v1/phases/01_metadata_extraction/core/normalize/filings.py,232,code,.v1/phases/01_metadata_extraction/tests/test_checkpoints.py;.v1/phases/01_metadata_extraction/tests/test_merge.py;.v1/phases/01_metadata_extraction/tests/test_normalize.py,edgar_sec/engine/submissions/filings.py,230,PORTED,tests/engine/submissions/test_normalizer.py,"v2 `FILING_ARRAY_KEYS:31`, `zip_filing_arrays:58`, `dedupe_filings:144`, `normalize_submission_files:184`; test_ragged_columns_pad_to_longest_without_truncation and test_dedupe_keeps_first_occurrence_and_flags_conflicts","230 v2 lines vs 232 v1 -- a near line-for-line port. One behaviour change: v1 built historical file URLs as f""{SUBMISSIONS_BASE}/{name}"" inline; v2 delegates to `historical_submissions_url()` (phase_2.md §13.2).",W8
.v1/phases/01_metadata_extraction/core/normalize/helpers.py,130,code,.v1/phases/01_metadata_extraction/tests/test_checkpoints.py;.v1/phases/01_metadata_extraction/tests/test_merge.py;.v1/phases/01_metadata_extraction/tests/test_normalize.py,edgar_sec/engine/submissions/helpers.py,148,PORTED_DIVERGED,tests/engine/submissions/test_normalizer.py,"phase_2.md §13.2 ""edgar_sec/domain/sec_urls.py is now the single place an EDGAR URL is assembled""; v2 `build_archive_url:92` delegates to `archives_url()`; tests/domain/test_sec_urls.py (12 tests) pins the builders","Constants and digests were relocated rather than ported: SEC_ARCHIVE_BASE / SEC_SUBMISSIONS_BASE -> edgar_sec/domain/sec_urls.py:20-21; `canonical_json` -> edgar_sec/foundation/serialization.py; `sha256_of` -> edgar_sec/foundation/hashing.py. The functions themselves (add_anomaly, resolve_alias, accession_normalized, build_archive_url, normalize_items, to_bool, to_int, normalize_cik_padded) are all present and tested.",W8
.v1/phases/01_metadata_extraction/core/normalize/profile.py,153,code,.v1/phases/01_metadata_extraction/tests/test_checkpoints.py;.v1/phases/01_metadata_extraction/tests/test_merge.py;.v1/phases/01_metadata_extraction/tests/test_normalize.py,edgar_sec/engine/submissions/profile.py,160,PORTED,tests/engine/submissions/test_normalizer.py,"v2 `PROFILE_KEYS:10`, `ADDRESS_KEYS:37`, `address_field:62`, `zip_listings:67`, `normalize_address:96`, `normalize_former_names:127`","Direct port; test_zip_listings_pads_and_flags, test_normalize_address_distinguishes_absent_from_empty, test_normalize_former_names_shapes all pass on the golden fixtures.",W8
.v1/phases/01_metadata_extraction/core/paths.py,138,code,.v1/phases/01_metadata_extraction/tests/test_augmentation.py;.v1/phases/01_metadata_extraction/tests/test_run_interactive.py;.v1/phases/01_metadata_extraction/tests/test_source_registry.py,edgar_sec/pipelines/metadata_sync/paths.py,132,PORTED_DIVERGED,tests/pipelines/metadata_sync/test_augmentation.py,v2 `MetadataPaths:27` / `RunPaths:81` / `resolve_metadata_paths:102` / `resolve_run_paths:111` keep the `_safe` identifier guard; phase_2.md §4.4 CRITICAL note on deriving transient/manifests roots from artifacts_root,"Layout diverged: v1 exposed registry_snapshot_root / worklist_root / augmentation_partition_dataset_path / snapshot_parts_dir; v2 keeps plan_dir, transient_dir, chunk_file, snapshot_dir/file/manifest, current_pointer, source_* only. The v2 layout is `.artifacts/metadata/plans/{plan_id}/` + `.artifacts/transient/metadata/{plan_id}/chunk_*.parquet`, not v1's `transient/metadata/runs/<run-id>/partitions/...`..",W8
.v1/phases/01_metadata_extraction/core/planning.py,176,code,.v1/phases/01_metadata_extraction/tests/test_application.py;.v1/phases/01_metadata_extraction/tests/test_augmentation.py;.v1/phases/01_metadata_extraction/tests/test_run_interactive.py;.v1/phases/01_metadata_extraction/tests/test_source_registry.py,edgar_sec/pipelines/metadata_sync/planner.py,166,PARTIAL,tests/pipelines/metadata_sync/test_planner.py,v2 `build_plan:48` + `write_plan:112` write a content-derived plan.json; v1 `build_plan:31` also emitted `partitions/partition-XXXXX.json` sidecars and an augmentation branch calling `write_worklist` + `compare_sources`,"Missing parts: the per-partition JSON sidecars, the augmentation-plan branch (compare_sources -> effective_cik_input.csv -> delta worklist), and `plan_hash` on the plan document. v2 reaches augmentation planning through edgar_sec/pipelines/metadata_sync/augmentation.py:plan_delta instead..",W8
.v1/phases/01_metadata_extraction/core/preview.py,90,code,,edgar_sec/pipelines/metadata_sync/smoke_test.py,126,PARTIAL,,"v2 metadata_sync/smoke_test.py:51 `main` does a bounded live fetch; grep -n ""preview"" edgar_sec/pipelines/metadata_sync/cli.py -> no `preview` subparser (cli.py:246-272)","Missing parts: no `preview_sample()` core function, no `preview` CLI subcommand, no `preview_summary.json` (with `client.http.metrics.snapshot()`) artifact, and no per-CIK summary printing. v1 had no test for this file either. Closest v2 home is the credential-gated smoke_test.py, which is deliberately outside pytest.",W8
.v1/phases/01_metadata_extraction/core/registry.py,272,code,.v1/phases/01_metadata_extraction/tests/test_source_registry.py,,,NOT_STARTED,,"grep -rn ""compare_sources|effective_cik_input|registrant_registry|listing_observations|augmentation_worklist|REGISTRY_SCHEMA|WORKLIST_SCHEMA|load_worklist"" edgar_sec/ tests/ -> no hits","`compare_sources` (the derived one-row-per-CIK registrant registry, the four published Parquet artifacts, `effective_cik_input.csv` and `cik_diff.json`) has no v2 equivalent. v2 goes straight from an immutable company_tickers snapshot to `augmentation.plan_delta`. DOC DISCREPANCY: .v1/phases/01_metadata_extraction/README.md:91-95 documents `cli sources compare` as publishing 'listing observations, a one-row-per-CIK registry, a deterministic effective_cik_input.csv compatibility projection ... and a CIK difference report', and roadmap/refactor_v2/phase_1.md Milestone 6.1 marks source_registry.py COMPLETE without ever naming registry.py/compare_sources. Neither v1 README claim nor roadmap acknowledges the drop.",W8
.v1/phases/01_metadata_extraction/core/schemas.py,160,code,.v1/phases/01_metadata_extraction/tests/test_application.py;.v1/phases/01_metadata_extraction/tests/test_checkpoints.py;.v1/phases/01_metadata_extraction/tests/test_input_manifest.py;.v1/phases/01_metadata_extraction/tests/test_merge.py,edgar_sec/domain/submissions/schemas.py,168,PORTED,tests/domain/submissions/test_schemas.py,"v2 `SUBMISSION_METADATA_SCHEMA` and `TERMINAL_STATUSES` with SCHEMA_VERSION ""1.0.0"" (168 lines vs 160); tests/domain/submissions/test_schemas.py",Direct port to Layer 1. All six structs (ADDRESS/FORMER_NAME/LISTING/ANOMALY/FILING/SUBMISSION_FILE) and all 28 top-level columns match. The v1 `import pyarrow` restriction is enforced by v2's layer-boundary rule (schemas.py imports only foundation).,W8
.v1/phases/01_metadata_extraction/core/sec_client.py,127,code,.v1/phases/01_metadata_extraction/tests/test_application.py;.v1/phases/01_metadata_extraction/tests/test_augmentation.py;.v1/phases/01_metadata_extraction/tests/test_run_interactive.py,edgar_sec/pipelines/metadata_sync/sec_client.py,120,PORTED_DIVERGED,tests/pipelines/metadata_sync/test_worker.py,"v2 `SubmissionsClient:47` / `CikFetchResult:26` / `terminal_error:42` -- same symbols; URL shape now from `submissions_url`/`historical_submissions_url` (sec_client.py:18,73,95)","Documented in phase_2.md §13.2. Two behaviours dropped without a roadmap note: the explicit `except ResponseTooLargeError` branch (v1 sec_client.py:89-90) and the 'filings.files entry without a name' historical error (v1 :113). v1's constructor also exposed rate_limiter/retry_policy/timeout_s/metrics/max_failure_attempts/ignore_failure_history pass-throughs, all replaced by `SecSettings`/`from_settings`..",W8
.v1/phases/01_metadata_extraction/core/source_registry.py,278,code,.v1/phases/01_metadata_extraction/tests/test_source_registry.py,edgar_sec/pipelines/metadata_sync/source_registry.py,215,PARTIAL,tests/pipelines/metadata_sync/test_augmentation.py,"v2 `parse_company_tickers:95`, `refresh_company_tickers:137`, `load_source_snapshot:196`, `source_snapshot_id:56` all present and tested; v1 additionally declared LISTING_SCHEMA:31, REGISTRY_SCHEMA:41, WORKLIST_SCHEMA:57, WORKLIST_SPEC:67, `load_worklist:249`","Missing parts: the three PyArrow schemas (they were only consumers of compare_sources/write_worklist, both absent from v2) and `load_worklist`, i.e. the entire Parquet worklist surface. `load_source_snapshot` also lost its `artifacts_root=` parameter..",W8
.v1/phases/01_metadata_extraction/core/storage.py,86,code,.v1/phases/01_metadata_extraction/tests/test_application.py;.v1/phases/01_metadata_extraction/tests/test_checkpoints.py;.v1/phases/01_metadata_extraction/tests/test_merge.py,,,NOT_STARTED,,"grep -rn ""make_checkpoint_store\|make_phase_store\|Phase1CheckpointStore\|DatasetSpec\|RunContext\|make_chunk_backend"" edgar_sec/ tests/ --include=*.py -> no hits",The pluggable `ChunkBackend` composition root (Phase1CheckpointStore / make_checkpoint_store / make_phase_store over defs.storage's DatasetSpec+RunContext+make_chunk_backend) has no v2 counterpart: v2 worker.py calls `write_parquet_table` directly and merger.py calls the infra/storage DuckDB+parquet helpers. The backend-pluggability contract (and with it the `storage_format` choice) is gone; only the JSONL half of that removal is documented (v2_refactor_roadmap.md §3).,W8
.v1/phases/01_metadata_extraction/operator.py,603,code,.v1/phases/01_metadata_extraction/tests/test_config.py;.v1/phases/01_metadata_extraction/tests/test_run_interactive.py,edgar_sec/pipelines/metadata_sync/operator.py,132,PARTIAL,,"v2 `build_operator_menu:56` returns exactly 5 MenuActions (plan/status/run/merge/augment); v1 `interactive_wizard:183` offered 9 choices including preview (1), per-machine partition commands (3), SEC listing-source refresh (s), and augmentation preparation (a), plus `_run_partition_with_progress:97` / `_merge_partition_with_progress:141` / `_merge_final_with_progress:162` stage bars","Missing parts: preview menu, per-machine partition command rendering, `sources refresh` menu item, augmentation-preparation discovery flow, the merge-partition menu item, and the plan-identity-mismatch confirmation. Also NO v2 test: tests/pipelines/filing_catalog/test_cli.py tests the sibling pipeline's operator menu, but nothing tests metadata_sync's.",W8
.v1/phases/01_metadata_extraction/run.py,207,code,.v1/phases/01_metadata_extraction/tests/test_config.py;.v1/phases/01_metadata_extraction/tests/test_run_interactive.py,edgar_sec/pipelines/metadata_sync/operator.py,132,PARTIAL,,"v1 docstring: 'transitional interactive wizard + non-interactive single-chunk runner'; v2 operator.py:126 `main` = `operator_entrypoint(MENU_TITLE, build_operator_menu(), cli_main, argv)`","Absorbed into operator.py, which is also the home of v1's operator.py. Missing parts: v1 `build_parser:36` with `--config`/`--chunk-id`/`--augmentation`/`--source-manifest`/`--base-metadata-manifest` flag pass-through (`--configure` config bootstrap has no v2 home at all, see core/config.py), and `_chunk_row_counts:102`. The root run.py launcher (outside this scope) is the v2 replacement for the v1 `defs/runtime/registry.py` LauncherEntry mechanism.",W8
.v1/phases/01_metadata_extraction/smoke_test.py,67,script,,edgar_sec/pipelines/metadata_sync/smoke_test.py,126,PARTIAL,,"v2 smoke_test.py:1-15 ""Bounded live SEC smoke test. Not part of the pytest suite."" -- explicitly ""deliberately not collected by pytest""","Ported as a standalone script (126 v2 lines vs 67 v1) and hardened: v2 refuses a non-preview artifacts root (smoke_test.py:76-84) and prints per-CIK status from the written checkpoint. PARTIAL only because no v2 test exists by design, so PORTED cannot be claimed under the enum's rule. v1 also had no test.",W8
.v1/phases/01_metadata_extraction/tests/conftest.py,16,test,.v1/phases/01_metadata_extraction/tests/conftest.py,tests/support.py,154,PORTED_DIVERGED,tests/pipelines/metadata_sync/test_augmentation.py,"v1 file is 16 lines: sys.path bootstrap plus `def imp(name): return importlib.import_module(name)`, needed only because the directory name ""01_metadata_extraction"" is not a Python identifier. v2's pipelines/metadata_sync IS importable, so the indirection is gone; edgar_sec's equivalent harness is tests/support.py (154 loc: FakeSession, build_test_client, build_test_http, fixture_path, load_fixture), which is what v2's phase tests actually import.","DOCUMENTED DIVERGENCE: v1 AGENTS.md:""Canonical Layout"" places phase tests at phases/<n>_<name>/tests with fixtures under tests/fixtures/, and v1 AGENTS.md warns the conftest modules COLLIDE when defs/tests and phase tests are collected together (v1 defs/README.md:190-192) - which is exactly why `imp()` existed. v2 AGENTS.md sec.6 removes the collision by making every test directory a package that mirrors the source tree, so imports are unambiguous and the shim is unnecessary. v1_tests left empty: as the directory conftest it applies to all 11 sibling test files rather than a subset.",B-tests
.v1/phases/01_metadata_extraction/tests/test_application.py,491,test,.v1/phases/01_metadata_extraction/tests/test_application.py,edgar_sec/pipelines/metadata_sync/worker.py,268,PARTIAL,tests/pipelines/metadata_sync/test_end_to_end.py,"v2 tests/pipelines/metadata_sync/test_end_to_end.py::test_full_replay_produces_publishable_snapshot and test_replay_is_resumable_and_does_not_refetch, plus test_worker.py's 10 tests, cover plan -> run chunk -> checkpoint with an injected fake session.","Covered: the plan/run/chunk path end to end. MISSING: v1's run_partition + automerge (3 tests, incl. ""skips automerge on failure"" and ""emits merge_stage events""), the JSONL storage end-to-end path (deliberately removed, roadmap sec.3), progress-callback-failure tolerance, and the RunOptions object that v1's fixtures constructed. There is no v2 CLI test for this phase at all (W8 finding 3), so the composition surface v1 exercised here - application.plan/run over a config - has no successor.",B-tests
.v1/phases/01_metadata_extraction/tests/test_augmentation.py,189,test,.v1/phases/01_metadata_extraction/tests/test_augmentation.py,edgar_sec/pipelines/metadata_sync/augmentation.py,228,PORTED,tests/pipelines/metadata_sync/test_augmentation.py,"v2 tests/pipelines/metadata_sync/test_augmentation.py:19 test_parse_company_tickers_normalizes_and_counts, :24/:27 parse rejection, :29 test_source_snapshot_id_is_content_addressed, :30 test_refresh_company_tickers_publishes_immutable_snapshot, :32 test_plan_delta_excludes_base_ciks, :34 test_augment_merges_base_and_delta_without_refetching_base, :35 base snapshot preserved verbatim, :36 augment rejects when nothing new, :37 augment requires existing base, :38 base_snapshot_ciks.",Clean port; the v2 suite is actually broader (it adds the delta-planning and refuse-when-nothing-new cases v1 lacked).,B-tests
.v1/phases/01_metadata_extraction/tests/test_checkpoints.py,114,test,.v1/phases/01_metadata_extraction/tests/test_checkpoints.py,edgar_sec/pipelines/metadata_sync/checkpoints.py,133,PARTIAL,tests/pipelines/metadata_sync/test_checkpoints.py,"v2 tests/pipelines/metadata_sync/test_checkpoints.py has 7 tests: valid checkpoint accepted, missing checkpoint absent, row-count mismatch rejected, foreign fingerprint rejected, unexpected CIK rejected, schema drift rejected, unreadable file rejected.","Covered: checkpoint VALIDATION, which is the load-bearing half. MISSING - a named v1 invariant with no v2 home: the checkpoint FILENAME contract. v1 pinned `chunk_filename(12,11000,11999) == ""submission_metadata-v1.0.0-chunk-00012-011000-011999.parquet""`, the `parse_chunk_filename` round trip, that a `.parquet.tmp` partial is never mistaken for a checkpoint, and that a file declaring another schema version does not satisfy a 1.0.0 request. edgar_sec/pipelines/metadata_sync/checkpoints.py has no chunk_filename/parse_chunk_filename and no .tmp handling (verified by grep). v2 also loses v1's atomic-write assertion (no .tmp left behind) and the failed-row-is-terminal case.",B-tests
.v1/phases/01_metadata_extraction/tests/test_chunks.py,56,test,.v1/phases/01_metadata_extraction/tests/test_chunks.py,edgar_sec/pipelines/metadata_sync/planner.py,166,PORTED,tests/pipelines/metadata_sync/test_planner.py,"v2 tests/pipelines/metadata_sync/test_planner.py:65 `assert sorted(combined) == sorted(plan[""cik_padded""])` is the direct successor of v1's test_assign_chunks_no_overlap_and_full_coverage; :41 determinism, :48 plan_id changes with chunking, :99/:101 tampered and stale plan rejection succeed v1's test_select_chunk_rejects_fingerprint_and_version_mismatch.","DISAGREES WITH STAGE A, which filed this row as PARTIAL. I read the v2 test: full-coverage, contiguity, determinism, content-derived plan id and tamper/stale rejection are all asserted, so the v1 chunk-planning contract is genuinely exercised. Only v1's separate `verify_chunk_assignment` helper and its `plan_hash` (which excluded itself) have no literal successor; v2 derives the plan id from the file digest instead, which is the same tamper-evidence property. Recommend Stage A re-read this row as PORTED.",B-tests
.v1/phases/01_metadata_extraction/tests/test_config.py,417,test,.v1/phases/01_metadata_extraction/tests/test_config.py,,,NOT_STARTED,,`class ProjectConfig`: 0 hits in edgar_sec/ + tests/; `def validate_plan_against_options`: 0 hits in edgar_sec/ + tests/; `def plan_defining_fields`: 0 hits in edgar_sec/ + tests/; `RunOptions`: 5 hits in edgar_sec/ + tests/,"417 loc - the second-largest Phase-01 test - and it has NO successor. v1 persisted a versioned .artifacts/metadata/config.json written atomically by --configure, with a plan-defining-fields check (input_path, artifacts_dir, chunk_size, limit, storage_format) that rejects stale plans. v2's RunOptions (edgar_sec/pipelines/metadata_sync/cli.py:45) is per-invocation and nothing is persisted; v1 AGENTS.md ""Configuration And Plans"" has no counterpart in v2 AGENTS.md and phase_1.md never records the removal (W8 finding 1). v1 AGENTS.md:257 even warned ""Do not rely on `limit`, which only takes a prefix of the input CSV"" - the warning was honoured by deletion, silently.",B-tests
.v1/phases/01_metadata_extraction/tests/test_failure_ledger.py,183,test,.v1/phases/01_metadata_extraction/tests/test_failure_ledger.py,edgar_sec/infra/sec_http/cache.py,252,PARTIAL,tests/infra/sec_http/test_cache.py,"v2 tests/infra/sec_http/test_cache.py::test_failure_ledger_records_and_clears asserts record_failure -> load_failure_entry (permanent flag, failed_runs increment) -> clear_failure, matching v1's ledger surface.","Covered: ledger record/read/clear. MISSING, and these are the behaviours that make a ledger worth having: (a) an EXHAUSTED retry budget is recorded with kind=""transient_exhausted"", last_status and permanent=False; (b) a 404 is recorded permanent AND a brand-new client then fails fast with ZERO HTTP requests - v1 asserted fresh_session.calls == 0, the invariant that stops a run from re-hammering a known dead URL; (c) transient failures ACCUMULATE across sessions until the budget is spent. v2 records the entry but the client-side preflight that consumes it is unasserted.",B-tests
.v1/phases/01_metadata_extraction/tests/test_input_manifest.py,70,test,.v1/phases/01_metadata_extraction/tests/test_input_manifest.py,edgar_sec/pipelines/metadata_sync/manifest.py,99,PORTED_DIVERGED,tests/pipelines/metadata_sync/test_manifest.py,"DOCUMENTED DEVIATION: v1 AGENTS.md:256-257 ""Structural acceptance runs use a fixed sample manifest ... Do not rely on `limit`, which only takes a prefix of the input CSV."" v2 read_cik_manifest(input_path) (edgar_sec/pipelines/metadata_sync/manifest.py:55) therefore has no limit parameter, and v2 tests/pipelines/metadata_sync/test_manifest.py:18 test_mini_manifest_yields_four_usable_ciks, :21 skipped rows, :23 fingerprint determinism, :25 empty cell never becomes CIK zero, :28/:29 failure modes cover the rest.","Same responsibility (CIK CSV -> normalized, deduplicated, fingerprinted manifest with malformed rows reported rather than dropped), intentionally different shape: v1 returned a report dict with report[""duplicates""] as a LIST of offending rows; v2 returns a frozen dataclass with duplicate_count as an INT. The per-row duplicate evidence v1 surfaced is lost, so an operator can no longer see WHICH rows collapsed. The v1 limit-based test test_limit_bounds_rows is dropped with the parameter, per the quoted rule - deliberate, so PORTED_DIVERGED rather than PARTIAL.",B-tests
.v1/phases/01_metadata_extraction/tests/test_merge.py,435,test,.v1/phases/01_metadata_extraction/tests/test_merge.py,edgar_sec/pipelines/metadata_sync/merger.py,248,PARTIAL,tests/pipelines/metadata_sync/test_merger.py,"v2 tests/pipelines/metadata_sync/test_merger.py (14 tests) covers publish/validate: missing chunk rejected, foreign chunk file rejected, wrong-CIK coverage guard, null-CIK guard, foreign fingerprint, row-count mismatch, schema drift, non-terminal status, and duplicate accessions warn-but-do-not-fail.","Covered: single-stage chunk->snapshot merge with the same invariant set, including v1's crucial ""duplicate accessions are reportable fan-out, duplicate CIKs are failures"" distinction. MISSING: the TWO-STAGE protocol (merge-partition -> merge), per-partition receipts, and merge-report regeneration from finalized artifacts without chunk access - merge.py shrank 780 -> 248 loc (W8 finding 4) and phase_1.md records the merge complete without noting the reduction. v1's MergeReport dataclass (partition_id, row_count, filing_record_count, report_source=""finalized_partition_artifact"") has no v2 equivalent, so a merge is no longer self-describing.",B-tests
.v1/phases/01_metadata_extraction/tests/test_normalize.py,311,test,.v1/phases/01_metadata_extraction/tests/test_normalize.py,edgar_sec/engine/submissions/builder.py,297,PORTED,tests/engine/submissions/test_normalizer.py,"v2 tests/engine/submissions/test_normalizer.py:96 test_recent_with_history_matches_oracle_golden, :99 test_mismatched_payload_row_matches_oracle_golden, :102 test_missing_recent_is_ok_with_an_anomaly_not_partial, :103/:104 status partial/failed, :105 non-dict payload, :88 former_names, :89 addresses distinguish absent from empty, :90 ragged columns pad to longest without truncation, :91 dedupe keeps first and flags conflicts, :92 empty contact strings preserved, :86/:93 zip listings and alias resolution.","The richest port in the audit: v1's 24 invariants (null-preserved-not-coerced, unknown address keys FLAGGED not dropped, foreign-location int->bool coercion, listings length mismatch, per-record source_section/source_array_index provenance, accession dedup + accession_conflict, primary_document_missing vs stub, extra_fields capture, alias_conflict, historical error -> partial, retries-exhausted -> failed) all have v2 assertions, and v2 substitutes committed oracle goldens for v1's inline fixtures. Same v1 code row (core/normalize.py) as Stage A's PORTED.",B-tests
.v1/phases/01_metadata_extraction/tests/test_run_interactive.py,686,test,.v1/phases/01_metadata_extraction/tests/test_run_interactive.py,edgar_sec/foundation/runtime/partitions.py,49,PARTIAL,tests/foundation/runtime/test_partitions.py,"v2 tests/foundation/runtime/test_partitions.py:19 test_parse_id_selection_handles_ranges_and_lists, :22 rejection, :25 test_divide_ids_among_workers_preserves_all_elements, :28 more-workers-than-ids - direct successors to v1:39 and v1:50/:62.","Covered: partition selection and balanced contiguous division. MISSING: 12 of v1's 13 tests - the entire 686-line interactive operator wizard (preview, plan, status, partition execution, merge menus), the merge progress bars honouring no-progress, SEC identity validation failing at client build, and the four augmentation-wizard flows (prepare from empty run, convert existing run, adopt existing plan, confirm on flag mismatch). v2 has no tests/pipelines/metadata_sync/test_cli.py at all and edgar_sec/foundation/runtime/interactive.py has zero test coverage (W8 finding 3, W7 finding). DISAGREES WITH STAGE A, which filed this row NOT_STARTED: the two partition helpers are genuinely ported and genuinely tested, so PARTIAL is the accurate verdict and the note names the missing wizard.",B-tests
.v1/phases/01_metadata_extraction/tests/test_sec_http.py,215,test,.v1/phases/01_metadata_extraction/tests/test_sec_http.py,edgar_sec/infra/sec_http/client.py,382,PARTIAL,tests/infra/sec_http/test_client.py,"v2 tests/infra/sec_http/test_client.py:70/:79 (get_json_ex provenance, non-object root), tests/infra/sec_http/test_retry.py (classification, Retry-After, exponential backoff), tests/infra/sec_http/test_rate_limit.py (pacing, non-positive interval rejection).","Covered: the happy path and the retry/rate policies as isolated units. MISSING - v1's per-status behaviour table, which is where the SEC contract actually lives: 404 is permanent and never retried (1 call); other 4xx (403) permanent, 1 call; 429 retries then signals throttling AND RAISES the limiter interval; Retry-After honoured for >= 6.5 s; 500/503 exhaust after exactly 3 sends; requests Timeout and ConnectionError are retryable and must NOT raise the interval; malformed JSON is permanent; 8 concurrent acquisitions never burst below one interval; response-too-large is permanent. v2's status classification is in infra/sec_http/errors.py + retry.py, but only the policy classifier is tested - no v2 test drives a 404/429/503 through the client. A regression that retried a 403 or ignored Retry-After at the client level would pass CI.",B-tests
.v1/phases/01_metadata_extraction/tests/test_source_registry.py,103,test,.v1/phases/01_metadata_extraction/tests/test_source_registry.py,edgar_sec/pipelines/metadata_sync/source_registry.py,215,PARTIAL,tests/pipelines/metadata_sync/test_augmentation.py,"v2 tests/pipelines/metadata_sync/test_augmentation.py:19-30 cover parse_company_tickers, the content-addressed snapshot id, the immutable snapshot publication and the invalid-cik_str rejection - i.e. v1's test_refresh_publishes_immutable_source_snapshot and test_parse_rejects_invalid_entries.","Covered: source snapshot refresh and parsing. MISSING: `registry.compare_sources` (272 loc) in full - the curated-vs-source reconciliation that writes the effective CIK input CSV, the registry JSON, the new-CIKs list and the worklist, with overlap/active_only/curated_only counts and the invariant that none of them live under a `manifests` segment. v2 has no effective_cik_input.csv, no registrant registry and no cik_diff.json (0 v2 hits), and phase_1.md marks source_registry.py complete without naming the removal (W8 finding 2). This is the mechanism that keeps a hand-curated input list in step with SEC's own company_tickers file; without it the drift is silent.",B-tests
.v1/phases/025_webpage_storage/__init__.py,1,code,,,,NOT_STARTED,,"""""""Phase 2.5: raw document acquisition and storage boundary."""""" (only content of the 1-line file)",Package marker for a phase that has no v2 package. v2 root run.py ENTRIES lists only 'metadata' and 'filing-catalog'; there is no edgar_sec/pipelines/document_storage/. 2.5 must create the package and register a launcher entry.,W9
.v1/phases/025_webpage_storage/cli.py,601,code,.v1/phases/025_webpage_storage/tests/test_cli.py;.v1/phases/025_webpage_storage/tests/test_fixture_builder.py;.v1/phases/025_webpage_storage/tests/test_temporal_snapshot.py,,,NOT_STARTED,,"cli.py:166-264 registers subcommands ""merge-partition"", ""merge-to-snapshot"", ""vacuum"", ""status"", ""fill-fixture""; _resolve_plan_dir() calls phases.02_filing_extraction.core.discovery.discover_plans()","Whole 601-line command surface has no v2 equivalent: preview/run/merge-partition/merge-to-snapshot/vacuum/status/fill-fixture, plus _fixture_paths, _materialization_resources (threads/memory_limit/temp_directory from derive_resources), _materialization_progress, and the Phase-02 plan discovery in _resolve_plan_dir. v2 has CLIs only for phases 1 and 2 (pipelines/metadata_sync/cli.py, pipelines/filing_catalog/cli.py). Reusable for the 2.5 CLI: foundation/runtime/progress.py and derive_resources(); the progress-bar callback convention in pipelines/filing_catalog/cli.py:42 _emit_progress.",W9
.v1/phases/025_webpage_storage/core/__init__.py,1,code,,,,NOT_STARTED,,"""""""Core domain logic for Phase 2.5 acquisition and storage.""""""",Package marker; the core package 2.5 needs does not exist in v2.,W9
.v1/phases/025_webpage_storage/core/chunk_cache.py,135,code,.v1/phases/025_webpage_storage/tests/test_pipeline.py,edgar_sec/pipelines/metadata_sync/checkpoints.py,133,PARTIAL,tests/pipelines/metadata_sync/test_checkpoints.py,"v2 discover_completed_chunks()/inspect_chunk()/schema_matches() locate a chunk checkpoint and return None when it is absent, schema-drifted, or carries a foreign input_fingerprint; v1 find_completed_chunk_db()/try_load_completed_chunk() do the same but gate on committed-chunk audit fields processor_fingerprint and normalized_schema_version.","Ported: the preflight 'is this resumability unit already complete, and is it valid for THIS processing contract' pattern, plus the 'return None so the unit is reprocessed rather than rejected' policy. NOT ported: the document-chunk form - a SQLite chunk-XXXXX.db resolved under a run/attempt/worker path, a _committed_chunks audit row, and the stale-fingerprint invalidation (chunk_worker.py:146-155) that drops the audit row and reprocesses from stored raw blobs. 2.5 must reimplement this validation against the document schema; the metadata_sync Parquet variant is not reusable as code, only as the pattern.",W9
.v1/phases/025_webpage_storage/core/chunk_persistence.py,481,code,.v1/phases/025_webpage_storage/tests/test_chunk_worker.py,,,NOT_STARTED,,"_ByteBudget / _run_pipelined_acquisitions / _persist_fetch_result; _PREFETCH_BYTES_BUDGET = 96 * 1024 * 1024, _PREFETCH_ITEM_CAP = 8, _RECLAIM_DOCS_THRESHOLD = 64 (chunk_persistence.py:60-65)","No v2 equivalent. This is the bounded producer-consumer acquisition engine: fetch threads push FetchResult objects into a bounded FIFO while a byte semaphore caps in-flight payloads, and the single coordinator thread owns all writes. 2.5 must build it. Reusable: edgar_sec/foundation/runtime/memory.py::reclaim (67 lines, tested by tests/foundation/runtime/test_memory.py) replaces the v1 defs.runtime.memory.reclaim call sites here and in chunk_worker.py.",W9
.v1/phases/025_webpage_storage/core/chunk_worker.py,483,code,.v1/phases/025_webpage_storage/tests/test_chunk_worker.py,,,NOT_STARTED,,process_chunk() writes _committed_chunks only after 100% of chunk locators are processed and deletes the audit row when processor_fingerprint != expected (chunk_worker.py:146-155); allow_append reopens a completed fixture chunk,"No v2 equivalent. 2.5 must build the isolated per-chunk writer: SQLite PRAGMA setup, create_chunk_schema, committed-chunk preflight, sub-chunk resumption from already-persisted document_blobs/acquisition_failures, streaming insert, and the terminal CommittedChunk audit. The v2 analogue is edgar_sec/pipelines/metadata_sync/worker.py (268 lines, tested by tests/pipelines/metadata_sync/test_worker.py) but it writes Parquet checkpoint files with per-CIK status rows, not a six-table SQLite document store with an audit-gated commit.",W9
.v1/phases/025_webpage_storage/core/exhibit_second_pass.py,280,code,.v1/phases/025_webpage_storage/tests/test_chunk_worker.py,,,NOT_STARTED,,"run_exhibit_second_pass() returns None unless metadata[""decision_action""] == ""refetch_sub_doc"" (exhibit_second_pass.py:195); EXHIBIT_REFETCH_ERROR_PREFIX = ""exhibit_refetch: ""","No v2 equivalent, and it has no dependencies that exist. 2.5 must build: a form evaluator that emits refetch_sub_doc plus target_exhibit decisions, the in-bundle exhibit resolution (retained PEM-stripped SGML bundle -> <DOCUMENT>/<TYPE>/<FILENAME> match), the exhibit blob + normalized-row persistence, the exhibit_doc_id back-link, and filing-year annotation of the locator. v2 has no form evaluator, no SGML reader, and no document tree at all.",W9
.v1/phases/025_webpage_storage/core/fetcher.py,523,code,.v1/phases/025_webpage_storage/tests/test_fetcher.py,,,NOT_STARTED,,extract_from_sgml_envelope() calls strip_pem_envelope/has_sgml_documents/extract_target_sub_document from defs.sec_documents.sgml; is_stub_document_path() treats 0000/0001 paths as stubs; make_archive_fetcher() dispatches FixtureArchiveFetcher | LiveSecArchiveFetcher | BrokerArchiveFetcher,"No v2 equivalent, and not merely a thin gap: the ArchiveFetcher protocol, DocumentLocator/FetchResult types, SGML multi-document unpacking, stub-path policy, full-submission-bundle fallback, offline SQLite CAS fetcher, and the broker RPC fetcher with its read-only warm-cache probe are all absent. 2.5 must build the SPI and all three implementations. Reusable today: edgar_sec/infra/sec_http/client.py (382 lines, tests/infra/sec_http/test_client.py) is the only byte transport, and it already owns pacing, cache, retry and metrics. Note: v2's infra/sec_http/cache.py exposes SqlCache and make_cache_store but NO read-only reader (v1 SqlCacheReader/make_cache_reader), so BrokerArchiveFetcher's cache probe has nothing to attach to, and v2 has no broker process at all.",W9
.v1/phases/025_webpage_storage/core/fixture_builder.py,293,code,.v1/phases/025_webpage_storage/tests/test_fixture_builder.py;.v1/phases/025_webpage_storage/tests/test_cli.py,,,NOT_STARTED,,"fill_fixture() writes compressed raw payloads into a fixture_payloads table and appends a plan_history entry to fixture.manifest.json; it resolves the destination via resolve_paths().fixture(resolved_id, dialect=""sqlite"")","No v2 equivalent. 2.5 must build the offline fixture cache: appendable, reusable by fixture ID, sharing one SecHttpClient across fetch threads, with plan-lineage manifest. Blocked on a foundational gap: v2's ProjectPaths (edgar_sec/foundation/runtime/paths.py, 141 lines) exposes only repo_root/artifacts_root/cache_root/uploads_root - there is no fixture(), FixturePaths, fixtures_root or acceptance_root anywhere in v2, so the shared path contract must be extended first.",W9
.v1/phases/025_webpage_storage/core/partition_handoff.py,143,code,.v1/phases/025_webpage_storage/tests/test_temporal_snapshot.py,,,NOT_STARTED,,"write_handoff() stamps manifest_kind == ""webpage_storage_partition_handoff"" and artifact_sha256; validate_handoffs() raises ""partition handoff coverage mismatch"" when the partition-id set is not exactly 1..partition_count (partition_handoff.py:122-127)","No v2 equivalent for any dataset. v2 has no portable finalized-partition handoff manifest: pipelines/filing_catalog/catalog_job.py resolve_source() reads a dataset manifest only to recover a snapshot_id, and pipelines/metadata_sync/paths.py has no handoff type. 2.5 must build handoff write/validate/discover, including the run-identity and coverage checks that let a coordinator merge partitions produced on other machines.",W9
.v1/phases/025_webpage_storage/core/partition_merger.py,341,code,.v1/phases/025_webpage_storage/tests/test_partition_merger.py;.v1/phases/025_webpage_storage/tests/test_pipeline.py,edgar_sec/pipelines/metadata_sync/merger.py,248,PARTIAL,tests/pipelines/metadata_sync/test_merger.py,"v2 validate_chunks()/merge_chunks()/publish_snapshot() implement the coordinator role: validate every transient chunk, reject foreign/short/mis-fingerprinted ones, and publish one immutable dataset as the only writer; v1 merge_partition() does the same over SQLite using Attach/Detach in ATTACH_BATCH_SIZE = 8 batches with DoNothing() inserts and create_partition_indexes() after the final batch","Ported: the coordinator-merge contract (only the coordinator writes canonical storage; every fragment is validated before merge; idempotent re-merge; a typed PartitionMergeResult/MergeReport). NOT ported: the six-table document merge (document_blobs, filing_occurrences, _committed_chunks, acquisition_failures, normalized_documents, normalization_failures), SQLite ATTACH batching, _committed_chunks-derived chunk identity and skip, per-table row counts, and append_occurrences(). 2.5 must build all of that. There is no SQLite executor in v2 at all - infra/storage/duckdb.py is the only query engine - so the attach-based merge cannot be reused as code.",W9
.v1/phases/025_webpage_storage/core/partition_reader.py,226,code,.v1/phases/025_webpage_storage/tests/test_temporal_snapshot.py,,,NOT_STARTED,,"PartitionBatchReader.iter_rows() keyset-paginates on (doc_id, occurrence_id) and calls choose_normalized() to pick exactly one artifact per source_doc_id, raising ""conflicting normalized payloads for doc_id(s)""","No v2 equivalent. 2.5 must build a bounded reader over a finalized partition that (a) streams occurrence+normalized joined rows in keyset pages, (b) applies the with_payload=False metadata-only projection so planning passes never touch blob pages, (c) resolves one deterministic normalized artifact per source document with a conflict check, and (d) offers fetch_payloads() for a bounded doc_id set. v2 has no streaming relation reader; pipelines/metadata_sync/merger.py reads whole Parquet files.",W9
.v1/phases/025_webpage_storage/core/pipeline.py,444,code,.v1/phases/025_webpage_storage/tests/test_pipeline.py;.v1/phases/025_webpage_storage/tests/test_cli.py,,,NOT_STARTED,,"run_partition() uses ProcessPoolExecutor(mp_context=spawn, max_tasks_per_child=8) with a bounded in-flight window max_in_flight = workers + 4, preflights completed chunks, and refuses to reuse a run_id bound to a different plan_id (pipeline.py:149-156)","No v2 equivalent. 2.5 must build the end-to-end acquisition coordinator: base-snapshot-aware work selection, chunk slicing, the process pool and its bounded window, the run_metadata.json plan-binding collision guard, and the merge + handoff epilogue. FLAG (roadmap discrepancy candidate): v2's own phase-1 pipeline is single-process - pipelines/metadata_sync/cli.py:159-162 loops chunks serially and edgar_sec/pipelines/metadata_sync/worker.py:130 uses ThreadPoolExecutor only INSIDE one chunk. If the v2 roadmap claims process-level worker pools, this is the file that would have to change.",W9
.v1/phases/025_webpage_storage/core/processor.py,271,code,.v1/phases/025_webpage_storage/tests/test_filing_processor.py;.v1/phases/025_webpage_storage/tests/test_chunk_worker.py;.v1/phases/025_webpage_storage/tests/test_pipeline.py;.v1/phases/025_webpage_storage/tests/test_document_corpus.py,,,NOT_STARTED,,"DefaultFilingProcessor.processor_fingerprint = ""default-filing-processor:v3""; DocumentProcessor is a @runtime_checkable Protocol with `async def process(raw_bytes, locator)`; execute_processor() reuses a thread-local asyncio loop","No v2 equivalent, and this is the SPI 2.5 must define first. 2.5 must build: the DocumentProcessor protocol, the async-to-sync execute_processor bridge, NoOpDocumentProcessor, and DefaultFilingProcessor. Every dependency is absent from v2 - DocumentPreprocessor, DocumentNormalizer, get_evaluator, PageArtifactPolicy, count_words - and so is the whole document-representation layer that decides representation, cover boundary, TOC span, body-start anchor, closing region, reflow counts and page-marker statistics. WARNING for the 2.5 plan: processor_fingerprint is a PERSISTED compatibility key (committed chunks are invalidated when it changes, schemas.py:378 normalized_artifact_id mixes it into the artifact id), so its value is a migration decision, not a copy.",W9
.v1/phases/025_webpage_storage/core/queries.py,166,code,.v1/phases/025_webpage_storage/tests/test_temporal_snapshot.py,,,NOT_STARTED,,effective_snapshot_relations() uses ROW_NUMBER() OVER (PARTITION BY occurrence_id ORDER BY _snapshot_rank DESC) to deduplicate layered snapshots; relation_key_rows() builds a raw SQL string with ? placeholders,"No v2 equivalent. 2.5 must build the DuckDB relation layer for layered temporal snapshots: ranked union of part relations, effective index/payload dedup, bounded key lookups, quarter grouping, and per-quarter doc-range payload joins. Note two structural blockers: v2 has no SQL AST/compiler layer (v1 defs/sql), and infra/storage/duckdb_catalog.py (315 lines) builds catalog materialization SQL only - it has no layered-snapshot dedup and no quarter partitioning.",W9
.v1/phases/025_webpage_storage/core/records.py,187,code,.v1/phases/025_webpage_storage/tests/test_schemas.py;.v1/phases/025_webpage_storage/tests/test_chunk_worker.py,,,NOT_STARTED,,"frozen slots dataclasses RawDocumentBlob, NormalizedDocument, NormalizationFailure, FilingOccurrence, CommittedChunk, AcquisitionFailure, DocumentLocator, FetchResult; FetchResult.source_payload is documented as ""Dropped after processing; never written to storage.""","No v2 equivalent. These are the phase's row types and the boundary types of both SPIs (DocumentLocator in, FetchResult and ProcessedDocument out). 2.5 must define them. v2 has no analogue: edgar_sec/domain/submissions/models.py (105 lines) and edgar_sec/domain/filing_catalog/schemas.py (171 lines) describe metadata/catalog records, not stored documents, and no v2 module defines a locator or a fetch result.",W9
.v1/phases/025_webpage_storage/core/run_status.py,115,code,.v1/phases/025_webpage_storage/tests/test_temporal_snapshot.py;.v1/phases/025_webpage_storage/tests/test_cli.py,edgar_sec/pipelines/filing_catalog/cli.py,231,PARTIAL,tests/pipelines/filing_catalog/test_cli.py,"v2 cmd_status (filing_catalog/cli.py:132) reports published state from manifests only and is exercised by test_materialize_then_plan_then_status / test_status_on_an_empty_root; v1 status() counts DOCUMENT_BLOBS_TABLE, FILING_OCCURRENCES_TABLE, ACQUISITION_FAILURES_TABLE and COMMITTED_CHUNKS_TABLE and returns snapshot_eligible","Ported: a status command that reports run state without refetching source data, reading manifests rather than the network. NOT ported: the document-side reporting - per-table record counts on a partition database, run_metadata.json loading, chunk-db discovery under the transient run root, handoff-validated finalized-partition coverage (finalized_partition_ids, missing_partition_ids, invalid_handoffs) and the snapshot_eligible gate that decides whether a run is safe to merge. 2.5 must build those.",W9
.v1/phases/025_webpage_storage/core/schemas.py,466,code,.v1/phases/025_webpage_storage/tests/test_schemas.py;.v1/phases/025_webpage_storage/tests/test_chunk_worker.py;.v1/phases/025_webpage_storage/tests/test_fetcher.py;.v1/phases/025_webpage_storage/tests/test_fixture_builder.py;.v1/phases/025_webpage_storage/tests/test_partition_merger.py;.v1/phases/025_webpage_storage/tests/test_pipeline.py;.v1/phases/025_webpage_storage/tests/test_temporal_snapshot.py;.v1/phases/025_webpage_storage/tests/test_filing_processor.py;.v1/phases/025_webpage_storage/tests/test_document_corpus.py;.v1/phases/025_webpage_storage/tests/conftest.py,,,NOT_STARTED,,"SCHEMA_VERSION = 2; NORMALIZED_SCHEMA_VERSION = 2; ZSTD_COMPRESSION_LEVEL = 3; doc_id() = sha256(f""{accession}:{document_path}""); normalized_artifact_id() = sha256(f""{raw_digest}:{processor_fingerprint}:{schema_version}""); MIME_HTML/MIME_TEXT/MIME_XML/MIME_BINARY and detect_mime()","No v2 equivalent: v2 has no SQLite, no zstandard blob store, and no DDL builders. 2.5 must define the six-table physical schema, the five indexes, the zstd payload codec, and the MIME-by-suffix policy. IMPORTANT REUSE: the doc_id formula is ALREADY implemented in v2 at edgar_sec/infra/storage/duckdb_catalog.py:155 as sha256(accession || ':' || document_path) AS document_locator_key, pinned by tests/pipelines/filing_catalog/test_phase25_contract.py:124-127 - 2.5 must reuse that key rather than re-derive a second digest for the same document. normalized_artifact_id has no v2 counterpart and must be new.",W9
.v1/phases/025_webpage_storage/core/snapshot.py,664,code,.v1/phases/025_webpage_storage/tests/test_temporal_snapshot.py,,,NOT_STARTED,,"plan_payload_parts() packs documents into payload parts of at most target_bytes in doc_id order per (year, quarter); SnapshotReader._safe_path() raises ""snapshot part escapes artifact root""; filing_quarter() returns f""QTR{((parsed.month - 1) // 3) + 1}""","No v2 equivalent, and the closest v2 concept is materially different: every v2 snapshot is a single Parquet file (MetadataPaths.snapshot_file), whereas this module publishes an index/payload part tree by filing quarter with per-part SHA-256 in a resolved_parts manifest, an incremental inheritance model, and a hash-verifying reader. 2.5 must build the two-pass plan/materialize publisher, the deterministic part packer, the snapshot-id function, and SnapshotReader with its path-escape and hash checks. Reusable: defs.runtime.artifacts make/publish/resolve_snapshot_manifest have no v2 equivalent yet either, but edgar_sec/foundation/runtime/paths.py current_pointer_path() and the manifest+pointer pattern in pipelines/filing_catalog/publication.py are the shape to build on.",W9
.v1/phases/025_webpage_storage/core/snapshot_merge.py,485,code,.v1/phases/025_webpage_storage/tests/test_temporal_snapshot.py,,,NOT_STARTED,,_plan_delta_rows() resolves each batch against the base snapshot with _bounded_base_rows() and reuses the inherited base payload_file instead of rewriting the shared payload; merge_partitions_to_snapshot() falls back to publish_projected_snapshot when there is no base snapshot (snapshot_merge.py:459-470),"No v2 equivalent. 2.5 must build incremental snapshot publication: a metadata-only delta pass with bounded base lookups, per-occurrence and per-payload conflict detection, inherited-payload reuse, delta fingerprinting, and the resulting parent-linked manifest. Nothing in v2 publishes a delta against a parent snapshot - pipelines/metadata_sync/augmentation.py (228 lines) appends CIK deltas to a metadata snapshot but shares none of this part-inheritance machinery.",W9
.v1/phases/025_webpage_storage/core/targets.py,203,code,.v1/phases/025_webpage_storage/tests/test_target_provenance.py;.v1/phases/025_webpage_storage/tests/test_pipeline.py;.v1/phases/025_webpage_storage/tests/test_cli.py;.v1/phases/025_webpage_storage/tests/test_fixture_builder.py,,,NOT_STARTED,,"load_targets() requires REQUIRED_LOCATOR_COLUMNS = (""document_locator_key"", ""representative_accession"", ""document_path"", ""archive_url"", ""form"") from locator_groups.parquet and REQUIRED_TARGET_COLUMNS from targets/form=*/data.parquet, raising ""target references unknown document locator""; partition_locators() is round-robin over locator_key order","No v2 equivalent: no v2 module reads a published plan bundle into locators and occurrences. The narrowest thing in v2 is pipelines/filing_catalog/expansion.py:110 plan_locator_keys(), which reads a single document_locator_key column for scaling a plan. 2.5 must write the loader (the plan-bundle consumer), the provenance cross-check, partition_locators round-robin slicing, and calculate_optimal_chunk_size. REUSE: the producer side is already built and pinned - pipelines/filing_catalog/paths.py (LOCATOR_GROUPS_NAME, REQUIRED_PLAN_FILES, resolve_filing_catalog_paths), publication.plan_bundle_complete(), domain/filing_catalog/schemas.py TARGET_COLUMNS, and tests/pipelines/filing_catalog/test_phase25_contract.py, which already asserts this is a complete work order with one row per unique document and a fetchable archive_url.",W9
.v1/phases/025_webpage_storage/core/vacuum.py,449,code,.v1/phases/025_webpage_storage/tests/test_temporal_snapshot.py,,,NOT_STARTED,,"vacuum_snapshots() materializes each (year, quarter) in a ThreadPoolExecutor; _expand_dependency_closure() refuses to purge snapshots whose parts a retained snapshot still lists","No v2 equivalent. 2.5 must build snapshot compaction: effective-relation construction over selected snapshots, payload-conflict validation, per-quarter parallel materialization with a thread-count bounded by DuckDB threads, dependency-closure-aware purge, and cleanup of a half-written snapshot directory on failure. v2 has no compaction, no retention or GC concept, and no multi-snapshot union anywhere.",W9
.v1/phases/025_webpage_storage/run.py,311,code,,edgar_sec/foundation/runtime/interactive.py,111,PARTIAL,tests/pipelines/filing_catalog/test_cli.py,"v2 operator_entrypoint is documented as ""Dispatch a pipeline operator: menu with no arguments, CLI otherwise"" (interactive.py:90) and is wired per phase through operator.py + root run.py ENTRIES, exercised by test_operator_menu_exposes_the_three_actions / test_operator_actions_delegate_to_the_cli_commands; v1 run.py:main implements the same menu-vs-CLI policy over a 9-item Phase-2.5 menu","Ported: the launcher shim mechanism (interactive menu with no argv, verbatim argv forwarding to the phase CLI), now generalised into foundation/runtime/interactive.py rather than restated per phase. NOT ported: every Phase-2.5-specific piece - v2 run.py ENTRIES lists only 'metadata' and 'filing-catalog' and there is no pipelines/document_storage/operator.py, so _select_target_plan, _select_finalized_run/_finalized_run_candidates and append_fixture have no v2 counterpart. FINDING: no v1 test imports run.py either, so all 311 lines are untested in v1; 2.5 should not treat it as behaviour to preserve verbatim.",W9
.v1/phases/025_webpage_storage/testing/__init__.py,23,code,.v1/phases/025_webpage_storage/tests/test_document_corpus.py;.v1/phases/025_webpage_storage/tests/test_document_goldens.py,,,NOT_STARTED,,,"Package marker re-exporting the corpus/review helpers (line 1: `from .corpus import (`). 23 loc of re-exports, no behaviour. Its whole package is unexecuted in v2 - see the corpus/review/paths rows.",B-tests
.v1/phases/025_webpage_storage/testing/corpus.py,208,code,.v1/phases/025_webpage_storage/tests/test_document_corpus.py;.v1/phases/025_webpage_storage/tests/test_document_goldens.py,,,NOT_STARTED,,`class DatasetSpec`: 0 hits in edgar_sec/ + tests/; `def read_records`: 0 hits in edgar_sec/ + tests/; `def find_document_corpus`: 0 hits in edgar_sec/ + tests/,"Golden-corpus loader: reads document_corpus_v1.parquet through v1's DatasetSpec/read_records (both 0 v2 hits) and resolves fixture roots. roadmap sec.1.5 Tier 2 relocates it verbatim to `testing/goldens/corpus.py` (""from phase 025 testing/corpus.py""); that directory does not exist.",B-tests
.v1/phases/025_webpage_storage/testing/paths.py,76,code,.v1/phases/025_webpage_storage/tests/test_document_corpus.py;.v1/phases/025_webpage_storage/tests/test_document_goldens.py,,,NOT_STARTED,,`class FixturePaths`: 0 hits in edgar_sec/ + tests/; `def document_manifest_path`: 0 hits in edgar_sec/ + tests/; `def find_document_corpus`: 0 hits in edgar_sec/ + tests/,Fixture-root resolution built on v1's `FixturePaths` and `resolve_paths` - the exact surface W9 finding 2 and this audit's test_paths.py row both show is absent from v2's ProjectPaths. roadmap sec.1.5 Tier 2 relocates it to testing/goldens/paths (unexecuted).,B-tests
.v1/phases/025_webpage_storage/testing/review.py,263,code,.v1/phases/025_webpage_storage/tests/test_document_corpus.py;.v1/phases/025_webpage_storage/tests/test_document_goldens.py,,,NOT_STARTED,,`def parse_html`: 0 hits in edgar_sec/ + tests/; `class DefaultFilingProcessor`: 0 hits in edgar_sec/ + tests/; `class DocumentLocator`: 0 hits in edgar_sec/ + tests/,"Visual review generator (.txt, .html, .diff, .analysis.json) built on defs.text.html.parse_html and Phase-025's DefaultFilingProcessor - both 0 v2 hits. roadmap sec.1.5 Tier 2 relocates it to `testing/goldens/review.py` and relies on it to supersede three purged scripts; since the relocation is unexecuted, those three scripts are neither ported nor legitimately purged (see dump_table_corpus.py / dump_table_review_set.py rows).",B-tests
.v1/phases/025_webpage_storage/tests/__init__.py,1,test,,,,NOT_STARTED,,,"Package marker making the Phase-025 test directory a package (1 line). v2's equivalent is tests/pipelines/__init__.py, and v2 AGENTS.md sec.6.1 makes every test directory a package as a hard requirement, so the convention was adopted wholesale. No behavioural content to lose.",B-tests
.v1/phases/025_webpage_storage/tests/conftest.py,199,test,.v1/phases/025_webpage_storage/tests/conftest.py,,,NOT_STARTED,,`def build_fixture_sqlite`: 0 hits in edgar_sec/ + tests/; `def make_sql_executor`: 0 hits in edgar_sec/ + tests/; `def resolve_paths`: 1 hits in edgar_sec/ + tests/,"Phase 2.5 / Phase 025 has no v2 implementation whatsoever: no document, SGML, broker, SQLite-chunk or webpage-storage module exists in edgar_sec/ (CONTEXT sec.5), and roadmap refactor_v2/v2_refactor_roadmap.md:586 marks all four subsystem blueprints ""Track 2 / Phase 2.5+ ... unstarted"". The v1 test is therefore the only surviving specification of the behaviour 2.5 must build. This conftest is not a bootstrap but real fixture machinery (199 loc): build_fixture_sqlite, build_phase02_bundle, and an importlib shim keyed on defs.runtime.paths/defs.sql/defs.storage - the latter two of which v2 only partially has (there is no SQL executor and no SQLite).",B-tests
.v1/phases/025_webpage_storage/tests/test_chunk_worker.py,672,test,.v1/phases/025_webpage_storage/tests/test_chunk_worker.py,,,NOT_STARTED,,`def make_sql_executor`: 0 hits in edgar_sec/ + tests/; `def insert_values`: 0 hits in edgar_sec/ + tests/; `def make_cache_store`: 1 hits in edgar_sec/ + tests/,"Phase 2.5 / Phase 025 has no v2 implementation whatsoever: no document, SGML, broker, SQLite-chunk or webpage-storage module exists in edgar_sec/ (CONTEXT sec.5), and roadmap refactor_v2/v2_refactor_roadmap.md:586 marks all four subsystem blueprints ""Track 2 / Phase 2.5+ ... unstarted"". The v1 test is therefore the only surviving specification of the behaviour 2.5 must build. 672 loc, the largest Phase-025 test: chunk DB create/insert/commit/delete, the six-table chunk schema, async chunk processing, and worker-level transaction semantics. v2's SQLite chunk tier is 0 hits - W9 finding 3 calls the entire 2.5 storage spine new work, not a repackaging.",B-tests
.v1/phases/025_webpage_storage/tests/test_cli.py,146,test,.v1/phases/025_webpage_storage/tests/test_cli.py,,,NOT_STARTED,,`def make_sql_executor`: 0 hits in edgar_sec/ + tests/,"Phase 2.5 / Phase 025 has no v2 implementation whatsoever: no document, SGML, broker, SQLite-chunk or webpage-storage module exists in edgar_sec/ (CONTEXT sec.5), and roadmap refactor_v2/v2_refactor_roadmap.md:586 marks all four subsystem blueprints ""Track 2 / Phase 2.5+ ... unstarted"". The v1 test is therefore the only surviving specification of the behaviour 2.5 must build. 146 loc of the phase-025 command surface. v2 has no pipelines/document_storage/ package (W10: no tools/ dir, no document_storage package).",B-tests
.v1/phases/025_webpage_storage/tests/test_document_corpus.py,242,test,.v1/phases/025_webpage_storage/tests/test_document_corpus.py,,,NOT_STARTED,,`def convert_html_tables_to_ascii`: 0 hits in edgar_sec/ + tests/; `def parse_html`: 0 hits in edgar_sec/ + tests/,"Phase 2.5 / Phase 025 has no v2 implementation whatsoever: no document, SGML, broker, SQLite-chunk or webpage-storage module exists in edgar_sec/ (CONTEXT sec.5), and roadmap refactor_v2/v2_refactor_roadmap.md:586 marks all four subsystem blueprints ""Track 2 / Phase 2.5+ ... unstarted"". The v1 test is therefore the only surviving specification of the behaviour 2.5 must build. 242 loc. This is the promoted-corpus and expectation-promotion regression, and its v1_tests column names the helper package that made it possible (see the testing/*.py rows).",B-tests
.v1/phases/025_webpage_storage/tests/test_document_goldens.py,104,test,.v1/phases/025_webpage_storage/tests/test_document_goldens.py,,,NOT_STARTED,,`def compare_golden_value`: 0 hits in edgar_sec/ + tests/; `def parse_html`: 0 hits in edgar_sec/ + tests/,"Phase 2.5 / Phase 025 has no v2 implementation whatsoever: no document, SGML, broker, SQLite-chunk or webpage-storage module exists in edgar_sec/ (CONTEXT sec.5), and roadmap refactor_v2/v2_refactor_roadmap.md:586 marks all four subsystem blueprints ""Track 2 / Phase 2.5+ ... unstarted"". The v1 test is therefore the only surviving specification of the behaviour 2.5 must build. MOST CONSEQUENTIAL LOSS IN THE AUDIT. v1's golden gate compared normalized document output against committed expectations and persisted divergence evidence on mismatch, keyed by a resolve_paths()-located corpus and a SHA-256 manifest. roadmap sec.1.5 Tier 2 promises the v2 equivalent (`testing/goldens/` + `python check.py --goldens`) and neither exists. 2.5 would be building a document normalizer with no regression oracle at all.",B-tests
.v1/phases/025_webpage_storage/tests/test_fetcher.py,434,test,.v1/phases/025_webpage_storage/tests/test_fetcher.py,,,NOT_STARTED,,`class SecBrokerClient`: 0 hits in edgar_sec/ + tests/; `def parse_archive_url`: 0 hits in edgar_sec/ + tests/; `def full_submission_url_for`: 0 hits in edgar_sec/ + tests/,"Phase 2.5 / Phase 025 has no v2 implementation whatsoever: no document, SGML, broker, SQLite-chunk or webpage-storage module exists in edgar_sec/ (CONTEXT sec.5), and roadmap refactor_v2/v2_refactor_roadmap.md:586 marks all four subsystem blueprints ""Track 2 / Phase 2.5+ ... unstarted"". The v1 test is therefore the only surviving specification of the behaviour 2.5 must build. 434 loc, the acquisition contract: broker fetch, force-refresh, cache interaction, SQLite-chunk persistence and archive-URL round-tripping. Three of its four v1 dependencies are also unported (broker, SqlCacheReader, SQL executor).",B-tests
.v1/phases/025_webpage_storage/tests/test_filing_processor.py,297,test,.v1/phases/025_webpage_storage/tests/test_filing_processor.py,,,NOT_STARTED,,`class PageArtifactPolicy`: 0 hits in edgar_sec/ + tests/; `def insert_values`: 0 hits in edgar_sec/ + tests/; `def make_sql_executor`: 0 hits in edgar_sec/ + tests/,"Phase 2.5 / Phase 025 has no v2 implementation whatsoever: no document, SGML, broker, SQLite-chunk or webpage-storage module exists in edgar_sec/ (CONTEXT sec.5), and roadmap refactor_v2/v2_refactor_roadmap.md:586 marks all four subsystem blueprints ""Track 2 / Phase 2.5+ ... unstarted"". The v1 test is therefore the only surviving specification of the behaviour 2.5 must build. 297 loc. v1's declared page-artifact policy (strip/annotate/preserve, recorded in artifact metadata) is also a v1 AGENTS.md Storage Rule with no v2 owner.",B-tests
.v1/phases/025_webpage_storage/tests/test_fixture_builder.py,365,test,.v1/phases/025_webpage_storage/tests/test_fixture_builder.py,,,NOT_STARTED,,`class FixturePaths`: 0 hits in edgar_sec/ + tests/; `def make_sql_executor`: 0 hits in edgar_sec/ + tests/; `def col`: 1 hits in edgar_sec/ + tests/,"Phase 2.5 / Phase 025 has no v2 implementation whatsoever: no document, SGML, broker, SQLite-chunk or webpage-storage module exists in edgar_sec/ (CONTEXT sec.5), and roadmap refactor_v2/v2_refactor_roadmap.md:586 marks all four subsystem blueprints ""Track 2 / Phase 2.5+ ... unstarted"". The v1 test is therefore the only surviving specification of the behaviour 2.5 must build. 365 loc. It is also the clearest statement of the missing path surface: it resolves fixtures through v1's `FixturePaths`, and FixturePaths has 0 v2 hits (W9 finding 2). 2.5 needs a fixture cache, a review-run root and an acceptance root; v2's ProjectPaths exposes four roots and nothing else.",B-tests
.v1/phases/025_webpage_storage/tests/test_partition_merger.py,202,test,.v1/phases/025_webpage_storage/tests/test_partition_merger.py,,,NOT_STARTED,,`def insert_values`: 0 hits in edgar_sec/ + tests/; `def make_sql_executor`: 0 hits in edgar_sec/ + tests/,"Phase 2.5 / Phase 025 has no v2 implementation whatsoever: no document, SGML, broker, SQLite-chunk or webpage-storage module exists in edgar_sec/ (CONTEXT sec.5), and roadmap refactor_v2/v2_refactor_roadmap.md:586 marks all four subsystem blueprints ""Track 2 / Phase 2.5+ ... unstarted"". The v1 test is therefore the only surviving specification of the behaviour 2.5 must build. 202 loc: ATTACH-batched partition merge over SQLite chunk DBs. v2 has no SQLite and no ATTACH-batched merge (W9 finding 3).",B-tests
.v1/phases/025_webpage_storage/tests/test_pipeline.py,366,test,.v1/phases/025_webpage_storage/tests/test_pipeline.py,,,NOT_STARTED,,`def make_sql_executor`: 0 hits in edgar_sec/ + tests/; `def col`: 1 hits in edgar_sec/ + tests/,"Phase 2.5 / Phase 025 has no v2 implementation whatsoever: no document, SGML, broker, SQLite-chunk or webpage-storage module exists in edgar_sec/ (CONTEXT sec.5), and roadmap refactor_v2/v2_refactor_roadmap.md:586 marks all four subsystem blueprints ""Track 2 / Phase 2.5+ ... unstarted"". The v1 test is therefore the only surviving specification of the behaviour 2.5 must build. 366 loc. Its two headline fixtures - build_phase02_bundle and build_fixture_sqlite - live in the orphaned conftest above, so the phase's test infrastructure is itself unported.",B-tests
.v1/phases/025_webpage_storage/tests/test_schemas.py,81,test,.v1/phases/025_webpage_storage/tests/test_schemas.py,,,NOT_STARTED,,`def make_sql_executor`: 0 hits in edgar_sec/ + tests/; `def doc_id`: 0 hits in edgar_sec/ + tests/,"Phase 2.5 / Phase 025 has no v2 implementation whatsoever: no document, SGML, broker, SQLite-chunk or webpage-storage module exists in edgar_sec/ (CONTEXT sec.5), and roadmap refactor_v2/v2_refactor_roadmap.md:586 marks all four subsystem blueprints ""Track 2 / Phase 2.5+ ... unstarted"". The v1 test is therefore the only surviving specification of the behaviour 2.5 must build. 81 loc pinning the six-table Phase-025 SQL schema and the doc_id digest. v1 had TWO competing identity implementations (W10 finding 2); v2 adopted the plain sha256(accession||':'||document_path) form, already pinned at tests/pipelines/filing_catalog/test_phase25_contract.py, so 2.5 must reuse that key rather than re-derive it - this test must be rewritten, not ported.",B-tests
.v1/phases/025_webpage_storage/tests/test_target_provenance.py,100,test,.v1/phases/025_webpage_storage/tests/test_target_provenance.py,,,NOT_STARTED,,`def write_table_atomic`: 0 hits in edgar_sec/ + tests/,"Phase 2.5 / Phase 025 has no v2 implementation whatsoever: no document, SGML, broker, SQLite-chunk or webpage-storage module exists in edgar_sec/ (CONTEXT sec.5), and roadmap refactor_v2/v2_refactor_roadmap.md:586 marks all four subsystem blueprints ""Track 2 / Phase 2.5+ ... unstarted"". The v1 test is therefore the only surviving specification of the behaviour 2.5 must build. 100 loc: the target-provenance contract (which phase produced which locator, and when).",B-tests
.v1/phases/025_webpage_storage/tests/test_temporal_snapshot.py,343,test,.v1/phases/025_webpage_storage/tests/test_temporal_snapshot.py,,,NOT_STARTED,,`def insert_values`: 0 hits in edgar_sec/ + tests/; `def make_sql_executor`: 0 hits in edgar_sec/ + tests/,"Phase 2.5 / Phase 025 has no v2 implementation whatsoever: no document, SGML, broker, SQLite-chunk or webpage-storage module exists in edgar_sec/ (CONTEXT sec.5), and roadmap refactor_v2/v2_refactor_roadmap.md:586 marks all four subsystem blueprints ""Track 2 / Phase 2.5+ ... unstarted"". The v1 test is therefore the only surviving specification of the behaviour 2.5 must build. 343 loc: temporal/snapshot isolation across runs. No v2 temporal or snapshot-isolation concept outside the pointer/discovery tests.",B-tests
.v1/phases/025_webpage_storage/tools/__init__.py,1,code,,,,NOT_STARTED,,"""""""Command-line tools for Phase 025 fixture and document review workflows.""""""","Package marker; the tools package 2.5 needs does not exist in v2. Note that all seven tools in this directory are -m entry points with argparse mains, which v2's clean-exit scanner permits only in CLI entrypoints, so 2.5 will need the same run.py/entrypoint registration treatment the two existing pipelines got.",W9
.v1/phases/025_webpage_storage/tools/build_document_review_artifacts.py,153,code,.v1/phases/025_webpage_storage/tests/test_document_corpus.py,,,NOT_STARTED,,Runs process_and_write_review_case per record in a ProcessPoolExecutor(max_workers=default_cpu_cores()) and writes review_manifest.jsonl,"No v2 equivalent. 2.5 must build the review-artifact generator. Reusable: edgar_sec/foundation/runtime/resources.py derive_resources() (279 lines, tested by tests/foundation/runtime/test_resources.py) replaces v1's default_cpu_cores() and satisfies the AGENTS.md cgroup-aware worker-budgeting rule that v1 violates; edgar_sec/foundation/runtime/progress.py (100 lines) replaces the tqdm dependency; and v2 already has a document-independent pattern for this in .v1's defs/tests table tools, not in v2.",W9
.v1/phases/025_webpage_storage/tools/chunk_document_reviews.py,52,code,,,,NOT_STARTED,,Deterministic fixed-size split of review_manifest.jsonl into batch-NNN.jsonl plus a batches.json index; no v1 test imports it,"No v2 equivalent. 2.5 must build it if the manual-review workflow is retained. Small, and it is the only tool in the package with no v1 test coverage at all - treat its 52 lines as unverified behaviour, not as a specification.",W9
.v1/phases/025_webpage_storage/tools/dump_document_review_set.py,64,code,,,,NOT_STARTED,,"Renders selected cases into one concatenated review file, matching --id/--ids-file tokens by exact document_id or case-insensitive document_path ending; no v1 test imports it","No v2 equivalent. 2.5 must build it if the workflow is retained; it depends on testing/corpus.py find_document_cases and testing/review.py process_and_write_review_case, both unported.",W9
.v1/phases/025_webpage_storage/tools/dump_documents.py,130,code,,,,NOT_STARTED,,"NORMALIZED_DOCUMENTS_TABLE = ""normalized_documents""; decompresses normalized_payload with zstandard.ZstdDecompressor() into <out>/<doc_id>/<artifact_id>.md; no v1 test imports it","No v2 equivalent. 2.5 must build it if a partition dumper is wanted. Note v2 has no zstandard blob dependency at all - infra/storage/parquet.py uses zstd only as Parquet compression codec - so a normalized-payload BLOB store is a new v2 dependency decision, not an existing facility.",W9
.v1/phases/025_webpage_storage/tools/promote_document_corpus.py,317,code,.v1/phases/025_webpage_storage/tests/test_document_corpus.py,,,NOT_STARTED,,"build_records() decompresses document_blobs.raw_payload and raises ""source hash mismatch for {row['doc_id']}"" on digest mismatch; promote() merges with the existing corpus and writes document_corpus_vN.parquet plus a manifest with corpus_sha256","No v2 equivalent. 2.5 must build the fixture-to-tracked-corpus promotion: SQLite fixture read, zstd decompress, per-row source-hash verification, stable rejection of changed sources for existing rows, Arrow write with expected_rows/expected_schema validation, and the corpus manifest. Blocked on the same path gap as testing/paths.py (no resolve_paths().fixture()), and on testing/corpus.py, which it imports.",W9
.v1/phases/025_webpage_storage/tools/promote_document_expectations.py,97,code,.v1/phases/025_webpage_storage/tests/test_document_corpus.py,,,NOT_STARTED,,"promote() requires status in {""accepted"", ""accepted_current_behavior""} and raises ""accepted_current_behavior requires deferred features"" when the deferred list is empty","No v2 equivalent. 2.5 must build explicit golden-expectation promotion (never implicit, never during pytest, per the v1 tools README contract), depending on testing/review.py run_document_case and stable_expected_metadata and on the document processor - none of which exist in v2.",W9
.v1/phases/025_webpage_storage/tools/query_document_corpus.py,55,code,,,,NOT_STARTED,,Searches the promoted corpus by --id/--status/--grep over decoded source_bytes and expected_output; no v1 test imports it,"No v2 equivalent. 2.5 must build it if the corpus workflow is retained; depends on testing/corpus.py load_document_corpus, which is unported.",W9
.v1/phases/02_filing_extraction/__init__.py,1,code,,edgar_sec/pipelines/filing_catalog/__init__.py,1,PORTED,tests/pipelines/filing_catalog/test_cli.py,"v1 `""""""Phase 2: no-network filing catalog and target planning.""""""` vs v2 `""""""Filing-catalog pipeline: materialization, planning, and publication.""""""`","Both are one-line docstrings, not barrels, so AGENTS.md's no-barrel rule is not violated here.",W8
.v1/phases/02_filing_extraction/cli.py,164,code,.v1/phases/02_filing_extraction/tests/test_runner.py,edgar_sec/pipelines/filing_catalog/cli.py,231,PORTED,tests/pipelines/filing_catalog/test_cli.py,"v2 registers exactly materialize/plan/expand/status (cli.py:138-226) with 24 tests in tests/pipelines/filing_catalog/test_cli.py, including test_parser_exposes_exactly_the_four_commands and test_no_date_flag_exists_on_plan",v1 registered the identical four subcommands. The v1/v2 CLI is the cleanest parity pair in W8's scope. phase_2.md §15.7 documents the one addition: `current` catalog alias and stderr progress.,W8
.v1/phases/02_filing_extraction/core/__init__.py,1,code,,edgar_sec/pipelines/filing_catalog/__init__.py,1,PORTED,tests/pipelines/filing_catalog/test_cli.py,"v1 `""""""Phase 2 domain contracts and orchestration.""""""` -- docstring only, no re-exports; v2 equivalent is also docstring-only","v1 core/__init__.py was already docstring-only, so this file was never a barrel. Worth recording for Stage C: the no-barrel rule is applied inconsistently across v2 -- pipelines/metadata_sync/__init__.py and engine/submissions/__init__.py are docstring-only, but engine/selection/__init__.py carries a 21-line architectural essay and engine/company_family/__init__.py a module docstring. None of them re-export symbols, so the hard rule holds; only the level of prose varies.",W8
.v1/phases/02_filing_extraction/core/company_family.py,496,code,.v1/phases/02_filing_extraction/tests/test_company_family.py,edgar_sec/engine/company_family/clustering.py,483,PORTED_DIVERGED,tests/engine/company_family/test_clustering.py,"phase_2.md §14.2 ""normalizer.py and clustering.py split the v1 496-line module along the pure/impure seam""; v2 clustering.py (483) + normalizer.py (222) = 705 lines",Four documented departures: the global `_SEED_CACHE` is removed; family ids use SHA-256 not MD5 (so id values differ from v1); `from_existing_profiles` uses v2 connect()/sql_literal; the index is frozen after construction. Verified by 361 lines of tests against a committed 10-registrant fixture.,W8
.v1/phases/02_filing_extraction/core/discovery.py,159,code,.v1/phases/02_filing_extraction/tests/test_runner.py,edgar_sec/pipelines/filing_catalog/discovery.py,258,PORTED,tests/pipelines/filing_catalog/test_discovery.py,"v2 `discover_catalogs:99`, `discover_plans:131`, `discover_policies:174`, `status:228`; 13 tests in test_discovery.py incl. test_status_does_not_open_any_parquet","v2 is larger (258 vs 159) and additionally owns `policy_search_dirs`, `auto_policy`, `_catalog_year_bounds`, and `resolve_catalog_reference`, the last moved here per phase_2.md §15.5 (Layer 3 may not import Layer 4).",W8
.v1/phases/02_filing_extraction/core/document_filters.py,19,code,.v1/phases/02_filing_extraction/tests/test_target_plan.py;.v1/phases/02_filing_extraction/tests/test_selection.py,edgar_sec/domain/filing_catalog/filters.py,69,PORTED_DIVERGED,tests/domain/filing_catalog/test_filters.py,"phase_2.md §15.4 ""domain/filing_catalog/filters.py (Layer 1) -- vocabulary and normalize_suffixes() ... infra/storage/duckdb_catalog.py (Layer 2) -- amendment_sql(), suffix_sql()""","Split across two layers by design: `normalize_suffixes` + AMENDMENT_POLICIES live in edgar_sec/domain/filing_catalog/filters.py (69 lines, tested by test_filters.py); `suffix_sql` moved to edgar_sec/infra/storage/duckdb_catalog.py (tested by tests/infra/storage/test_duckdb_catalog.py) and is now parenthesized (§15.4). `suffix_sql`'s SQL-injection surface was also fixed.",W8
.v1/phases/02_filing_extraction/core/family_vocab.py,126,code,.v1/phases/02_filing_extraction/tests/test_company_family.py,edgar_sec/domain/taxonomy/family_vocab.py,204,PORTED_DIVERGED,tests/domain/taxonomy/test_taxonomy.py,"phase_2.md M5 checklist names ABBR_MAP, CONTEXT_RULES, PLURAL_MAP, ROMAN, PLACEHOLDER, STATE_CODES + the six tuning constants; §14.1 ""All tables are immutable: frozenset ... MappingProxyType for mappings""","Two changes: the v1 `from defs.entities import LEGAL_FORMS, STATE_POSTAL_CODES` import is retired -- those lexicons moved to sibling Layer-1 modules edgar_sec/domain/taxonomy/legal_forms.py and jurisdictions.py (phase_2.md D5/§4.2); and every table is now immutable (v1 ABBR_MAP was a mutable dict). 204 v2 lines vs 126 v1.",W8
.v1/phases/02_filing_extraction/core/materialize/__init__.py,21,code,.v1/phases/02_filing_extraction/tests/test_materialize.py;.v1/phases/02_filing_extraction/tests/test_runner.py,edgar_sec/pipelines/filing_catalog/catalog_job.py,316,PORTED_DIVERGED,tests/pipelines/filing_catalog/test_catalog_job.py,"v1 re-exported `materialize` and FALLBACK_POLICY_VERSION; v2 declares FALLBACK_POLICY_VERSION = ""1.1.0"" at catalog_job.py:64 and `materialize:145` directly",A barrel that lost its reason: with AGENTS.md's no-barrel rule the v2 package exposes the same surface from the leaf module. v1's PROFILE_COLUMNS/PROFILE_SCHEMA_VERSION/SCHEMA_VERSION re-exports moved to edgar_sec/domain/filing_catalog/schemas.py.,W8
.v1/phases/02_filing_extraction/core/materialize/engine.py,319,code,.v1/phases/02_filing_extraction/tests/test_materialize.py;.v1/phases/02_filing_extraction/tests/test_runner.py,edgar_sec/pipelines/filing_catalog/catalog_job.py,316,PORTED_DIVERGED,tests/pipelines/filing_catalog/test_catalog_job.py,"v2 `materialize:145` with the three hard guards `_guard_not_transient:124`, `_guard_schema_matches:132`, existing-snapshot raise; 297 lines of tests in test_catalog_job.py","Defect 1 of §11.1 fixed (whitespace-only primary_document now `nullif(trim(...),'')`). §11.2 deviations: threads/memory_limit/temp_directory dropped from the signature; `catalog.part_count` setting dropped; `build_merged_targets_query` removed; the immutability guard now applies to --output-root too; duplicate `occurrence_id`s are deduped inside the unnest.",W8
.v1/phases/02_filing_extraction/core/materialize/sql.py,106,code,.v1/phases/02_filing_extraction/tests/test_materialize.py,edgar_sec/infra/storage/duckdb_catalog.py,315,PORTED_DIVERGED,tests/infra/storage/test_duckdb_catalog.py,v2 `build_part_unnest_query` / `build_profile_query` / `amendment_sql` / `suffix_sql` (315 lines vs 106); §3.3 derivation table is transcribed by both the Milestone-0 oracle CSVs and the v2 SQL and agree on all 13 rows x 16 columns (§11.3),"Lives in Layer 2 because it needs `sql_literal`. Two documented fixes: defect 1 (whitespace primary_document) and defect 2 (the `amendment` policy was validated and recorded but never applied in v1; `amendment_sql()` now emits a real predicate). v1's test only imported the `materialize` package, so sql.py had no direct test in v1 either.",W8
.v1/phases/02_filing_extraction/core/paths.py,115,code,.v1/phases/02_filing_extraction/tests/test_runner.py;.v1/phases/02_filing_extraction/tests/test_target_plan.py,edgar_sec/pipelines/filing_catalog/paths.py,189,PORTED_DIVERGED,tests/pipelines/filing_catalog/test_discovery.py,"phase_2.md §4.4 CRITICAL note: v2 ProjectPaths ""has no transient_root and no manifests_root, both of which v1's FilingExtractionPhasePaths depends on""; v2 derives both from artifacts_root","v1's transient/manifests roots and the `filing_extraction` directory name are gone; v2 uses `filing_catalog/{snapshots,plans}` + `transient/filing_catalog/`. The `_safe()` guard is ported and renamed `safe_identifier` (paths.py:65), and all artifact-filename literals were hoisted into named constants by the §12.1 consolidation pass. 189 v2 lines vs 115 v1.",W8
.v1/phases/02_filing_extraction/core/plan_expansion.py,187,code,.v1/phases/02_filing_extraction/tests/test_target_plan.py,edgar_sec/pipelines/filing_catalog/expansion.py,352,PORTED,tests/pipelines/filing_catalog/test_expansion.py,"v2 `plan_fingerprint:94`, `plan_locator_keys:110`, `validate_parent:148`, `validate_target:218`, `expand:241`, `read_expansion_metadata:233`, `ParentPlanError:56` -- every v1 symbol present, 315 lines of tests",Grew 187 -> 352 lines. v1's `_validate_parent`/`_policy_compatibility_key` were made public/renamed and the lineage record moved into an `ExpansionLineage` dataclass. phase_2.md §15.6 pins the load-bearing guarantee: a child plan contains 100% of its parent's locator keys.,W8
.v1/phases/02_filing_extraction/core/plan_publication.py,115,code,.v1/phases/02_filing_extraction/tests/test_target_plan.py,edgar_sec/pipelines/filing_catalog/publication.py,192,PORTED_DIVERGED,tests/pipelines/filing_catalog/test_publication.py,"v2 `TARGET_PLAN_SCHEMA_VERSION:34`, `PlanConflictError:37`, `plan_bundle_complete:51`, `reuse_existing_plan:90`, `publish_plan_bundle:137`, `staged_plan_bundle:148`; §11.2 records the completeness-check change","Documented deviation: v1's `plan_bundle_complete` used `any(glob('form=*/data.parquet'))`, which reported a legitimately empty plan as incomplete; v2 matches the on-disk partition set against plan.json counts. v2 also adds `plan_identity:41` and `write_plan_documents:172` (a consolidation artifact). SCOPE_CONSTANTS SCOPE_DETERMINISTIC/SCOPE_POLICY moved to planner.py.",W8
.v1/phases/02_filing_extraction/core/schemas.py,66,code,.v1/phases/02_filing_extraction/tests/test_materialize.py;.v1/phases/02_filing_extraction/tests/test_target_plan.py;.v1/phases/02_filing_extraction/tests/test_runner.py,edgar_sec/domain/filing_catalog/schemas.py,171,PORTED_DIVERGED,tests/domain/filing_catalog/test_schemas.py,"v1 `SOURCE = importlib.import_module(""phases.01_metadata_extraction.core.schemas"")` (schemas.py:9); v2 builds PROFILE_SCHEMA by field reference from SUBMISSION_METADATA_SCHEMA -- phase_2.md §3.2 ""This retires v1's importlib.import_module('phases.01_...') indirection -- the numbered-directory hack the refactor exists to remove.""","All three version constants present (SCHEMA_VERSION 1.1.0, TARGET_SCHEMA_VERSION 1.1.0, PROFILE_SCHEMA_VERSION 1.0.0). v2 adds LOCATOR_BASE_COLUMNS/LOCATOR_POLICY_FEATURES/LOCATOR_POLICY_COLUMNS for the 8- vs 18-column locator_groups split (§3.4).",W8
.v1/phases/02_filing_extraction/core/selection.py,278,code,.v1/phases/02_filing_extraction/tests/test_selection.py,edgar_sec/engine/selection/selector.py,407,PORTED_DIVERGED,tests/engine/selection/test_selector.py,"v2 `DeficitSelector:88`, `SelectionResult:62`, `classification_signature:73`; phase_2.md §15.2 defect 1 (Python/SQL form-family disagreement) and §15.5 'The selector's phase ordering and cap semantics are preserved from v1 deliberately'","Defect 6 of §15.2 applies to this subsystem: the on-disk `selection_session.duckdb` / `parent_plan_read.duckdb` files are gone, replaced by in-memory connections, so an interrupted run no longer leaves state inside an immutable published bundle. v2 also splits the signature out of the selector. §15.6 pins family dominance with two tests (test_a_dominant_family_cannot_fill_the_selection, test_the_cap_is_what_bounds_dominance).",W8
.v1/phases/02_filing_extraction/core/selection_features.py,486,code,.v1/phases/02_filing_extraction/tests/test_selection_features.py,edgar_sec/engine/selection/features.py,697,PORTED_DIVERGED,tests/engine/selection/test_features.py,"v2 `FeatureSnapshotBuilder:164`, `SnapshotPaths:145`, `era_of:124`, `FEATURE_SCHEMA_VERSION:53`; §15.2 defect 1: 'form_family_sql() is now generated from the same suffix tuple form_family() consumes'","Grew 486 -> 697 lines. §15.2 defect 2 fixed here: v1 hardcoded `foreign_status = 'domestic'` for every registrant; v2 derives it from incorporation.state against STATE_POSTAL_CODES, and pins it with test_form_family_sql_matches_the_python_rule. §15.9 added the missing `reclaim()` between stages.",W8
.v1/phases/02_filing_extraction/core/selection_inventory.py,145,code,,edgar_sec/engine/selection/inventory.py,181,PORTED,tests/engine/selection/test_inventory.py,"v2 `InventoryStatistics:61`, LOCATOR_TABLE/OCCURRENCE_TABLE, LOCATOR_ONLY_DIMENSIONS, OCCURRENCE_ONLY_DIMENSIONS (181 lines vs 145); tests/engine/selection/test_inventory.py","v1 had no test for this module (no v1 test file imports selection_inventory); v2 added one per AGENTS.md §6.3. This is a coverage gain, not a behaviour change.",W8
.v1/phases/02_filing_extraction/core/selection_policy.py,449,code,.v1/phases/02_filing_extraction/tests/test_selection_policy.py;.v1/phases/02_filing_extraction/tests/test_selection.py;.v1/phases/02_filing_extraction/tests/test_selection_features.py;.v1/phases/02_filing_extraction/tests/test_target_plan.py,edgar_sec/engine/selection/policy.py,500,PORTED_DIVERGED,tests/engine/selection/test_policy.py,"v2 `SelectionPolicy:224`, `EraBand:81`, `SeedFiler:152`, `load_seed_cik_csv:165`, `compute_seed_fingerprint:209`, `auto_generate_policy:395`, `normalize_value:471`, `POLICY_SCHEMA_VERSION:45`, `KNOWN_DIMENSIONS:49`; §15.2 defect 4 fixed in `SelectionPolicy.__post_init__`","Two documented deviations: (a) `discover_policies` no longer takes paths -- v1 hand-concatenated `manifests_root/'filing_extraction'/'filing_catalog'`, v2 takes `search_dirs` and pipelines/filing_catalog/discovery.py:174 locates them (§15.5); (b) composite filter typos now fail construction (defect 4) and every value reaching SQL is bound (defect 3). AMENDMENT_POLICIES/DEFAULT_AMENDMENT moved to edgar_sec/domain/filing_catalog/filters.py. 500 v2 lines vs 449 v1.",W8
.v1/phases/02_filing_extraction/core/selection_source.py,273,code,.v1/phases/02_filing_extraction/tests/test_selection.py;.v1/phases/02_filing_extraction/tests/test_selection_features.py,edgar_sec/engine/selection/source.py,386,PORTED_DIVERGED,tests/engine/selection/test_source.py,"§15.3 ""DuckDB constant-folds `constant || column` ... the fix is `sha256(CAST(? AS VARCHAR) || l.document_locator_key)`""; v2 `CandidateSource:157`, `CandidateFilters:126`, `SelectionSessionError:121`, POOL_COLUMNS/OCCURRENCE_COLUMNS, `_ORDER_EXPR:113`","v1's `ORDER BY md5('{seed}' || key)` string-interpolated the policy seed into SQL (an injection surface, §15.2 defect 3) and, once the seed was correctly bound, silently sorted every row equal. v2 keeps the seed bound and column-dependent; test_a_different_seed_selects_differently is the test that catches the trap. 386 v2 lines vs 273 v1.",W8
.v1/phases/02_filing_extraction/core/target_catalog.py,111,code,.v1/phases/02_filing_extraction/tests/test_runner.py;.v1/phases/02_filing_extraction/tests/test_target_plan.py,edgar_sec/pipelines/filing_catalog/discovery.py,258,PORTED_DIVERGED,tests/pipelines/filing_catalog/test_discovery.py,"v2 `resolve_catalog_manifest:64` and `resolve_catalog_reference:77` (phase_2.md §15.5: 'resolve_catalog_reference moved to discovery ... three callers needed it and it is a path-resolution question'); test_discovery.py has test_resolve_catalog_manifest_by_id, test_resolve_current_requires_a_pointer, test_resolve_manifest_rejects_an_unsafe_identifier","v1's `resolve_catalog_manifests` also synthesized per-part `ArtifactRef` dicts with a 5-step fallback chain including an `artifacts_root.rglob('snapshot.manifest.json')` scan; v2 resolves a catalog id or `current` alias to a manifest path and leaves part enumeration to the planner (`_catalog_target_files:125`). Phase 2 is zero-network so rglob is safe, but the fallback breadth is reduced.",W8
.v1/phases/02_filing_extraction/core/target_plan.py,544,code,.v1/phases/02_filing_extraction/tests/test_target_plan.py,edgar_sec/pipelines/filing_catalog/planner.py,562,PORTED_DIVERGED,tests/pipelines/filing_catalog/test_planner.py,"phase_2.md §4.2 ""`core/target_plan.py` is 544 lines in v1 and is split on the deterministic/policy seam rather than ported whole""; v2 `plan:135` (deterministic) and `plan_policy:356`; §2.1 Correction 3 ""planner.plan() must not accept date parameters""",v1 also re-exported `expand` from this module (test_target_plan.py:21 `expand = target_plan.expand`); in v2 expansion lives only in expansion.py. Stage A is tested by tests/pipelines/filing_catalog/test_planner.py (307) and Stage B by test_policy_planner.py (303) -- v2 coverage is larger than v1's single 372-line file. defect 3 (§11.1) fixed: locator_groups now group on document_locator_key alone.,W8
.v1/phases/02_filing_extraction/run.py,533,code,.v1/phases/02_filing_extraction/tests/test_runner.py,edgar_sec/pipelines/filing_catalog/operator.py,83,PARTIAL,tests/pipelines/filing_catalog/test_cli.py,v1 `interactive_menu:485` offered 5 choices (materialize / plan / expand / status / prune); v2 `build_operator_menu:68` returns 3 MenuActions (materialize / plan / status); test_operator_menu_exposes_the_three_actions,"Missing parts: the expand menu (`_menu_expand:422`), the prune menu (`_menu_prune:449`, which rmtree'd transient/scratch/obsolete directories), the policy picker (`_select_policy:256`, policy auto-generation template), the context header (`_get_context_summary:63`/`_print_context_header:109`), the `_StageBar:159` tqdm stage bar, `_select_parent_plan:397`, and the v1 help text. 533 v1 lines -> 83 v2 lines: this is the single largest phase-2 shrinkage in W8's scope. DOC DISCREPANCY: .v1/phases/02_filing_extraction/README.md:21-37 documents the 3-item menu and :44-47 the stage bar, and phase_2.md M4 claims 'interactive menu via foundation.runtime.interactive' as done without noting the menu was reduced from 5 to 3 items.",W8
.v1/phases/02_filing_extraction/tests/__init__.py,0,test,.v1/phases/02_filing_extraction/tests/__init__.py,tests/pipelines/filing_catalog/__init__.py,1,PORTED,tests/pipelines/filing_catalog/test_catalog_job.py,"v1 file is 0 lines (no trailing newline). v2 AGENTS.md sec.6.1 makes ""Every test directory is a package"" a hard requirement; the v2 counterpart tests/pipelines/filing_catalog/__init__.py exists and its suite (test_catalog_job.py) is run by the gate.","Nothing to lose - a package marker. PORTED as a convention adoption, not a behavioural claim.",B-tests
.v1/phases/02_filing_extraction/tests/conftest.py,10,test,.v1/phases/02_filing_extraction/tests/conftest.py,tests/pipelines/filing_catalog/conftest.py,57,PORTED,tests/pipelines/filing_catalog/test_catalog_job.py,"v1 file is 10 lines of sys.path bootstrap. v2 discharges importability by packaging and puts the phase's shared setup in tests/pipelines/filing_catalog/conftest.py:25 catalog_paths, :32 catalog_snapshot, :47 published_targets, :52 published_profiles - consumed by test_catalog_job.py:99,:128,:136,:148.","PORTED as the responsibility ""this phase's tests get their shared setup from one place"". Note the mechanism changed (packaging + fixtures rather than a sys.path hack) and that v2's conftest is far more capable: v1's was a no-op bootstrap with no fixtures at all, so nothing was actually lost. v1_tests left empty - as the directory conftest it applies to all 7 sibling files.",B-tests
.v1/phases/02_filing_extraction/tests/test_company_family.py,109,test,.v1/phases/02_filing_extraction/tests/test_company_family.py,edgar_sec/engine/company_family/clustering.py,483,PORTED,tests/engine/company_family/test_clustering.py,"Five v1 tests map one-to-one onto named v2 tests: v1 test_normalize_name_abbreviation_and_plural_expansion -> v2 test_normalize_expands_unambiguous_abbreviations + test_normalize_folds_plurals; v1 test_mine_structural_vocabulary_protects_operating_words -> test_mine_structural_vocabulary_returns_a_frozenset + test_mine_structural_vocabulary_protects_head_words; v1's 5-benchmark test_company_family_index_clustering_and_benchmarks -> v2 test_series_variants_collapse_into_one_family, test_family_representative_is_the_parent_not_a_series, test_head_aliases_merge_a_parent_and_its_series, test_morgan_stanley_resolves_to_its_parent, test_one_shared_token_is_not_enough_to_merge, test_short_operating_companies_keep_their_own_identity; v1 test_stateless_deriver_fallback -> test_resolve_falls_back_to_stateless_derivation.","All five v1 benchmarks were carried across, including the negative ones (Honda Motor vs Honda Auto stay separate at the 1-shared-token threshold; short operating companies keep their own identity). v2 is strictly broader: it adds build_from_seed / from_existing_profiles, padded-vs-unpadded CIK resolution, immutability and idempotence. v1's benchmark skipped when uploads/cik-sec.csv was absent; v2 pins against a committed manifest fixture instead - an improvement.",B-tests
.v1/phases/02_filing_extraction/tests/test_materialize.py,422,test,.v1/phases/02_filing_extraction/tests/test_materialize.py,edgar_sec/pipelines/filing_catalog/catalog_job.py,316,PORTED,tests/pipelines/filing_catalog/test_catalog_job.py,"14 v1 tests -> 22 named v2 tests, one-for-one: test_materialize_reads_only_finalized_artifact and test_chunks_are_rejected -> test_guard_rejects_every_transient_component; test_ordinary_rows_carry_primary_document_provenance -> test_locator_base_projection_is_the_eight_column_stage_a_shape; test_fallback_rows_use_full_submission_bundle -> test_bundle_fallback_uses_the_raw_accession; test_shared_accession_fans_out_occurrences_on_one_locator -> test_fanout_is_retained_as_separate_occurrences + test_occurrences_are_unique_across_the_snapshot; test_catalog_identity_is_deterministic -> test_materialization_is_deterministic + test_profiles_are_deduplicated_and_sorted; test_manifest_parts_match_input_shards -> test_manifest_records_counts_and_lineage; test_materialize_publishes_durable_snapshot_and_pointer -> test_explicit_output_root_never_advances_a_pointer.","The best-covered subject in the audit. v2 additionally pins the null-coalescing of size/XBRL flags, upstream status inheritance, target ordering, and source_batch_size validation. v1's file_sha256/StorageError assertions are covered by tests/foundation/test_hashing.py and test_merger.py.",B-tests
.v1/phases/02_filing_extraction/tests/test_runner.py,540,test,.v1/phases/02_filing_extraction/tests/test_runner.py,edgar_sec/pipelines/filing_catalog/discovery.py,258,PARTIAL,tests/pipelines/filing_catalog/test_discovery.py,"v2 tests/pipelines/filing_catalog/test_discovery.py::test_discovery_on_an_empty_tree, test_discovery_ignores_the_current_pointer_directory, test_discover_plans_reports_published_state, test_status_does_not_open_any_parquet, test_a_damaged_manifest_is_skipped_not_fatal, and tests/pipelines/filing_catalog/test_cli.py:186 test_cli_main_is_reachable_through_the_launcher_registry.","Covered: artifact/plan discovery, damage tolerance, status-without-parquet, launcher reachability - 6 of v1's 21 tests. MISSING: (a) the interactive operator menu itself (v1 had materialize/plan/expand/prune/policy menus; v2's operator exposes 3 actions and tests/pipelines/filing_catalog/test_cli.py only asserts the three labels and that they delegate - W8 finding 4 records run.py shrinking 533 -> 83 with 5 menu items reduced to 3 and no note of the reduction); (b) stage-event emission from materialize/plan, i.e. the only v1 assertion that the pipeline REPORTS progress (v2 progress.py has 0 tests); (c) the fixture-scope menu generating a template and stopping; (d) test_main_forwards_subcommand_to_cli and test_main_help_returns_zero; (e) the registry entry pointing at the run module.",B-tests
.v1/phases/02_filing_extraction/tests/test_selection.py,129,test,.v1/phases/02_filing_extraction/tests/test_selection.py,edgar_sec/engine/selection/selector.py,407,PORTED,tests/engine/selection/test_selector.py,"v1 test_deficit_selector_satisfies_floors_and_reserves -> v2 test_selection_fills_the_target_and_reports_itself, test_reserve_is_disjoint_from_the_active_set, test_report_names_the_policy_that_produced_it; v2 adds the cap/dominance, shortfall-reporting, seed-filer and parent-key cases.","Clean port. v2 additionally pins determinism, a different seed selecting differently, composites before single-dimension floors, and duplicate/absent parent-key rejection - all invariants v1 left implicit.",B-tests
.v1/phases/02_filing_extraction/tests/test_selection_features.py,111,test,.v1/phases/02_filing_extraction/tests/test_selection_features.py,edgar_sec/engine/selection/features.py,697,PORTED,tests/engine/selection/test_features.py,"v1 test_builds_feature_snapshot_from_targets_and_profiles -> v2 test_builds_a_feature_snapshot_from_the_published_catalog; v1's form_family coverage -> v2 test_form_family_collapses_amendment_suffixes, test_form_family_sql_matches_the_python_rule, test_form_family_sql_rejects_an_unsafe_column; v1's era calculation -> test_era_of_matches_the_first_satisfying_band, test_era_bands_tile_without_gaps_or_overlap.","Clean port, and v2 closes a real v1 hole: it pins that the SQL form_family and the Python form_family agree and that an unsafe column is rejected, which v1's 111-line test did not. Note the residual gap recorded by W2: v1's FORM_FAMILY_ALIASES (10-QSB, 8-K12B, 20FR12B, ...) has no v2 home, so v2's form-family fold is narrower than v1's.",B-tests
.v1/phases/02_filing_extraction/tests/test_selection_policy.py,118,test,.v1/phases/02_filing_extraction/tests/test_selection_policy.py,edgar_sec/engine/selection/policy.py,500,PORTED,tests/engine/selection/test_policy.py,"v1's policy tests map to v2's 32 named tests: era-band half-openness and required name/boundary, form and suffix normalisation, rejection of unknown dimensions in floors AND inside composites, out-of-range cap rejection, and - notably - fingerprint round-trip, fingerprint sensitivity to a material edit, and seed-fingerprint stability across row order.","Clean port and materially stronger on reproducibility: the policy fingerprint is the anchor of v2's content-derived plan ids, and v1's test_selection_policy (118 loc) did not test it at all.",B-tests
.v1/phases/02_filing_extraction/tests/test_target_plan.py,372,test,.v1/phases/02_filing_extraction/tests/test_target_plan.py,edgar_sec/pipelines/filing_catalog/planner.py,562,PORTED,tests/pipelines/filing_catalog/test_planner.py,"v1's 7 tests split cleanly: test_plan_deterministic_scope / _reuses_existing_bundle / _fails_on_incomplete_bundle -> v2 test_all_forms_plans_every_target, test_identical_rerun_reuses_the_bundle, test_incomplete_bundle_is_a_conflict_not_a_silent_rewrite; test_plan_policy_scope (+ reuse) -> tests/pipelines/filing_catalog/test_policy_planner.py's 17 tests; test_plan_rejects_invalid_scope -> test_planner_refuses_an_unknown_amendment_policy / _an_unsafe_form_filter / _date_parameters; test_expand_policy_plan_preserves_parent_selection -> tests/pipelines/filing_catalog/test_expansion.py's 22 tests.","Clean port across three v2 files, with the 2.5 contract additionally pinned at tests/pipelines/filing_catalog/test_phase25_contract.py (bundle completeness, locator uniqueness, HTTPS archive_url, occurrences keyed to the work order, reserve disjointness).",B-tests
.v1/phases/__init__.py,0,code,,edgar_sec/pipelines/__init__.py,1,DROPPED,,"Zero-byte package marker: `wc -l` = 0, so the file declares no symbol and nothing can be quoted from its contents -- the disposition is the artifact. roadmap/refactor_v2/v2_refactor_roadmap.md:146 ""**Eliminate Numbered Directories**: Move `phases/01_*`, `phases/02_*`, `phases/025_*` to `pipelines/metadata_sync`, `pipelines/filing_catalog`, and `pipelines/document_storage`."" There is no `phases` package in v2 at any root; the successor is edgar_sec/pipelines/__init__.py, a single docstring line (""Layer 4 pipelines: multi-threaded batch orchestration"") that satisfies the no-barrel rule at :1035.","DROPPED because the relocation is documented AND executed, with the replacement package present on disk -- the opposite case from the four Tier 3 script rows, whose stated destinations (tools/ops/, pipelines/document_storage) do not exist. The marker itself is genuinely gone rather than merely relocated into new behaviour: `import phases` has no v2 equivalent and v2 renamed the root to `pipelines`. Caveat recorded for Phase 2.5: the third named destination, pipelines/document_storage, is still unbuilt, so the move is complete for the package root but not for its contents -- that gap is carried by the phase rows, not by this marker. v1_tests is empty because a 0-byte file cannot be imported by name.",W10
.v1/run.py,112,code,.v1/defs/tests/test_runtime_registry.py,run.py,91,PARTIAL,tests/pipelines/filing_catalog/test_cli.py,"One v2 test genuinely exercises this responsibility: test_cli_main_is_reachable_through_the_launcher_registry (tests/pipelines/filing_catalog/test_cli.py:185-191) does `import run`, asserts ""filing-catalog"" in {entry.id for entry in run.ENTRIES}, and asserts entry.module == ""edgar_sec.pipelines.filing_catalog.operator"" -- the static launcher registry, which is the core of v1 run.py. v2 run.py: :9 PipelineEntry, :16 ENTRIES, :32 _menu(), :60 main(), :70 --list, :75-81 direct dispatch via runpy with sys.argv patched to [entry.module, *args[1:]].","MISSING v1 capabilities, each verified in v2 run.py: (1) --list emitted JSON -- v1 :101 `json.dumps([asdict(entry) for entry in ENTRIES], indent=2)` -- where v2 prints plain `f""{entry.id}: {entry.label}""` lines (run.py:72); (2) v1 _dispatch (:31-50) normalised child SystemExit (None->0, non-int->print+1), caught KeyboardInterrupt->130, and restored sys.argv in a finally block, while v2 returns 0 unconditionally (run.py:54, :82) and mutates sys.argv without restoring it (run.py:80); (3) v1's menu fell back to find_entry(raw) by id string (:68-69) and reported an unknown choice, v2's menu is numeric-choice only (run.py:47-57); (4) v1 delegated to defs/runtime/registry.py's PhaseDependency/LauncherEntry.dependencies/get_phase_dependencies with 7 entries (table-probe, viewer, metadata, filing-catalog, webpage-storage, artifact-bundle, settings), v2 inlines a 4-field PipelineEntry (run.py:9-14) with 2 entries (metadata, filing-catalog); (5) v1 returned exit 2 with the valid-id list on stderr for an unknown entry (:105-107), v2 returns 1 (:87). NO v2 test covers the menu, --list, or the dispatch path -- the named test only pins registry membership, so the launcher surface is partly tested at best. DISCREPANCY WITH THE W10 BRIEF (preserved finding): the package-working-directory guard is NOT in v2 run.py. ProjectRootError is defined at edgar_sec/foundation/runtime/paths.py:63 and raised by _reject_package_working_directory (:67, :84), which resolve_paths() calls at :103 -- i.e. only after the launcher has dispatched into a pipeline.",W10
.v1/scratch/audit_rule_engine.py,519,script,,,,NOT_STARTED,,"Docstring (:1-8): ""Comprehensive Deep Analysis & Zero-Corruption Audit for the Reflow Rule Engine. Executes the exact BlockContext, Feature Registry, Canonical Groups, and Declarative Rule Sets specified in defs/text/reflow/tools/RULE_ENGINE_SPEC.md against the full acceptance inventory dataset."" Imports at :13-16 are stdlib only (Counter, cached_property, json, operator) because the rule cascade is re-implemented locally rather than imported.","VERDICT CHANGED FROM DROPPED. DROPPED requires evidence that removal was a deliberate decision; none exists for any .v1/scratch/ file. The v2 roadmap's tool reorganization (section 1.5, four tiers) never names a scratch/ file: its enumeration covers only defs/text/reflow/tools/, phases/025_webpage_storage/tools|testing/ and root scripts/ (v2_refactor_roadmap.md:284, :298-337), and the only `scratch` hits in the whole document are :288 (describing v1's cross-directory scratch-file dependency) and :515 (the vendored scratch/edgartools inspection). The repository treats scratch/ as experiment output, not source: .gitignore:7 is `**/scratch/**` under the comment ""Scratch experiment outputs (probes, fixtures, generated parquet)"", and phase_2.md:82 calls its own generator `scratch/derive_seed_fixtures.py` ""gitignored"". So these files were never migration candidates, and their absence from v2 is not a purge anyone decided on. This verdict is the same rule already applied to the four sibling .v1/scripts/ rows: a documented relocation/consolidation whose target does not exist in v2 is unbuilt work, not removed work, so the verdict is NOT_STARTED. This file: the largest file in this scope (519 loc). It replays the v1 reflow rule cascade (BlockContext, feature registry, canonical groups, declarative rules) over acceptance inventories and audits every block, isolating any table block that triggers ACTION_UNWRAP. Its subject matter is explicitly v2 NOT_STARTED territory -- CONTEXT.md section 5 states the v2 tree contains ""no text reflow"" -- so no algorithm here could have been adopted, and roadmap section 1.5 Tier 1 (the stated home for the reflow research lab, engine/text/reflow/research/) is itself unbuilt (`edgar_sec/engine/text` does not exist). No reusable library surface: the rule cascade is inlined in the script, and the only artifact it produces is a diagnostic report.",W10
.v1/scratch/compare_thresholds.py,169,script,,,,NOT_STARTED,,"Docstring (:1-5): ""Compare arbitrary default thresholds in FEATURE_REGISTRY against optimal sklearn splits. Uses DecisionTreeClassifier(max_depth=1) to find the mathematically optimal split threshold (maximizing Gini / Information Gain) for each continuous and count feature on the ground-truth clean dataset (clean_tables vs clean_prose), comparing it against the manual default."" Imports at :11-13 are numpy and sklearn.tree/sklearn.metrics; :16-18 import COHORT_CLEAN_PROSE / COHORT_CLEAN_TABLES from defs.text.reflow.tools.clustering.dataset.","VERDICT CHANGED FROM DROPPED. DROPPED requires evidence that removal was a deliberate decision; none exists for any .v1/scratch/ file. The v2 roadmap's tool reorganization (section 1.5, four tiers) never names a scratch/ file: its enumeration covers only defs/text/reflow/tools/, phases/025_webpage_storage/tools|testing/ and root scripts/ (v2_refactor_roadmap.md:284, :298-337), and the only `scratch` hits in the whole document are :288 (describing v1's cross-directory scratch-file dependency) and :515 (the vendored scratch/edgartools inspection). The repository treats scratch/ as experiment output, not source: .gitignore:7 is `**/scratch/**` under the comment ""Scratch experiment outputs (probes, fixtures, generated parquet)"", and phase_2.md:82 calls its own generator `scratch/derive_seed_fixtures.py` ""gitignored"". So these files were never migration candidates, and their absence from v2 is not a purge anyone decided on. This verdict is the same rule already applied to the four sibling .v1/scripts/ rows: a documented relocation/consolidation whose target does not exist in v2 is unbuilt work, not removed work, so the verdict is NOT_STARTED. This file: a one-off empirical study whose output is a recommended threshold list, not production code. CORRECTION TO PASS 1: I previously wrote that v2 has no numpy/sklearn dependency. That is wrong -- init_venv.py:30-31 installs ""numpy"" and ""scikit-learn"". The ML tooling is therefore available in v2; what is missing is the thing this script tunes. `grep -rn ""FEATURE_REGISTRY"" edgar_sec/ tests/` -> 0 hits, and the cohort constants it imports from defs.text.reflow.tools.clustering.dataset have no v2 counterpart (v2's engine/selection/features.py builds a DuckDB selection feature snapshot, an unrelated concept that shares only the word ""feature""). With no FEATURE_REGISTRY and no reflow engine, there is nothing for v2 to have adopted.",W10
.v1/scratch/diff_review_3_vs_4.py,111,script,,,,NOT_STARTED,,"Docstring (:1): ""Compare target_review_3 vs target_review_4 to evaluate table boundary improvements."" Module constants :8-9 `DIR3 = Path(""scratch/target_review_3/cases"")`, `DIR4 = Path(""scratch/target_review_4/cases"")`, guarded by :12-14 which prints ""Missing dirs"" and returns.","VERDICT CHANGED FROM DROPPED. DROPPED requires evidence that removal was a deliberate decision; none exists for any .v1/scratch/ file. The v2 roadmap's tool reorganization (section 1.5, four tiers) never names a scratch/ file: its enumeration covers only defs/text/reflow/tools/, phases/025_webpage_storage/tools|testing/ and root scripts/ (v2_refactor_roadmap.md:284, :298-337), and the only `scratch` hits in the whole document are :288 (describing v1's cross-directory scratch-file dependency) and :515 (the vendored scratch/edgartools inspection). The repository treats scratch/ as experiment output, not source: .gitignore:7 is `**/scratch/**` under the comment ""Scratch experiment outputs (probes, fixtures, generated parquet)"", and phase_2.md:82 calls its own generator `scratch/derive_seed_fixtures.py` ""gitignored"". So these files were never migration candidates, and their absence from v2 is not a purge anyone decided on. This verdict is the same rule already applied to the four sibling .v1/scripts/ rows: a documented relocation/consolidation whose target does not exist in v2 is unbuilt work, not removed work, so the verdict is NOT_STARTED. This file: a textual diff between two iterations of a manual review corpus. Pure investigation: relative scratch paths, no module under test, no library surface, no importable contract. The table-boundary engine it measures is v2 NOT_STARTED territory (CONTEXT.md section 5: the v2 tree has no table-extraction modules), so no v2 counterpart exists or is needed yet. The two corpora it reads are untracked experiment output (see the .gitignore:7 rule quoted above).",W10
.v1/scratch/extract_txt_to_parquet.py,67,script,,,,NOT_STARTED,,"Docstring (:1-5): ""Extract .txt documents from partition SQLite to Parquet using DuckDB. Uses DuckDB's sqlite extension for streaming reads and a Python UDF for zstd decompression of normalized_payloads. Output is written directly to Parquet without materializing all rows in memory."" Imports zstandard (:11) and duckdb (:13) directly; :15-20 hardcode a run-specific absolute path to a specific partition SQLite file and to scratch/txt_documents.parquet.","VERDICT CHANGED FROM DROPPED. DROPPED requires evidence that removal was a deliberate decision; none exists for any .v1/scratch/ file. The v2 roadmap's tool reorganization (section 1.5, four tiers) never names a scratch/ file: its enumeration covers only defs/text/reflow/tools/, phases/025_webpage_storage/tools|testing/ and root scripts/ (v2_refactor_roadmap.md:284, :298-337), and the only `scratch` hits in the whole document are :288 (describing v1's cross-directory scratch-file dependency) and :515 (the vendored scratch/edgartools inspection). The repository treats scratch/ as experiment output, not source: .gitignore:7 is `**/scratch/**` under the comment ""Scratch experiment outputs (probes, fixtures, generated parquet)"", and phase_2.md:82 calls its own generator `scratch/derive_seed_fixtures.py` ""gitignored"". So these files were never migration candidates, and their absence from v2 is not a purge anyone decided on. This verdict is the same rule already applied to the four sibling .v1/scripts/ rows: a documented relocation/consolidation whose target does not exist in v2 is unbuilt work, not removed work, so the verdict is NOT_STARTED. This file: a one-off ad-hoc extractor that produced the scratch/txt_documents.parquet corpus which two sibling checkmark probes read. The nearest v2 modules, edgar_sec/infra/storage/parquet.py and duckdb.py, are the sanctioned WRITERS; nothing in v2 reproduces this read path, and it could not: it depends on the Phase 2.5 six-table SQLite chunk/partition store (normalized_payloads zstd BLOBs) and the DuckDB sqlite extension, neither of which exists in v2 (`grep -rn ""sqlite"" edgar_sec/infra/storage/` finds no SQLite backend; v2's only query engine is DuckDB). v1_loc NOTE (carried forward): the file has no trailing newline, so some tools report 68 lines; `wc -l` -- the manifest's and hard rule 2's measure -- returns 67, and 67 is used here.",W10
.v1/scratch/freddie_case/generate_baseline.py,85,script,,,,NOT_STARTED,,"Docstring (:1): ""Generate golden baseline normalized text and metadata for Freddie Mac 2017 10-K."" It reaches into v1 internals by dynamic import: :12 `sys.path.insert(0, ""."")`, :14 `_processors = importlib.import_module(""phases.025_webpage_storage.processors"")`, :16 `DocumentLocator = importlib.import_module(""phases.025_webpage_storage.core.records"").DocumentLocator`.","VERDICT CHANGED FROM DROPPED. DROPPED requires evidence that removal was a deliberate decision; none exists for any .v1/scratch/ file. The v2 roadmap's tool reorganization (section 1.5, four tiers) never names a scratch/ file: its enumeration covers only defs/text/reflow/tools/, phases/025_webpage_storage/tools|testing/ and root scripts/ (v2_refactor_roadmap.md:284, :298-337), and the only `scratch` hits in the whole document are :288 (describing v1's cross-directory scratch-file dependency) and :515 (the vendored scratch/edgartools inspection). The repository treats scratch/ as experiment output, not source: .gitignore:7 is `**/scratch/**` under the comment ""Scratch experiment outputs (probes, fixtures, generated parquet)"", and phase_2.md:82 calls its own generator `scratch/derive_seed_fixtures.py` ""gitignored"". So these files were never migration candidates, and their absence from v2 is not a purge anyone decided on. This verdict is the same rule already applied to the four sibling .v1/scripts/ rows: a documented relocation/consolidation whose target does not exist in v2 is unbuilt work, not removed work, so the verdict is NOT_STARTED. This file: a single-filing golden-baseline generator, not a corpus tool: one document, one expected output, no reusable contract. It is a direct precursor of roadmap section 1.5 Tier 2 (testing/goldens/: corpus loader, review generator, `promote-expectations`, and a `python check.py --goldens` gate step), and none of that is built -- there is no `testing/` directory at any level, and check.py's four mode flags are --fix/--fast/--scan/--test, none named goldens. The verdict rests on the contents (one-off, one document, no reusable surface), not on the location: even under a different v2 home it would remain unported. It also cannot be re-run in v2 as written, since v2 has no `phases.*` package and no processors module.",W10
.v1/scratch/inventory_table_tagging.py,139,script,,,,NOT_STARTED,,"Docstring (:1): ""Deep inventory of table tagging behavior and weaknesses across 771 review cases."" :10 `CASES_DIR = Path(""scratch/target_review_4/cases"")`; :13-15 define ad-hoc local regexes NUMERIC_RE, DOUBLE_UNDERLINE_RE, SINGLE_UNDERLINE_RE used to score how many data cells were captured inside <TABLE> spans.","VERDICT CHANGED FROM DROPPED. DROPPED requires evidence that removal was a deliberate decision; none exists for any .v1/scratch/ file. The v2 roadmap's tool reorganization (section 1.5, four tiers) never names a scratch/ file: its enumeration covers only defs/text/reflow/tools/, phases/025_webpage_storage/tools|testing/ and root scripts/ (v2_refactor_roadmap.md:284, :298-337), and the only `scratch` hits in the whole document are :288 (describing v1's cross-directory scratch-file dependency) and :515 (the vendored scratch/edgartools inspection). The repository treats scratch/ as experiment output, not source: .gitignore:7 is `**/scratch/**` under the comment ""Scratch experiment outputs (probes, fixtures, generated parquet)"", and phase_2.md:82 calls its own generator `scratch/derive_seed_fixtures.py` ""gitignored"". So these files were never migration candidates, and their absence from v2 is not a purge anyone decided on. This verdict is the same rule already applied to the four sibling .v1/scripts/ rows: a documented relocation/consolidation whose target does not exist in v2 is unbuilt work, not removed work, so the verdict is NOT_STARTED. This file: a measurement pass over a hand-curated review corpus whose only output is scratch/table_tagging_inventory.json. No library surface, no v2 counterpart, and the tagged-table protection engine it evaluates is v2 NOT_STARTED territory. The 771-case corpus it scores is untracked experiment output, and the ad-hoc NUMERIC_RE regexes are local to the script rather than a shared contract.",W10
.v1/scratch/probe_block_trace.py,121,script,,,,NOT_STARTED,,"Docstring (:1): ""Trace block-level classifications through the reflow pipeline for 0705c11b..."" -- a single document id. :5 forces the import path with `sys.path.insert(0, str(Path(""."").resolve()))`, and :9-19 imports the v1 reflow engine's PRIVATE symbols: _segment, _classify_block, expand_table_headers, extend_multiline_table_rows, merge_bridged_tables, merge_structural_table_regions, tag_discipline_gate, mask_tagged_tables, mask_signature_regions.","VERDICT CHANGED FROM DROPPED. DROPPED requires evidence that removal was a deliberate decision; none exists for any .v1/scratch/ file. The v2 roadmap's tool reorganization (section 1.5, four tiers) never names a scratch/ file: its enumeration covers only defs/text/reflow/tools/, phases/025_webpage_storage/tools|testing/ and root scripts/ (v2_refactor_roadmap.md:284, :298-337), and the only `scratch` hits in the whole document are :288 (describing v1's cross-directory scratch-file dependency) and :515 (the vendored scratch/edgartools inspection). The repository treats scratch/ as experiment output, not source: .gitignore:7 is `**/scratch/**` under the comment ""Scratch experiment outputs (probes, fixtures, generated parquet)"", and phase_2.md:82 calls its own generator `scratch/derive_seed_fixtures.py` ""gitignored"". So these files were never migration candidates, and their absence from v2 is not a purge anyone decided on. This verdict is the same rule already applied to the four sibling .v1/scripts/ rows: a documented relocation/consolidation whose target does not exist in v2 is unbuilt work, not removed work, so the verdict is NOT_STARTED. This file: a throwaway single-document debugger. Reaching into nine underscore-prefixed engine internals is itself proof of investigative rather than production use: a probe is not a client of the reflow engine's public contract. No v2 adoption candidate is possible -- the reflow engine and its private block classifier are unbuilt (CONTEXT.md section 5: no text reflow), and roadmap section 1.5 Tier 1, the stated home for the reflow research lab, does not exist either.",W10
.v1/scratch/probe_financial_statements.py,164,script,,,,NOT_STARTED,,"Docstring (:1-4): ""Probe all 771 review cases specifically for actual Balance Sheets and analyze table tag coverage and boundary integrity. Filters out TOC entries and focuses strictly on actual financial statement tables."" :16-18 BALANCE_SHEET_TITLE_RE matches ""CONSOLIDATED BALANCE SHEETS"" / ""STATEMENTS OF FINANCIAL POSITION"" forms; the script scans review case files and emits a findings json.","VERDICT CHANGED FROM DROPPED. DROPPED requires evidence that removal was a deliberate decision; none exists for any .v1/scratch/ file. The v2 roadmap's tool reorganization (section 1.5, four tiers) never names a scratch/ file: its enumeration covers only defs/text/reflow/tools/, phases/025_webpage_storage/tools|testing/ and root scripts/ (v2_refactor_roadmap.md:284, :298-337), and the only `scratch` hits in the whole document are :288 (describing v1's cross-directory scratch-file dependency) and :515 (the vendored scratch/edgartools inspection). The repository treats scratch/ as experiment output, not source: .gitignore:7 is `**/scratch/**` under the comment ""Scratch experiment outputs (probes, fixtures, generated parquet)"", and phase_2.md:82 calls its own generator `scratch/derive_seed_fixtures.py` ""gitignored"". So these files were never migration candidates, and their absence from v2 is not a purge anyone decided on. This verdict is the same rule already applied to the four sibling .v1/scripts/ rows: a documented relocation/consolidation whose target does not exist in v2 is unbuilt work, not removed work, so the verdict is NOT_STARTED. This file: a coverage audit of one corpus iteration, not the Tier 2 goldens: it produces diagnostics, not an expectation corpus, and builds no reusable classifier. Financial-table extraction is downstream v2 work (roadmap section 3 feature D table_cells.parquet; section 7 Stage 6), so there is no v2 code that could have adopted it. v2's selection feature SQL does read form/table-ish columns, but it shares no responsibility with a balance-sheet boundary audit -- naming that similarity would be topical adjacency.",W10
.v1/scratch/probe_grammar.py,102,script,,,,NOT_STARTED,,"A module-level side-effect script with no main() and no functions: :6 `path = Path("".artifacts/acceptance/reflow-prose/inventory-e12819d93da62400/inventory/annotation_template.jsonl"")` -- a single run-specific acceptance inventory id, hardcoded at module scope, so importing the module would read that path. :8-11 inline the hypothesis it tests (""Family A (Grammar): possessive, relative_clause, grammatical_comma, semicolon""; ""Family B (Interline / Geometry): soft_wrap, connector_wrap, no_gutter_4, 80col_fill""; ""Feature N (Anchor): ends_terminal_punct""); :13-17 define five local regexes including RE_GRAMMAR_COMMA and RE_POSSESSIVE.","VERDICT CHANGED FROM DROPPED. DROPPED requires evidence that removal was a deliberate decision; none exists for any .v1/scratch/ file. The v2 roadmap's tool reorganization (section 1.5, four tiers) never names a scratch/ file: its enumeration covers only defs/text/reflow/tools/, phases/025_webpage_storage/tools|testing/ and root scripts/ (v2_refactor_roadmap.md:284, :298-337), and the only `scratch` hits in the whole document are :288 (describing v1's cross-directory scratch-file dependency) and :515 (the vendored scratch/edgartools inspection). The repository treats scratch/ as experiment output, not source: .gitignore:7 is `**/scratch/**` under the comment ""Scratch experiment outputs (probes, fixtures, generated parquet)"", and phase_2.md:82 calls its own generator `scratch/derive_seed_fixtures.py` ""gitignored"". So these files were never migration candidates, and their absence from v2 is not a purge anyone decided on. This verdict is the same rule already applied to the four sibling .v1/scripts/ rows: a documented relocation/consolidation whose target does not exist in v2 is unbuilt work, not removed work, so the verdict is NOT_STARTED. This file: a hypothesis scratchpad hardcoded to one expired acceptance run -- the referenced inventory-e12819d93da62400 acceptance root does not exist in v2, and could not be reused even in v1 without that run's artifacts. The grammatical/connector feature engineering it measures belongs to the v1 reflow feature extractor, which v2 has not started, so nothing here was adopted. It is the clearest case in this scope of a file with no reusable surface: the regexes are local constants, the data path is a literal, and the module has no callable entry point.",W10
.v1/scratch/probe_incomplete_tables.py,220,script,,,,NOT_STARTED,,"Docstring (:1-8): ""Probe review cases for <TABLE> blocks where boundaries may be incomplete. Categorizes findings into: MULTI_COL_NUMERIC ... COLUMN_HEADER ... FINANCIAL_ROW ... COLUMN_DASHES ... UNIT_HEADER."" Takes a review-root argument (:13 argparse) and writes scratch/incomplete_table_findings*.json.","VERDICT CHANGED FROM DROPPED. DROPPED requires evidence that removal was a deliberate decision; none exists for any .v1/scratch/ file. The v2 roadmap's tool reorganization (section 1.5, four tiers) never names a scratch/ file: its enumeration covers only defs/text/reflow/tools/, phases/025_webpage_storage/tools|testing/ and root scripts/ (v2_refactor_roadmap.md:284, :298-337), and the only `scratch` hits in the whole document are :288 (describing v1's cross-directory scratch-file dependency) and :515 (the vendored scratch/edgartools inspection). The repository treats scratch/ as experiment output, not source: .gitignore:7 is `**/scratch/**` under the comment ""Scratch experiment outputs (probes, fixtures, generated parquet)"", and phase_2.md:82 calls its own generator `scratch/derive_seed_fixtures.py` ""gitignored"". So these files were never migration candidates, and their absence from v2 is not a purge anyone decided on. This verdict is the same rule already applied to the four sibling .v1/scripts/ rows: a documented relocation/consolidation whose target does not exist in v2 is unbuilt work, not removed work, so the verdict is NOT_STARTED. This file: a diagnostic categoriser whose only output is a findings json; it measures table-boundary policy quality, which is a v1 defs/tables concern and explicitly v2 NOT_STARTED territory (CONTEXT.md section 5: the v2 tree has no table-extraction modules). The five categories are local findings labels, not a persisted taxonomy, so there is no v2 contract to adopt even once tables are built. Third-largest scratch file at 220 loc.",W10
.v1/scratch/probe_mixed_checkmarks.py,121,script,,,,NOT_STARTED,,"Docstring (:1): ""Probe mixed checkbox normalization in detected cover spans."" :11 `PARQUET = Path(""/home/denny/edgar-sec/scratch/txt_documents.parquet"")` -- a hardcoded absolute machine-local input; :13-18 LABEL_RE matches cover checkmark labels (annual report, quarterly report, transition report, large accelerated filer, ...).","VERDICT CHANGED FROM DROPPED. DROPPED requires evidence that removal was a deliberate decision; none exists for any .v1/scratch/ file. The v2 roadmap's tool reorganization (section 1.5, four tiers) never names a scratch/ file: its enumeration covers only defs/text/reflow/tools/, phases/025_webpage_storage/tools|testing/ and root scripts/ (v2_refactor_roadmap.md:284, :298-337), and the only `scratch` hits in the whole document are :288 (describing v1's cross-directory scratch-file dependency) and :515 (the vendored scratch/edgartools inspection). The repository treats scratch/ as experiment output, not source: .gitignore:7 is `**/scratch/**` under the comment ""Scratch experiment outputs (probes, fixtures, generated parquet)"", and phase_2.md:82 calls its own generator `scratch/derive_seed_fixtures.py` ""gitignored"". So these files were never migration candidates, and their absence from v2 is not a purge anyone decided on. This verdict is the same rule already applied to the four sibling .v1/scripts/ rows: a documented relocation/consolidation whose target does not exist in v2 is unbuilt work, not removed work, so the verdict is NOT_STARTED. This file: a throwaway corpus query that is machine-specific by construction: the absolute /home/denny path cannot resolve on any other machine, so it is not portable even within v1. Cover-page checkmark constraint solving is v1 defs/sec_forms/cover, a Phase 2.5+ v2 area with no v2 module (roadmap section 3 lists sec_forms cover work as not started), so no algorithm here was adopted. It reads the parquet corpus produced by the sibling scratch/extract_txt_to_parquet.py, so the two are mutually dependent throwaways rather than a reusable pair.",W10
.v1/scratch/probe_pem_pipeline.py,160,script,,,,NOT_STARTED,,"Docstring (:1-10): ""Probe: trace why PEM-wrapped .txt bundles survive normalization. Replays the exact pipeline stages for one affected doc_id: 1. Fixture raw payload (zstd in fixture_payloads / document_blobs) 2. FixtureArchiveFetcher.fetch -> extract_from_sgml_envelope 3. GenericPreprocessor.preprocess 4. DeepNormalizer.normalize_result"" with the run line "".venv/bin/python scratch/probe_pem_pipeline.py [doc_id_prefix]"". Imports sqlite3 (:14) and duckdb/zstandard (:19-20) directly; :17 `sys.path.insert(0, ""/home/denny/edgar-sec"")`.","VERDICT CHANGED FROM DROPPED. DROPPED requires evidence that removal was a deliberate decision; none exists for any .v1/scratch/ file. The v2 roadmap's tool reorganization (section 1.5, four tiers) never names a scratch/ file: its enumeration covers only defs/text/reflow/tools/, phases/025_webpage_storage/tools|testing/ and root scripts/ (v2_refactor_roadmap.md:284, :298-337), and the only `scratch` hits in the whole document are :288 (describing v1's cross-directory scratch-file dependency) and :515 (the vendored scratch/edgartools inspection). The repository treats scratch/ as experiment output, not source: .gitignore:7 is `**/scratch/**` under the comment ""Scratch experiment outputs (probes, fixtures, generated parquet)"", and phase_2.md:82 calls its own generator `scratch/derive_seed_fixtures.py` ""gitignored"". So these files were never migration candidates, and their absence from v2 is not a purge anyone decided on. This verdict is the same rule already applied to the four sibling .v1/scripts/ rows: a documented relocation/consolidation whose target does not exist in v2 is unbuilt work, not removed work, so the verdict is NOT_STARTED. This file: a stage-by-stage replay of four v1-only subsystems end to end: the SQLite CAS fixture store, the SGML envelope extractor, the document preprocessor and the deep normalizer. Every one is Phase 2.5 / defs.sec_documents territory, and CONTEXT.md section 5 states the v2 tree has ""no SGML/HTML document parser"". v2 could not have adopted this even in principle -- it has no PEM or SGML representation type to replay into -- and the four stage classes it traces have no v2 counterpart. The hardcoded /home/denny path at :17 makes it non-portable by construction.",W10
.v1/scratch/profile_hotspots_deep.py,64,script,,,,NOT_STARTED,,"Docstring (:1): ""Deep call-count and CPU hotspot profiler across Phase 025 and defs components."" Wraps cProfile/pstats (:5-7) over dynamically imported v1 modules and forces the import path with :14 `sys.path.insert(0, ""."")`; :16-18 then importlib `phases.025_webpage_storage.processors` and `core.records`. Output is pstats text, not an artifact.","VERDICT CHANGED FROM DROPPED. DROPPED requires evidence that removal was a deliberate decision; none exists for any .v1/scratch/ file. The v2 roadmap's tool reorganization (section 1.5, four tiers) never names a scratch/ file: its enumeration covers only defs/text/reflow/tools/, phases/025_webpage_storage/tools|testing/ and root scripts/ (v2_refactor_roadmap.md:284, :298-337), and the only `scratch` hits in the whole document are :288 (describing v1's cross-directory scratch-file dependency) and :515 (the vendored scratch/edgartools inspection). The repository treats scratch/ as experiment output, not source: .gitignore:7 is `**/scratch/**` under the comment ""Scratch experiment outputs (probes, fixtures, generated parquet)"", and phase_2.md:82 calls its own generator `scratch/derive_seed_fixtures.py` ""gitignored"". So these files were never migration candidates, and their absence from v2 is not a purge anyone decided on. This verdict is the same rule already applied to the four sibling .v1/scripts/ rows: a documented relocation/consolidation whose target does not exist in v2 is unbuilt work, not removed work, so the verdict is NOT_STARTED. This file: an ad-hoc profiling harness with no persistent contract: no measured output is persisted, no thresholds are recorded, and the targets it profiles (Phase 025 pipeline stages, defs text/sec_documents components) are unmigrated in v2. Worth contrasting with v1's own supported alternative: v1 filed the same class of tooling under scripts/ with a stated disposition in the roadmap, whereas scratch/ held untracked exploration -- which is why the two directories get different verdicts here. The closest v2 analogue, edgar_sec/foundation/runtime/progress.py, is a tqdm callback adapter (emit_progress, make_tqdm_callback), a display concern, not a call-count profiler.",W10
.v1/scratch/profile_pipeline_full.py,123,script,,,,NOT_STARTED,,"Docstring (:1-11): ""Comprehensive profiling probe for the updated Phase 025 pipeline and defs components. Measures stage-by-stage timings for all newly integrated features using the production processor"" -- 7 enumerated stages: 1 preprocessor & HTML sanitization, 2 page policy/Break conversion/table layout, 3 cover boundary detection, 4 Yes/No pairs and checkmark inference & rewriting, 5 cover table cleaning & cover healing, 6 form normalization & whitespace standardization, 7 structural boundaries (TOC, body start, closing) & Reflow. :24 `sys.path.insert(0, ""."")`.","VERDICT CHANGED FROM DROPPED. DROPPED requires evidence that removal was a deliberate decision; none exists for any .v1/scratch/ file. The v2 roadmap's tool reorganization (section 1.5, four tiers) never names a scratch/ file: its enumeration covers only defs/text/reflow/tools/, phases/025_webpage_storage/tools|testing/ and root scripts/ (v2_refactor_roadmap.md:284, :298-337), and the only `scratch` hits in the whole document are :288 (describing v1's cross-directory scratch-file dependency) and :515 (the vendored scratch/edgartools inspection). The repository treats scratch/ as experiment output, not source: .gitignore:7 is `**/scratch/**` under the comment ""Scratch experiment outputs (probes, fixtures, generated parquet)"", and phase_2.md:82 calls its own generator `scratch/derive_seed_fixtures.py` ""gitignored"". So these files were never migration candidates, and their absence from v2 is not a purge anyone decided on. This verdict is the same rule already applied to the four sibling .v1/scripts/ rows: a documented relocation/consolidation whose target does not exist in v2 is unbuilt work, not removed work, so the verdict is NOT_STARTED. This file: a throwaway stage-timing probe over the v1 Phase 2.5 processor chain; its output is a console timing table, not an artifact or a contract. None of the 7 stages was adopted, because none has a v2 counterpart: document acquisition, preprocessing, and normalization are exactly the Phase 2.5 pipeline that roadmap section 7 defers (Stages 4-6 ""have not started""). What this file preserves is a record of v1 stage ORDERING, which is the one thing Phase 2.5 planning may want; it is not ported code.",W10
.v1/scratch/select_checkmark_targets.py,80,script,,,,NOT_STARTED,,"Docstring (:1): ""Select cover documents with mixed or malformed checkbox spellings."" :10-12 hardcode three absolute machine-local paths: PARQUET = Path(""/home/denny/edgar-sec/scratch/txt_documents.parquet""), IDS = .../checkmark_target_ids.txt, DETAILS = .../checkmark_target_selection.json; :14-20 define the label and canonical/non-canonical checkbox regexes.","VERDICT CHANGED FROM DROPPED. DROPPED requires evidence that removal was a deliberate decision; none exists for any .v1/scratch/ file. The v2 roadmap's tool reorganization (section 1.5, four tiers) never names a scratch/ file: its enumeration covers only defs/text/reflow/tools/, phases/025_webpage_storage/tools|testing/ and root scripts/ (v2_refactor_roadmap.md:284, :298-337), and the only `scratch` hits in the whole document are :288 (describing v1's cross-directory scratch-file dependency) and :515 (the vendored scratch/edgartools inspection). The repository treats scratch/ as experiment output, not source: .gitignore:7 is `**/scratch/**` under the comment ""Scratch experiment outputs (probes, fixtures, generated parquet)"", and phase_2.md:82 calls its own generator `scratch/derive_seed_fixtures.py` ""gitignored"". So these files were never migration candidates, and their absence from v2 is not a purge anyone decided on. This verdict is the same rule already applied to the four sibling .v1/scripts/ rows: a documented relocation/consolidation whose target does not exist in v2 is unbuilt work, not removed work, so the verdict is NOT_STARTED. This file: a corpus-selection helper feeding the sibling cover-checkbox investigations (probe_mixed_checkmarks.py) and their shared artifacts (checkmark_target_ids.txt / checkmark_target_corpus.parquet / checkmark_target_selection.json). The three absolute /home/denny paths make it non-portable by construction, so it was never a library surface even in v1; cover checkmark handling is v1 defs/sec_forms/cover with no v2 module, so nothing was adopted. The regexes it defines are selection heuristics, not a normalisation contract.",W10
.v1/scripts/compress_partition_db.py,332,script,,,,NOT_STARTED,,"v2_refactor_roadmap.md:328 ""│   └── (Database Vacuuming)  # Absorbed into pipeline CLI: python -m pipelines.document_storage.cli vacuum"" and :378 ""`scripts/compress_partition_db.py` & `scripts/prune_chunk_blobs.py` → Consolidated natively into the storage pipeline CLI (`python -m pipelines.document_storage.cli vacuum`), eliminating loose scripts."" TREE CHECK: no `edgar_sec/pipelines/document_storage/` package exists; there is no `tools/` or `scripts/` directory at the repo root either; `grep -rni ""vacuum"" edgar_sec/` -> 0 hits. Script docstring (:1-5): ""Parallel utility to compress uncompressed payloads in SQLite partition and chunk databases in-place. Compresses raw or normalized payloads using the canonical thread-local compress_payload() across all worker chunk databases (.db) and finalized partition databases (.sqlite) in parallel, followed by WAL checkpointing and VACUUM to reclaim disk pages.""","TREE/ROADMAP DISAGREEMENT: the stated absorbing target does not exist. Roadmap section 7 states Stages 4-6 ""have not started"" and document_storage is deferred to Phase 2.5, so there is no `pipelines.document_storage.cli vacuum` into which this capability could have been consolidated. The loose script is therefore gone while the promised consolidation is unexecuted -- NOT_STARTED, not DROPPED, which would assert a purge the roadmap does not state. Unported behaviour: is_compressed (ZSTD magic-header detection) and compress_single_database (in-place zstd of normalized_payloads/raw_payload, WAL checkpoint, VACUUM, threaded across .db and .sqlite files) with per-database reclaimed-byte accounting; the script also dynamically imports `phases.025_webpage_storage.core.schemas` for the canonical compress_payload, making it Phase 2.5-only. v2's storage engine is DuckDB plus zstd-as-a-parquet-codec (edgar_sec/infra/storage/parquet.py), which is a different storage spine, not a replacement for in-place SQLite compression.",W10
.v1/scripts/diagnose_stuck_chunk.py,319,script,,,,NOT_STARTED,,"v2_refactor_roadmap.md:327 ""│   ├── diagnose_chunk.py  # SQLite chunk deadlock & worker probe (from scripts/diagnose_stuck_chunk.py)"" and :377 ""`scripts/diagnose_stuck_chunk.py` → `tools/ops/diagnose_chunk.py`. Inspects SQLite chunk locks, process IDs, and uncommitted transactions to identify hung workers."" TREE CHECK: no `tools/` directory exists at the repo root; no v2 module profiles or locks SQLite chunk databases (v2 has no SQLite backend at all). Script docstring (:1-12): ""Profile unfinished Phase 025 documents from one chunk ... Each candidate is processed in a fresh subprocess. A bad document therefore cannot contaminate the next candidate or the diagnostic parent process."" Imports sqlite3, resource, cProfile, pstats, subprocess directly (:14-26).","TREE/ROADMAP DISAGREEMENT, the same shape as monitor_progress.py: section 1.5 commits a RELOCATION to tools/ops/diagnose_chunk.py, and that destination is absent, so the responsibility is unbuilt rather than purged. DROPPED would assert a deliberate removal the document does not state. The entire subject matter is the Phase 2.5 worker chunk database, which v2 has not migrated. Two structural notes for Phase 2.5: the script imports sqlite3 and resource directly and re-runs each candidate document in a fresh subprocess under cProfile with an RSS ceiling, so a faithful v2 port could not be a plain driver-level module -- the direct storage import would violate v2's five-layer contract outside infra/storage (AGENTS.md section 1.1) and would need a resource-bounded driver under engine/ or pipelines/.",W10
.v1/scripts/migrate_http_cache_json_ttl.py,153,script,.v1/defs/tests/test_sec_http_cache_migration.py,,,DROPPED,,"v2_refactor_roadmap.md:381 ""**Legacy Migrations**: `migrate_http_cache_json_ttl.py` and `migrate_submission_metadata_snapshot.py` were temporary one-off scripts created during early schema transitions. They have no place in production v2 and will be safely deleted."" The file is named twice: :331 in the section 1.5 tree under ""└── [PURGED / DEPRECATED]  # [TIER 4] Dead Code Elimination"" with the comment ""Obsolete one-off HTTP cache migration"". TREE CHECK: no `scripts/` directory exists at the repo root, so the purge was executed. Script docstring (:1-4): ""One-shot migration for the SEC HTTP response cache freshness column. This script upgrades an existing ``responses.sqlite`` without fetching any URLs. It is rollout tooling, not a runtime migration framework.""","DROPPED is supported by a phase record that names this exact file and states the disposition, and the tree confirms it was carried out -- a documented, executed purge, not an inference from absence. The purge was independently correct: v2 creates the column the migration adds -- `expires_at TEXT` in the url_responses DDL (edgar_sec/infra/sec_http/cache.py:98) -- and enforces freshness at write time via _expires_at (cache.py:47, :145) and read time via _is_expired (cache.py:63, :128), so no rollout migration is needed in a fresh-schema v2. FINDING: this is the only file in W10's scope with a v1 unit test -- .v1/defs/tests/test_sec_http_cache_migration.py:6 does `from scripts.migrate_http_cache_json_ttl import migrate` and builds a pre-migration responses.sqlite fixture -- so the Tier 4 purge took that test with it (AddColumn/AlterTable at :21-24). That is correct for v2 (which has no migration framework to test), but the v1 test's loss is why v1_tests is non-empty on a DROPPED row here and empty on the other. The v2 behaviour this targeted is covered only indirectly, by tests/infra/sec_http/test_cache.py.",W10
.v1/scripts/migrate_submission_metadata_snapshot.py,478,script,,,,DROPPED,,"v2_refactor_roadmap.md:381 ""**Legacy Migrations**: `migrate_http_cache_json_ttl.py` and `migrate_submission_metadata_snapshot.py` were temporary one-off scripts created during early schema transitions. They have no place in production v2 and will be safely deleted."" Named again at :332 in the section 1.5 tree under ""[PURGED / DEPRECATED]  # [TIER 4] Dead Code Elimination"" as ""Obsolete one-off submission metadata migration"". Script docstring (:2): ""One-off migration script from singular submission_metadata.parquet to S0 snapshot.""","DROPPED on the same named Tier 4 record, and the absence of a root scripts/ directory confirms execution. The pre-snapshot layout it migrates FROM never existed in v2: snapshot and pointer publication is native via edgar_sec/foundation/runtime/paths.py (SNAPSHOTS_DIR, current_pointer_path, plan_dir) and edgar_sec/pipelines/metadata_sync/manifest.py, so there was nothing to migrate even in principle. Second-largest file in scope (478 loc) with no v1 test (v1_tests empty). MATERIAL CAVEAT FOR PHASE 2.5: unlike the other purged script, the reshape this file encoded -- singular v1 parquet -> shard + S0 snapshot + manifest, with DuckDB resource profiling (:29 derive_resources) -- is NOT reconstructible from the v2 tree, because v2 never had the source layout. The purge is correctly stated and correctly executed, but this script is the only record of the v1 -> snapshot reshape, so it is history worth preserving for 2.5 planning even though it is not code to port. (Roadmap section 1.4 already declares the Phase 01 registry/normalizer materialization Built in v2.)",W10
.v1/scripts/monitor_progress.py,592,script,,,,NOT_STARTED,,"v2_refactor_roadmap.md:326 ""│   ├── monitor.py  # Real-time curses/rich terminal progress UI (from scripts/monitor_progress.py)"" and :376 ""`scripts/monitor_progress.py` → `tools/ops/monitor.py` (also exposed via root `python run.py monitor`). Provides rich real-time visual tracking of partition completion, worker throughput, and broker token-bucket pacing."" TREE CHECK: no `tools/` directory exists; `grep -rni ""vacuum|monitor|diagnose"" edgar_sec/ --include=*.py` -> 0 hits; root run.py:16 ENTRIES has exactly 2 ids (metadata, filing-catalog), so the promised `python run.py monitor` entry does not exist either. Script docstring (:1-6): ""Live progress monitor for Phase 2.5 Webpage Storage runs. Polls active worker SQLite databases in read-only mode to display real-time ingestion counts, database disk usage, rolling throughput (docs/s), tqdm progress, estimated time to completion (ETA), and per-chunk worker status.""","TREE/ROADMAP DISAGREEMENT. Section 1.5 states a RELOCATION, not a purge, and neither the destination (tools/ops/monitor.py) nor the promised `python run.py monitor` entry exists in v2 -- so this is unbuilt Tier 3 work, and DROPPED would be the wrong verdict. The nearest v2 module, edgar_sec/foundation/runtime/progress.py (100 loc), is a per-run tqdm callback adapter (emit_progress, make_tqdm_callback) -- a display concern, not this cross-process read-only SQLite polling dashboard with rolling docs/s, ETA and disk accounting across .db/-wal/-shm files. Naming it as the port would be topical adjacency. It also depends on defs.sec_http.broker_cli (_broker_paths, _read_registry, _socket_alive, imported at :32) for broker token-bucket state, and v2's sec_http has no broker client at all. Largest single file in W10's scope at 592 loc and the largest unported item in the whole workstream.",W10
.v1/scripts/prune_chunk_blobs.py,326,script,,,,NOT_STARTED,,"v2_refactor_roadmap.md:378 ""`scripts/compress_partition_db.py` & `scripts/prune_chunk_blobs.py` → Consolidated natively into the storage pipeline CLI (`python -m pipelines.document_storage.cli vacuum`), eliminating loose scripts"" (also :328 ""(Database Vacuuming) # Absorbed into pipeline CLI: python -m pipelines.document_storage.cli vacuum""). TREE CHECK: no `edgar_sec/pipelines/document_storage/` package exists, and no v2 module performs content-addressed blob pruning or disk reclamation (`grep -rn ""document_blobs"" edgar_sec/` -> 0 hits). Script docstring (:1-6): ""Prune duplicate raw blobs from Phase 2.5 Webpage Storage SQLite databases. Zeros out `document_blobs.raw_payload` (setting it to NULL) while preserving all metadata (doc_id, accession, byte_size, raw_payload_sha256) and all normalized_documents. Reclaims physical disk space using SQLite VACUUM.""","TREE/ROADMAP DISAGREEMENT, identical to compress_partition_db.py, and the two share a single roadmap line, so they get the same verdict: the stated absorber (pipelines.document_storage.cli vacuum) is not in the tree, so the disposition is unexecuted rather than executed. Unported behaviour: prune_sqlite_database nulls document_blobs.raw_payload for content-addressed duplicates while preserving doc_id, accession, byte_size, raw_payload_sha256 and every normalized_documents row, then reclaims the space with VACUUM; find_target_databases walks the run/partition tree to locate candidates. v2 has no document_blobs table and no Phase 2.5 chunk store at all, so both the data model and the reclamation path are unmigrated -- and notably, this content-addressed dedup-by-nulling pattern is a Phase 2.5 storage design question, not a v2 carry-over.",W10
